round,match_id,home_team,away_team,score_final_dom,score_final_ext,nb_buts_total,nb_buts_dom,nb_buts_ext,victoire,cycle
1,73367240,Algeria,Tanzania,2,0,2,2,0,dom,1
1,73367242,Angola,Cameroon,2,0,2,2,0,dom,1
1,73367241,Botswana,Benin,1,0,1,1,0,dom,1
1,73367238,Equatorial Guinea,Burkina Faso,1,2,3,1,2,ext,1
1,73367235,Gabon,Zambia,1,2,3,1,2,ext,1
1,73367237,Ivory Coast,Egypt,0,1,1,0,1,ext,1
1,73367233,Morocco,Zimbabwe,2,0,2,2,0,dom,1
1,73367234,Mozambique,Mali,0,0,0,0,0,nul,1
1,73367232,Senegal,Sudan,3,0,3,3,0,dom,1
1,73367236,South Africa,Nigeria,1,0,1,1,0,dom,1
1,73367239,Tunisia,DR Congo,1,0,1,1,0,dom,1
1,73367231,Uganda,Comoros,1,0,1,1,0,dom,1
2,73353886,Angola,Egypt,0,1,1,0,1,ext,1
2,73353877,DR Congo,Sudan,1,0,1,1,0,dom,1
2,73353880,Equatorial Guinea,Algeria,0,1,1,0,1,ext,1
2,73353883,Gabon,Ivory Coast,0,0,0,0,0,nul,1
2,73353878,Mali,Burkina Faso,2,0,2,2,0,dom,1
2,73353887,Morocco,Comoros,3,0,3,3,0,dom,1
2,73353879,Mozambique,Cameroon,0,1,1,0,1,ext,1
2,73353888,South Africa,Senegal,1,0,1,1,0,dom,1
2,73353881,Tanzania,Benin,0,0,0,0,0,nul,1
2,73353884,Uganda,Tunisia,0,0,0,0,0,nul,1
2,73353882,Zambia,Nigeria,0,1,1,0,1,ext,1
2,73353885,Zimbabwe,Botswana,1,0,1,1,0,dom,1
3,73353890,Algeria,Comoros,4,0,4,4,0,dom,1
3,73353892,Benin,Zambia,3,2,5,3,2,dom,1
3,73353889,Botswana,Angola,0,0,0,0,0,nul,1
3,73353893,Burkina Faso,Morocco,0,1,1,0,1,ext,1
3,73353895,Cameroon,Equatorial Guinea,3,0,3,3,0,dom,1
3,73353894,Egypt,Mozambique,0,0,0,0,0,nul,1
3,73353900,Ivory Coast,Zimbabwe,0,0,0,0,0,nul,1
3,73353896,Nigeria,South Africa,1,0,1,1,0,dom,1
3,73353898,Senegal,Uganda,3,0,3,3,0,dom,1
3,73353899,Sudan,Mali,0,3,3,0,3,ext,1
3,73353891,Tanzania,Gabon,1,2,3,1,2,ext,1
3,73353897,Tunisia,DR Congo,0,0,0,0,0,nul,1
4,73353908,Algeria,Burkina Faso,5,0,5,5,0,dom,1
4,73353910,Angola,Ivory Coast,2,0,2,2,0,dom,1
4,73353903,Comoros,Cameroon,1,0,1,1,0,dom,1
4,73353905,DR Congo,Senegal,0,0,0,0,0,nul,1
4,73353911,Equatorial Guinea,Egypt,1,2,3,1,2,ext,1
4,73353912,Gabon,Benin,1,0,1,1,0,dom,1
4,73353906,Mali,Tunisia,0,0,0,0,0,nul,1
4,73353907,Morocco,Sudan,3,0,3,3,0,dom,1
4,73353909,Mozambique,Botswana,0,0,0,0,0,nul,1
4,73353901,South Africa,Zambia,3,1,4,3,1,dom,1
4,73353904,Uganda,Nigeria,0,0,0,0,0,nul,1
4,73353902,Zimbabwe,Tanzania,1,1,2,1,1,nul,1
5,73348894,Angola,Mali,0,0,0,0,0,nul,1
5,73348892,Benin,Uganda,0,1,1,0,1,ext,1
5,73348896,Botswana,Sudan,2,0,2,2,0,dom,1
5,73348890,Burkina Faso,Ivory Coast,0,1,1,0,1,ext,1
5,73348889,Comoros,Senegal,0,0,0,0,0,nul,1
5,73348897,DR Congo,Nigeria,0,1,1,0,1,ext,1
5,73348891,Egypt,Zambia,4,0,4,4,0,dom,1
5,73348895,Equatorial Guinea,Algeria,2,1,3,2,1,dom,1
5,73348898,Gabon,Zimbabwe,1,1,2,1,1,nul,1
5,73348887,Mozambique,Morocco,1,3,4,1,3,ext,1
5,73348888,Tanzania,South Africa,0,1,1,0,1,ext,1
5,73348893,Tunisia,Cameroon,2,0,2,2,0,dom,1
6,73348905,Algeria,DR Congo,6,0,6,6,0,dom,1
6,73348906,Cameroon,Equatorial Guinea,0,1,1,0,1,ext,1
6,73348908,Ivory Coast,Botswana,0,1,1,0,1,ext,1
6,73348901,Mali,Morocco,0,0,0,0,0,nul,1
6,73348903,Nigeria,Tanzania,0,0,0,0,0,nul,1
6,73348907,Senegal,Egypt,0,0,0,0,0,nul,1
6,73348910,South Africa,Burkina Faso,0,0,0,0,0,nul,1
6,73348904,Sudan,Mozambique,0,1,1,0,1,ext,1
6,73348902,Tunisia,Comoros,2,0,2,2,0,dom,1
6,73348899,Uganda,Gabon,0,0,0,0,0,nul,1
6,73348909,Zambia,Benin,0,0,0,0,0,nul,1
6,73348900,Zimbabwe,Angola,0,0,0,0,0,nul,1
7,73353946,Benin,Uganda,0,0,0,0,0,nul,1
7,73353942,Botswana,Burkina Faso,0,0,0,0,0,nul,1
7,73353943,Egypt,Sudan,4,0,4,4,0,dom,1
7,73353938,Gabon,Mozambique,5,1,6,5,1,dom,1
7,73353940,Ivory Coast,Comoros,1,0,1,1,0,dom,1
7,73353941,Nigeria,Morocco,5,1,6,5,1,dom,1
7,73353945,Senegal,Algeria,1,0,1,1,0,dom,1
7,73353944,South Africa,DR Congo,2,1,3,2,1,dom,1
7,73353947,Tanzania,Equatorial Guinea,2,0,2,2,0,dom,1
7,73353948,Tunisia,Cameroon,1,1,2,1,1,nul,1
7,73353939,Zambia,Mali,0,2,2,0,2,ext,1
7,73353937,Zimbabwe,Angola,1,0,1,1,0,dom,1
8,73353956,Algeria,Nigeria,2,0,2,2,0,dom,1
8,73353955,Angola,Benin,3,0,3,3,0,dom,1
8,73353958,Burkina Faso,Ivory Coast,0,1,1,0,1,ext,1
8,73353960,Cameroon,Senegal,0,0,0,0,0,nul,1
8,73353950,Comoros,Tanzania,0,1,1,0,1,ext,1
8,73353951,DR Congo,Uganda,2,1,3,2,1,dom,1
8,73353959,Egypt,Tunisia,1,0,1,1,0,dom,1
8,73353954,Equatorial Guinea,Gabon,0,1,1,0,1,ext,1
8,73353952,Mali,South Africa,3,1,4,3,1,dom,1
8,73353949,Morocco,Zambia,3,1,4,3,1,dom,1
8,73353957,Mozambique,Zimbabwe,0,0,0,0,0,nul,1
8,73353953,Sudan,Botswana,0,1,1,0,1,ext,1
9,73353969,Angola,Mozambique,0,0,0,0,0,nul,1
9,73353965,Benin,DR Congo,0,3,3,0,3,ext,1
9,73353966,Botswana,Tunisia,0,1,1,0,1,ext,1
9,73353972,Gabon,Comoros,0,2,2,0,2,ext,1
9,73353967,Ivory Coast,Sudan,1,0,1,1,0,dom,1
9,73353971,Nigeria,Cameroon,1,0,1,1,0,dom,1
9,73353963,Senegal,Egypt,2,0,2,2,0,dom,1
9,73353968,South Africa,Morocco,1,1,2,1,1,nul,1
9,73353962,Tanzania,Burkina Faso,0,0,0,0,0,nul,1
9,73353961,Uganda,Mali,0,0,0,0,0,nul,1
9,73353964,Zambia,Algeria,1,1,2,1,1,nul,1
9,73353970,Zimbabwe,Equatorial Guinea,5,1,6,5,1,dom,1
10,73353981,Algeria,South Africa,0,2,2,0,2,ext,1
10,73353974,Botswana,Senegal,0,0,0,0,0,nul,1
10,73353976,Burkina Faso,Gabon,0,2,2,0,2,ext,1
10,73353977,Cameroon,Zambia,0,1,1,0,1,ext,1
10,73353983,Comoros,Zimbabwe,1,0,1,1,0,dom,1
10,73353980,Egypt,Nigeria,0,2,2,0,2,ext,1
10,73353984,Equatorial Guinea,Angola,0,0,0,0,0,nul,1
10,73353979,Mali,DR Congo,0,0,0,0,0,nul,1
10,73353982,Morocco,Uganda,3,2,5,3,2,dom,1
10,73353975,Mozambique,Benin,0,0,0,0,0,nul,1
10,73353978,Sudan,Tanzania,2,1,3,2,1,dom,1
10,73353973,Tunisia,Ivory Coast,0,0,0,0,0,nul,1
11,73353989,Angola,Comoros,0,0,0,0,0,nul,1
11,73353993,Benin,Mali,0,0,0,0,0,nul,1
11,73353991,DR Congo,Morocco,0,4,4,0,4,ext,1
11,73353986,Gabon,Sudan,0,0,0,0,0,nul,1
11,73353988,Ivory Coast,Senegal,0,0,0,0,0,nul,1
11,73353985,Mozambique,Equatorial Guinea,0,0,0,0,0,nul,1
11,73353995,Nigeria,Botswana,3,0,3,3,0,dom,1
11,73353992,South Africa,Cameroon,1,0,1,1,0,dom,1
11,73353990,Tanzania,Tunisia,0,0,0,0,0,nul,1
11,73353996,Uganda,Algeria,0,0,0,0,0,nul,1
11,73353987,Zambia,Egypt,3,0,3,3,0,dom,1
11,73353994,Zimbabwe,Burkina Faso,3,0,3,3,0,dom,1
12,73354008,Algeria,DR Congo,1,0,1,1,0,dom,1
12,73354000,Botswana,Zambia,1,3,4,1,3,ext,1
12,73353999,Burkina Faso,Angola,1,1,2,1,1,nul,1
12,73354003,Cameroon,Uganda,4,0,4,4,0,dom,1
12,73353997,Comoros,Mozambique,1,1,2,1,1,nul,1
12,73354005,Egypt,South Africa,0,2,2,0,2,ext,1
12,73354007,Equatorial Guinea,Benin,0,0,0,0,0,nul,1
12,73354002,Ivory Coast,Nigeria,0,1,1,0,1,ext,1
12,73354004,Morocco,Mali,0,1,1,0,1,ext,1
12,73354001,Senegal,Tanzania,4,0,4,4,0,dom,1
12,73353998,Sudan,Zimbabwe,1,2,3,1,2,ext,1
12,73354006,Tunisia,Gabon,0,1,1,0,1,ext,1
13,73354018,Angola,Sudan,2,1,3,2,1,dom,1
13,73354016,Benin,Morocco,1,2,3,1,2,ext,1
13,73354019,DR Congo,Cameroon,0,0,0,0,0,nul,1
13,73354020,Equatorial Guinea,Comoros,0,1,1,0,1,ext,1
13,73354012,Gabon,Senegal,0,1,1,0,1,ext,1
13,73354010,Mali,Algeria,0,0,0,0,0,nul,1
13,73354013,Mozambique,Burkina Faso,4,1,5,4,1,dom,1
13,73354011,South Africa,Botswana,0,0,0,0,0,nul,1
13,73354015,Tanzania,Nigeria,1,0,1,1,0,dom,1
13,73354017,Uganda,Egypt,1,1,2,1,1,nul,1
13,73354009,Zambia,Ivory Coast,0,1,1,0,1,ext,1
13,73354014,Zimbabwe,Tunisia,2,0,2,2,0,dom,1
14,73354024,Algeria,Morocco,1,1,2,1,1,nul,1
14,73354022,Botswana,Uganda,1,0,1,1,0,dom,1
14,73354027,Burkina Faso,Equatorial Guinea,0,1,1,0,1,ext,1
14,73354029,Cameroon,Mali,3,1,4,3,1,dom,1
14,73354026,Comoros,Benin,2,1,3,2,1,dom,1
14,73354021,Egypt,DR Congo,1,1,2,1,1,nul,1
14,73354025,Ivory Coast,South Africa,1,1,2,1,1,nul,1
14,73354023,Nigeria,Gabon,1,1,2,1,1,nul,1
14,73354028,Senegal,Zimbabwe,0,0,0,0,0,nul,1
14,73354032,Sudan,Mozambique,0,0,0,0,0,nul,1
14,73354031,Tanzania,Zambia,0,0,0,0,0,nul,1
14,73354030,Tunisia,Angola,0,0,0,0,0,nul,1
15,73354037,Angola,Senegal,0,0,0,0,0,nul,1
15,73354041,Benin,Algeria,1,1,2,1,1,nul,1
15,73354044,Comoros,Burkina Faso,1,1,2,1,1,nul,1
15,73354040,DR Congo,Botswana,0,0,0,0,0,nul,1
15,73354035,Equatorial Guinea,Sudan,1,0,1,1,0,dom,1
15,73354042,Gabon,Zambia,1,1,2,1,1,nul,1
15,73354043,Mali,Egypt,1,0,1,1,0,dom,1
15,73354034,Morocco,Cameroon,2,0,2,2,0,dom,1
15,73354038,Mozambique,Tunisia,1,1,2,1,1,nul,1
15,73354039,South Africa,Tanzania,0,0,0,0,0,nul,1
15,73354033,Uganda,Ivory Coast,0,0,0,0,0,nul,1
15,73354036,Zimbabwe,Nigeria,1,0,1,1,0,dom,1
16,73354050,Botswana,Mali,1,1,2,1,1,nul,1
16,73354049,Burkina Faso,Benin,2,1,3,2,1,dom,1
16,73354047,Cameroon,Algeria,1,0,1,1,0,dom,1
16,73354048,Egypt,Morocco,0,2,2,0,2,ext,1
16,73354056,Gabon,South Africa,0,0,0,0,0,nul,1
16,73354054,Ivory Coast,DR Congo,1,1,2,1,1,nul,1
16,73354053,Nigeria,Angola,0,0,0,0,0,nul,1
16,73354055,Senegal,Mozambique,1,3,4,1,3,ext,1
16,73354045,Sudan,Comoros,4,0,4,4,0,dom,1
16,73354051,Tanzania,Uganda,1,0,1,1,0,dom,1
16,73354052,Tunisia,Equatorial Guinea,4,0,4,4,0,dom,1
16,73354046,Zambia,Zimbabwe,1,0,1,1,0,dom,1
17,73354063,Algeria,Egypt,2,1,3,2,1,dom,1
17,73354067,Angola,Zambia,0,0,0,0,0,nul,1
17,73354062,Benin,Cameroon,2,2,4,2,2,nul,1
17,73354068,Burkina Faso,Sudan,2,1,3,2,1,dom,1
17,73354059,Comoros,Tunisia,1,0,1,1,0,dom,1
17,73354057,DR Congo,Tanzania,1,0,1,1,0,dom,1
17,73354064,Equatorial Guinea,Senegal,0,1,1,0,1,ext,1
17,73354058,Mali,Ivory Coast,2,0,2,2,0,dom,1
17,73354065,Morocco,Botswana,0,0,0,0,0,nul,1
17,73354060,Mozambique,Nigeria,0,3,3,0,3,ext,1
17,73354061,Uganda,Gabon,1,1,2,1,1,nul,1
17,73354066,Zimbabwe,South Africa,0,1,1,0,1,ext,1
18,73354071,Botswana,Algeria,0,0,0,0,0,nul,1
18,73354075,Egypt,Cameroon,1,2,3,1,2,ext,1
18,73354079,Gabon,DR Congo,1,0,1,1,0,dom,1
18,73354076,Ivory Coast,Morocco,1,0,1,1,0,dom,1
18,73354078,Nigeria,Equatorial Guinea,0,0,0,0,0,nul,1
18,73354073,Senegal,Comoros,1,2,3,1,2,ext,1
18,73354072,South Africa,Angola,1,0,1,1,0,dom,1
18,73354070,Sudan,Benin,0,0,0,0,0,nul,1
18,73354074,Tanzania,Mali,0,0,0,0,0,nul,1
18,73354069,Tunisia,Burkina Faso,0,1,1,0,1,ext,1
18,73354077,Zambia,Mozambique,0,3,3,0,3,ext,1
18,73354080,Zimbabwe,Uganda,0,0,0,0,0,nul,1
19,73354081,Algeria,Ivory Coast,3,0,3,3,0,dom,1
19,73354089,Angola,Uganda,4,0,4,4,0,dom,1
19,73354084,Benin,Egypt,0,0,0,0,0,nul,1
19,73354085,Burkina Faso,Senegal,0,1,1,0,1,ext,1
19,73354091,Cameroon,Botswana,3,0,3,3,0,dom,1
19,73354083,Comoros,Nigeria,1,1,2,1,1,nul,1
19,73354086,DR Congo,Zimbabwe,0,0,0,0,0,nul,1
19,73354087,Equatorial Guinea,Zambia,1,0,1,1,0,dom,1
19,73354092,Mali,Gabon,1,0,1,1,0,dom,1
19,73354082,Morocco,Tanzania,5,0,5,5,0,dom,1
19,73354090,Mozambique,South Africa,2,1,3,2,1,dom,1
19,73354088,Sudan,Tunisia,0,0,0,0,0,nul,1
20,73354093,Angola,DR Congo,1,1,2,1,1,nul,1
20,73354100,Botswana,Egypt,1,4,5,1,4,ext,1
20,73354097,Gabon,Morocco,0,3,3,0,3,ext,1
20,73354102,Ivory Coast,Cameroon,1,0,1,1,0,dom,1
20,73354104,Nigeria,Burkina Faso,0,0,0,0,0,nul,1
20,73354096,Senegal,Sudan,1,0,1,1,0,dom,1
20,73354101,South Africa,Equatorial Guinea,3,1,4,3,1,dom,1
20,73354099,Tanzania,Algeria,0,1,1,0,1,ext,1
20,73354103,Tunisia,Benin,3,0,3,3,0,dom,1
20,73354098,Uganda,Mozambique,2,1,3,2,1,dom,1
20,73354095,Zambia,Comoros,0,1,1,0,1,ext,1
20,73354094,Zimbabwe,Mali,0,0,0,0,0,nul,1
21,73349083,Algeria,Morocco,2,0,2,2,0,dom,1
21,73349080,Cameroon,Angola,1,0,1,1,0,dom,1
21,73349084,Comoros,Gabon,1,0,1,1,0,dom,1
21,73349082,Egypt,Benin,2,0,2,2,0,dom,1
21,73349081,Equatorial Guinea,Tanzania,0,2,2,0,2,ext,1
21,73349088,Mozambique,DR Congo,0,0,0,0,0,nul,1
21,73349090,Nigeria,Mali,0,0,0,0,0,nul,1
21,73349086,Senegal,Botswana,2,0,2,2,0,dom,1
21,73349089,South Africa,Zimbabwe,2,1,3,2,1,dom,1
21,73349085,Tunisia,Burkina Faso,5,0,5,5,0,dom,1
21,73349087,Uganda,Ivory Coast,2,0,2,2,0,dom,1
21,73349079,Zambia,Sudan,0,0,0,0,0,nul,1
22,73349095,Angola,Comoros,0,0,0,0,0,nul,1
22,73349097,Benin,Mozambique,0,3,3,0,3,ext,1
22,73349093,Botswana,Tunisia,0,0,0,0,0,nul,1
22,73349091,Burkina Faso,Equatorial Guinea,6,0,6,6,0,dom,1
22,73349099,Gabon,Egypt,0,4,4,0,4,ext,1
22,73349102,Ivory Coast,Zambia,1,0,1,1,0,dom,1
22,73349098,Mali,Algeria,1,0,1,1,0,dom,1
22,73349100,Morocco,Cameroon,2,1,3,2,1,dom,1
22,73349094,South Africa,Uganda,1,0,1,1,0,dom,1
22,73349101,Sudan,Senegal,0,2,2,0,2,ext,1
22,73349096,Tanzania,DR Congo,0,0,0,0,0,nul,1
22,73349092,Zimbabwe,Nigeria,1,1,2,1,1,nul,1
23,73349103,Algeria,Zimbabwe,1,0,1,1,0,dom,1
23,73349112,Benin,Gabon,1,3,4,1,3,ext,1
23,73349106,Cameroon,Mali,1,0,1,1,0,dom,1
23,73349110,Comoros,Morocco,1,0,1,1,0,dom,1
23,73349113,DR Congo,Burkina Faso,0,2,2,0,2,ext,1
23,73349111,Egypt,Angola,2,0,2,2,0,dom,1
23,73349109,Equatorial Guinea,Botswana,0,0,0,0,0,nul,1
23,73349108,Mozambique,Tanzania,0,0,0,0,0,nul,1
23,73349107,Nigeria,Uganda,0,0,0,0,0,nul,1
23,73349114,Senegal,Ivory Coast,1,2,3,1,2,ext,1
23,73349104,Tunisia,Sudan,0,1,1,0,1,ext,1
23,73349105,Zambia,South Africa,2,0,2,2,0,dom,1
24,73349125,Angola,Benin,4,1,5,4,1,dom,1
24,73349124,Botswana,DR Congo,0,0,0,0,0,nul,1
24,73349117,Burkina Faso,Tanzania,1,0,1,1,0,dom,1
24,73349116,Gabon,Mozambique,2,0,2,2,0,dom,1
24,73349119,Ivory Coast,Tunisia,1,0,1,1,0,dom,1
24,73349126,Mali,Comoros,0,1,1,0,1,ext,1
24,73349120,Morocco,Egypt,4,0,4,4,0,dom,1
24,73349121,Nigeria,Zambia,0,0,0,0,0,nul,1
24,73349115,South Africa,Senegal,0,1,1,0,1,ext,1
24,73349123,Sudan,Equatorial Guinea,0,0,0,0,0,nul,1
24,73349118,Uganda,Algeria,0,0,0,0,0,nul,1
24,73349122,Zimbabwe,Cameroon,1,0,1,1,0,dom,1
25,73349128,Algeria,Zambia,3,1,4,3,1,dom,1
25,73349135,Benin,Morocco,0,2,2,0,2,ext,1
25,73349127,Cameroon,Uganda,1,1,2,1,1,nul,1
25,73349134,Comoros,Zimbabwe,1,0,1,1,0,dom,1
25,73349136,DR Congo,Sudan,2,0,2,2,0,dom,1
25,73349137,Egypt,Mali,0,0,0,0,0,nul,1
25,73349129,Equatorial Guinea,Ivory Coast,1,0,1,1,0,dom,1
25,73349133,Gabon,Angola,0,4,4,0,4,ext,1
25,73349131,Mozambique,Burkina Faso,0,0,0,0,0,nul,1
25,73349130,Senegal,Nigeria,0,0,0,0,0,nul,1
25,73349138,Tanzania,Botswana,0,1,1,0,1,ext,1
25,73349132,Tunisia,South Africa,3,1,4,3,1,dom,1
26,73361320,Algeria,DR Congo,1,0,1,1,0,dom,1
26,73361321,Angola,Comoros,1,2,3,1,2,ext,1
26,73361316,Benin,Morocco,1,0,1,1,0,dom,1
26,73361319,Burkina Faso,Cameroon,1,0,1,1,0,dom,1
26,73361327,Egypt,Botswana,5,0,5,5,0,dom,1
26,73361322,Gabon,Tanzania,1,1,2,1,1,nul,1
26,73361317,Mali,Equatorial Guinea,1,0,1,1,0,dom,1
26,73361318,Nigeria,Tunisia,4,0,4,4,0,dom,1
26,73361326,Senegal,South Africa,1,0,1,1,0,dom,1
26,73361325,Sudan,Uganda,1,0,1,1,0,dom,1
26,73361323,Zambia,Mozambique,0,0,0,0,0,nul,1
26,73361324,Zimbabwe,Ivory Coast,0,1,1,0,1,ext,1
27,73349154,Angola,Morocco,0,0,0,0,0,nul,1
27,73349157,Benin,Zimbabwe,1,0,1,1,0,dom,1
27,73349159,Burkina Faso,Sudan,3,0,3,3,0,dom,1
27,73349160,Cameroon,Senegal,3,0,3,3,0,dom,1
27,73349151,Comoros,Zambia,1,0,1,1,0,dom,1
27,73349158,DR Congo,South Africa,0,2,2,0,2,ext,1
27,73349162,Egypt,Uganda,0,0,0,0,0,nul,1
27,73349152,Equatorial Guinea,Nigeria,0,0,0,0,0,nul,1
27,73349161,Gabon,Mali,0,2,2,0,2,ext,1
27,73349155,Mozambique,Botswana,1,2,3,1,2,ext,1
27,73349156,Tanzania,Ivory Coast,0,0,0,0,0,nul,1
27,73349153,Tunisia,Algeria,1,0,1,1,0,dom,1
28,73349171,Algeria,Equatorial Guinea,5,0,5,5,0,dom,1
28,73349169,Cameroon,Tunisia,0,0,0,0,0,nul,1
28,73349166,Ivory Coast,Burkina Faso,4,0,4,4,0,dom,1
28,73349170,Mali,Angola,1,0,1,1,0,dom,1
28,73349163,Morocco,Mozambique,1,1,2,1,1,nul,1
28,73349173,Nigeria,DR Congo,0,0,0,0,0,nul,1
28,73349165,Senegal,Comoros,0,0,0,0,0,nul,1
28,73349164,South Africa,Tanzania,1,2,3,1,2,ext,1
28,73349172,Sudan,Botswana,0,0,0,0,0,nul,1
28,73349168,Uganda,Benin,1,1,2,1,1,nul,1
28,73349167,Zambia,Egypt,0,2,2,0,2,ext,1
28,73349174,Zimbabwe,Gabon,1,0,1,1,0,dom,1
29,73349176,Angola,Zimbabwe,1,1,2,1,1,nul,1
29,73349185,Benin,Zambia,1,1,2,1,1,nul,1
29,73349184,Botswana,Ivory Coast,0,0,0,0,0,nul,1
29,73349186,Burkina Faso,South Africa,0,2,2,0,2,ext,1
29,73349178,Comoros,Tunisia,0,0,0,0,0,nul,1
29,73349181,DR Congo,Algeria,0,1,1,0,1,ext,1
29,73349183,Egypt,Senegal,1,1,2,1,1,nul,1
29,73349182,Equatorial Guinea,Cameroon,0,0,0,0,0,nul,1
29,73349175,Gabon,Uganda,2,1,3,2,1,dom,1
29,73349177,Morocco,Mali,1,0,1,1,0,dom,1
29,73349180,Mozambique,Sudan,1,0,1,1,0,dom,1
29,73349179,Tanzania,Nigeria,0,1,1,0,1,ext,1
30,73349194,Algeria,Tanzania,1,1,2,1,1,nul,1
30,73349188,Cameroon,DR Congo,0,0,0,0,0,nul,1
30,73349191,Comoros,Equatorial Guinea,0,1,1,0,1,ext,1
30,73349197,Ivory Coast,Sudan,0,0,0,0,0,nul,1
30,73349193,Mali,Mozambique,1,1,2,1,1,nul,1
30,73349189,Nigeria,Burkina Faso,4,0,4,4,0,dom,1
30,73349187,Senegal,Benin,0,0,0,0,0,nul,1
30,73349195,South Africa,Botswana,0,2,2,0,2,ext,1
30,73349192,Tunisia,Egypt,0,0,0,0,0,nul,1
30,73349198,Uganda,Angola,0,0,0,0,0,nul,1
30,73349196,Zambia,Gabon,0,0,0,0,0,nul,1
30,73349190,Zimbabwe,Morocco,1,1,2,1,1,nul,1
31,73349205,Angola,Zambia,3,0,3,3,0,dom,1
31,73349201,Benin,Tunisia,4,2,6,4,2,dom,1
31,73349207,Botswana,Nigeria,0,4,4,0,4,ext,1
31,73349204,Burkina Faso,Algeria,2,3,5,2,3,ext,1
31,73349200,DR Congo,Comoros,1,2,3,1,2,ext,1
31,73349210,Egypt,Equatorial Guinea,4,0,4,4,0,dom,1
31,73349203,Gabon,Senegal,0,0,0,0,0,nul,1
31,73349208,Mali,Zimbabwe,2,0,2,2,0,dom,1
31,73349206,Morocco,Uganda,3,0,3,3,0,dom,1
31,73349209,Mozambique,Ivory Coast,0,0,0,0,0,nul,1
31,73349202,Sudan,South Africa,2,2,4,2,2,nul,1
31,73349199,Tanzania,Cameroon,2,0,2,2,0,dom,1
32,73349218,Algeria,Botswana,4,1,5,4,1,dom,1
32,73349219,Cameroon,Burkina Faso,4,0,4,4,0,dom,1
32,73349213,Comoros,Tanzania,0,1,1,0,1,ext,1
32,73349214,Egypt,DR Congo,1,1,2,1,1,nul,1
32,73349222,Equatorial Guinea,Benin,0,0,0,0,0,nul,1
32,73349221,Nigeria,Sudan,1,0,1,1,0,dom,1
32,73349215,Senegal,Angola,3,0,3,3,0,dom,1
32,73349216,South Africa,Ivory Coast,4,0,4,4,0,dom,1
32,73349212,Tunisia,Gabon,1,0,1,1,0,dom,1
32,73349217,Uganda,Mali,1,1,2,1,1,nul,1
32,73349220,Zambia,Morocco,1,1,2,1,1,nul,1
32,73349211,Zimbabwe,Mozambique,0,1,1,0,1,ext,1
33,73349224,Angola,Tunisia,0,0,0,0,0,nul,1
33,73349232,Benin,DR Congo,0,1,1,0,1,ext,1
33,73349223,Botswana,Cameroon,1,1,2,1,1,nul,1
33,73349230,Burkina Faso,Comoros,2,1,3,2,1,dom,1
33,73349228,Gabon,Equatorial Guinea,0,2,2,0,2,ext,1
33,73349227,Ivory Coast,Nigeria,2,2,4,2,2,nul,1
33,73349229,Mali,Zambia,2,0,2,2,0,dom,1
33,73349233,Morocco,Senegal,3,0,3,3,0,dom,1
33,73349226,Mozambique,South Africa,0,1,1,0,1,ext,1
33,73349225,Sudan,Algeria,0,0,0,0,0,nul,1
33,73349231,Tanzania,Egypt,0,0,0,0,0,nul,1
33,73349234,Zimbabwe,Uganda,0,0,0,0,0,nul,1
34,73349245,Algeria,Ivory Coast,3,0,3,3,0,dom,1
34,73349239,Benin,Tanzania,0,0,0,0,0,nul,1
34,73349241,Cameroon,Sudan,4,0,4,4,0,dom,1
34,73349236,Comoros,Botswana,0,0,0,0,0,nul,1
34,73349238,DR Congo,Gabon,2,0,2,2,0,dom,1
34,73349237,Egypt,Burkina Faso,4,0,4,4,0,dom,1
34,73349243,Equatorial Guinea,Angola,1,1,2,1,1,nul,1
34,73349244,Nigeria,South Africa,1,2,3,1,2,ext,1
34,73349240,Senegal,Mali,1,0,1,1,0,dom,1
34,73349235,Tunisia,Morocco,1,0,1,1,0,dom,1
34,73349246,Uganda,Mozambique,0,1,1,0,1,ext,1
34,73349242,Zambia,Zimbabwe,0,0,0,0,0,nul,1
35,73349253,Angola,DR Congo,2,1,3,2,1,dom,1
35,73349258,Botswana,Egypt,1,0,1,1,0,dom,1
35,73349247,Burkina Faso,Benin,0,0,0,0,0,nul,1
35,73349248,Gabon,Tanzania,3,0,3,3,0,dom,1
35,73349252,Ivory Coast,Cameroon,2,1,3,2,1,dom,1
35,73349254,Mali,Tunisia,0,0,0,0,0,nul,1
35,73349250,Morocco,Equatorial Guinea,0,2,2,0,2,ext,1
35,73349257,Mozambique,Nigeria,2,0,2,2,0,dom,1
35,73349256,South Africa,Algeria,0,1,1,0,1,ext,1
35,73349251,Sudan,Comoros,1,2,3,1,2,ext,1
35,73349255,Uganda,Zambia,1,1,2,1,1,nul,1
35,73349249,Zimbabwe,Senegal,0,0,0,0,0,nul,1
36,73349270,Algeria,Nigeria,0,0,0,0,0,nul,1
36,73349268,Benin,Botswana,1,0,1,1,0,dom,1
36,73349260,Cameroon,South Africa,2,1,3,2,1,dom,1
36,73349265,Comoros,Ivory Coast,0,1,1,0,1,ext,1
36,73349266,DR Congo,Morocco,0,2,2,0,2,ext,1
36,73349264,Egypt,Sudan,5,0,5,5,0,dom,1
36,73349267,Equatorial Guinea,Mali,1,1,2,1,1,nul,1
36,73349269,Gabon,Burkina Faso,0,1,1,0,1,ext,1
36,73349263,Senegal,Uganda,2,0,2,2,0,dom,1
36,73349259,Tanzania,Angola,1,0,1,1,0,dom,1
36,73349261,Tunisia,Zimbabwe,1,1,2,1,1,nul,1
36,73349262,Zambia,Mozambique,1,0,1,1,0,dom,1
37,73349280,Angola,Burkina Faso,2,1,3,2,1,dom,1
37,73349275,Botswana,Gabon,2,1,3,2,1,dom,1
37,73349279,Ivory Coast,Egypt,2,1,3,2,1,dom,1
37,73349281,Mali,DR Congo,3,1,4,3,1,dom,1
37,73349282,Morocco,Tanzania,3,1,4,3,1,dom,1
37,73349274,Mozambique,Algeria,0,0,0,0,0,nul,1
37,73349277,Nigeria,Cameroon,0,4,4,0,4,ext,1
37,73349272,South Africa,Comoros,3,1,4,3,1,dom,1
37,73349276,Sudan,Benin,1,2,3,1,2,ext,1
37,73349271,Uganda,Tunisia,3,1,4,3,1,dom,1
37,73349278,Zambia,Senegal,1,1,2,1,1,nul,1
37,73349273,Zimbabwe,Equatorial Guinea,2,2,4,2,2,nul,1
38,73349289,Angola,Botswana,0,1,1,0,1,ext,1
38,73349284,Benin,Ivory Coast,1,1,2,1,1,nul,1
38,73349287,Burkina Faso,Morocco,1,2,3,1,2,ext,1
38,73349283,Cameroon,Algeria,1,1,2,1,1,nul,1
38,73349290,Comoros,Nigeria,2,1,3,2,1,dom,1
38,73349292,DR Congo,Zimbabwe,1,1,2,1,1,nul,1
38,73349285,Egypt,South Africa,2,1,3,2,1,dom,1
38,73349294,Equatorial Guinea,Uganda,1,0,1,1,0,dom,1
38,73349293,Gabon,Sudan,0,0,0,0,0,nul,1
38,73349286,Senegal,Mozambique,1,1,2,1,1,nul,1
38,73349291,Tanzania,Mali,1,0,1,1,0,dom,1
38,73349288,Tunisia,Zambia,1,4,5,1,4,ext,1
39,73349299,Algeria,Comoros,2,0,2,2,0,dom,1
39,73349298,Ivory Coast,Gabon,2,0,2,2,0,dom,1
39,73349306,Mali,Burkina Faso,0,0,0,0,0,nul,1
39,73349301,Morocco,Botswana,3,1,4,3,1,dom,1
39,73349303,Mozambique,Cameroon,1,2,3,1,2,ext,1
39,73349304,Nigeria,Egypt,0,0,0,0,0,nul,1
39,73349305,Senegal,Tunisia,0,0,0,0,0,nul,1
39,73349297,South Africa,Benin,3,0,3,3,0,dom,1
39,73349302,Sudan,Angola,1,0,1,1,0,dom,1
39,73349295,Uganda,DR Congo,0,0,0,0,0,nul,1
39,73349300,Zambia,Equatorial Guinea,4,1,5,4,1,dom,1
39,73349296,Zimbabwe,Tanzania,1,1,2,1,1,nul,1
40,73349309,Angola,Ivory Coast,1,1,2,1,1,nul,1
40,73349312,Benin,Nigeria,0,2,2,0,2,ext,1
40,73349315,Botswana,Mali,0,1,1,0,1,ext,1
40,73349317,Burkina Faso,Zimbabwe,0,1,1,0,1,ext,1
40,73349311,Comoros,Cameroon,0,0,0,0,0,nul,1
40,73349314,DR Congo,Zambia,0,0,0,0,0,nul,1
40,73349308,Egypt,Algeria,1,0,1,1,0,dom,1
40,73349310,Equatorial Guinea,Senegal,0,1,1,0,1,ext,1
40,73349313,Gabon,South Africa,0,4,4,0,4,ext,1
40,73349318,Morocco,Sudan,0,2,2,0,2,ext,1
40,73349307,Tanzania,Uganda,0,1,1,0,1,ext,1
40,73349316,Tunisia,Mozambique,0,1,1,0,1,ext,1
41,73349330,Algeria,Benin,4,0,4,4,0,dom,1
41,73349320,Cameroon,Egypt,0,1,1,0,1,ext,1
41,73349323,Ivory Coast,Morocco,0,0,0,0,0,nul,1
41,73349328,Mali,Sudan,4,0,4,4,0,dom,1
41,73349329,Mozambique,Comoros,1,1,2,1,1,nul,1
41,73349321,Nigeria,Gabon,0,0,0,0,0,nul,1
41,73349327,Senegal,DR Congo,0,0,0,0,0,nul,1
41,73349322,South Africa,Angola,1,0,1,1,0,dom,1
41,73349319,Tunisia,Equatorial Guinea,4,1,5,4,1,dom,1
41,73349325,Uganda,Burkina Faso,0,0,0,0,0,nul,1
41,73349326,Zambia,Tanzania,1,0,1,1,0,dom,1
41,73349324,Zimbabwe,Botswana,1,1,2,1,1,nul,1
42,73349332,Angola,Nigeria,0,0,0,0,0,nul,1
42,73349333,Benin,Cameroon,3,0,3,3,0,dom,1
42,73349339,Botswana,Uganda,0,4,4,0,4,ext,1
42,73349335,Burkina Faso,Zambia,0,0,0,0,0,nul,1
42,73349340,DR Congo,Tunisia,0,0,0,0,0,nul,1
42,73349342,Egypt,Comoros,2,0,2,2,0,dom,1
42,73349337,Equatorial Guinea,Mozambique,1,4,5,1,4,ext,1
42,73349331,Gabon,Algeria,0,3,3,0,3,ext,1
42,73349336,Mali,Ivory Coast,1,0,1,1,0,dom,1
42,73349334,Morocco,South Africa,3,0,3,3,0,dom,1
42,73349341,Sudan,Zimbabwe,2,1,3,2,1,dom,1
42,73349338,Tanzania,Senegal,0,0,0,0,0,nul,1
43,73349348,Algeria,Angola,0,0,0,0,0,nul,1
43,73349346,Cameroon,Gabon,1,2,3,1,2,ext,1
43,73349343,Comoros,Benin,0,0,0,0,0,nul,1
43,73349344,Equatorial Guinea,DR Congo,1,0,1,1,0,dom,1
43,73349345,Mozambique,Egypt,1,1,2,1,1,nul,1
43,73349347,Nigeria,Morocco,3,1,4,3,1,dom,1
43,73349354,Senegal,Burkina Faso,0,0,0,0,0,nul,1
43,73349349,South Africa,Mali,1,0,1,1,0,dom,1
43,73349350,Tunisia,Tanzania,1,0,1,1,0,dom,1
43,73349352,Uganda,Sudan,0,0,0,0,0,nul,1
43,73349351,Zambia,Botswana,0,0,0,0,0,nul,1
43,73349353,Zimbabwe,Ivory Coast,1,1,2,1,1,nul,1
44,73349356,Angola,Cameroon,1,0,1,1,0,dom,1
44,73349358,Benin,Egypt,3,1,4,3,1,dom,1
44,73349362,Botswana,Senegal,4,0,4,4,0,dom,1
44,73349361,Burkina Faso,Tunisia,1,2,3,1,2,ext,1
44,73349364,DR Congo,Mozambique,3,1,4,3,1,dom,1
44,73349360,Gabon,Comoros,3,0,3,3,0,dom,1
44,73349363,Ivory Coast,Uganda,0,0,0,0,0,nul,1
44,73349366,Mali,Nigeria,0,1,1,0,1,ext,1
44,73349359,Morocco,Algeria,1,1,2,1,1,nul,1
44,73349355,Sudan,Zambia,0,0,0,0,0,nul,1
44,73349357,Tanzania,Equatorial Guinea,0,0,0,0,0,nul,1
44,73349365,Zimbabwe,South Africa,2,1,3,2,1,dom,1
45,73349374,Algeria,Mali,2,0,2,2,0,dom,1
45,73349376,Cameroon,Morocco,4,0,4,4,0,dom,1
45,73349371,Comoros,Angola,0,0,0,0,0,nul,1
45,73349372,DR Congo,Tanzania,1,1,2,1,1,nul,1
45,73349375,Egypt,Gabon,3,0,3,3,0,dom,1
45,73349367,Equatorial Guinea,Burkina Faso,3,0,3,3,0,dom,1
45,73349373,Mozambique,Benin,0,0,0,0,0,nul,1
45,73349368,Nigeria,Zimbabwe,0,0,0,0,0,nul,1
45,73349377,Senegal,Sudan,6,0,6,6,0,dom,1
45,73349369,Tunisia,Botswana,1,1,2,1,1,nul,1
45,73349370,Uganda,South Africa,1,3,4,1,3,ext,1
45,73349378,Zambia,Ivory Coast,0,0,0,0,0,nul,1
76,73430964,Tanzania,Gabon,1,1,2,1,1,nul,2
76,73430965,Morocco,Equatorial Guinea,5,0,5,5,0,dom,2
76,73430966,Uganda,Zambia,0,2,2,0,2,ext,2
76,73430967,Zimbabwe,Botswana,0,1,1,0,1,ext,2
76,73430968,Comoros,Ivory Coast,1,0,1,1,0,dom,2
76,73430969,Sudan,Mali,0,0,0,0,0,nul,2
76,73430970,Burkina Faso,Cameroon,1,1,2,1,1,nul,2
76,73430971,Tunisia,Angola,0,0,0,0,0,nul,2
76,73430972,South Africa,Nigeria,2,0,2,2,0,dom,2
76,73430973,Egypt,Senegal,0,0,0,0,0,nul,2
76,73430974,DR Congo,Benin,3,0,3,3,0,dom,2
76,73430975,Algeria,Mozambique,0,2,2,0,2,ext,2
46,73437102,Mozambique,Cameroon,2,0,2,2,0,dom,2
46,73437103,Comoros,South Africa,2,1,3,2,1,dom,2
46,73437104,Zambia,Tunisia,0,0,0,0,0,nul,2
46,73437105,Burkina Faso,Angola,0,0,0,0,0,nul,2
46,73437106,Egypt,Algeria,1,1,2,1,1,nul,2
46,73437107,Uganda,Benin,0,3,3,0,3,ext,2
46,73437108,Sudan,Nigeria,2,0,2,2,0,dom,2
46,73437109,Equatorial Guinea,Zimbabwe,2,0,2,2,0,dom,2
46,73437110,Ivory Coast,DR Congo,0,3,3,0,3,ext,2
46,73437111,Tanzania,Gabon,1,0,1,1,0,dom,2
46,73437112,Morocco,Botswana,0,0,0,0,0,nul,2
46,73437113,Mali,Senegal,1,0,1,1,0,dom,2
47,73437114,South Africa,Zambia,2,1,3,2,1,dom,2
47,73437115,Tunisia,Burkina Faso,0,0,0,0,0,nul,2
47,73437116,Botswana,Mali,0,0,0,0,0,nul,2
47,73437117,DR Congo,Uganda,2,0,2,2,0,dom,2
47,73437118,Equatorial Guinea,Tanzania,2,1,3,2,1,dom,2
47,73437119,Nigeria,Egypt,3,0,3,3,0,dom,2
47,73437120,Zimbabwe,Comoros,2,1,3,2,1,dom,2
47,73437121,Senegal,Ivory Coast,0,0,0,0,0,nul,2
47,73437122,Benin,Algeria,1,0,1,1,0,dom,2
47,73437123,Angola,Mozambique,2,1,3,2,1,dom,2
47,73437124,Gabon,Morocco,4,0,4,4,0,dom,2
47,73437125,Cameroon,Sudan,4,0,4,4,0,dom,2
48,73437126,Morocco,Equatorial Guinea,0,0,0,0,0,nul,2
48,73437127,Uganda,Senegal,0,2,2,0,2,ext,2
48,73437128,Ivory Coast,Botswana,1,2,3,1,2,ext,2
48,73437129,Zambia,Zimbabwe,1,2,3,1,2,ext,2
48,73437130,Sudan,Angola,0,0,0,0,0,nul,2
48,73437131,Egypt,Benin,3,0,3,3,0,dom,2
48,73437132,Comoros,Tanzania,2,0,2,2,0,dom,2
48,73437133,Mali,Gabon,0,0,0,0,0,nul,2
48,73437134,Burkina Faso,South Africa,0,1,1,0,1,ext,2
48,73437135,Algeria,DR Congo,2,1,3,2,1,dom,2
48,73437136,Mozambique,Tunisia,0,0,0,0,0,nul,2
48,73437137,Nigeria,Cameroon,2,0,2,2,0,dom,2
49,73437138,Zimbabwe,Burkina Faso,4,1,5,4,1,dom,2
49,73437139,Senegal,Algeria,1,1,2,1,1,nul,2
49,73437140,Gabon,Ivory Coast,1,3,4,1,3,ext,2
49,73437141,DR Congo,Benin,4,0,4,4,0,dom,2
49,73437142,Angola,Nigeria,1,0,1,1,0,dom,2
49,73437143,South Africa,Mozambique,2,1,3,2,1,dom,2
49,73437144,Tunisia,Sudan,2,2,4,2,2,nul,2
49,73437145,Botswana,Uganda,4,0,4,4,0,dom,2
49,73437146,Equatorial Guinea,Mali,0,1,1,0,1,ext,2
50,73437150,Cameroon,Angola,3,1,4,3,1,dom,2
50,73437151,Benin,Senegal,4,0,4,4,0,dom,2
50,73437152,Algeria,Botswana,1,2,3,1,2,ext,2
50,73437153,Mozambique,Zimbabwe,1,0,1,1,0,dom,2
50,73437154,Zambia,Morocco,1,1,2,1,1,nul,2
50,73437155,Nigeria,Tunisia,0,0,0,0,0,nul,2
50,73437156,Uganda,Gabon,0,0,0,0,0,nul,2
50,73437157,Burkina Faso,Tanzania,1,1,2,1,1,nul,2
50,73437158,Sudan,South Africa,1,1,2,1,1,nul,2
50,73437159,Mali,Comoros,0,1,1,0,1,ext,2
50,73437160,Egypt,DR Congo,1,1,2,1,1,nul,2
50,73437161,Ivory Coast,Equatorial Guinea,5,0,5,5,0,dom,2
51,73437162,Zambia,Mali,0,0,0,0,0,nul,2
51,73437163,Tunisia,Cameroon,0,0,0,0,0,nul,2
51,73437164,Senegal,DR Congo,0,0,0,0,0,nul,2
51,73437165,South Africa,Nigeria,2,0,2,2,0,dom,2
51,73437166,Angola,Egypt,0,0,0,0,0,nul,2
51,73437167,Zimbabwe,Sudan,0,1,1,0,1,ext,2
51,73437168,Botswana,Benin,6,0,6,6,0,dom,2
51,73437169,Morocco,Burkina Faso,0,1,1,0,1,ext,2
51,73437170,Gabon,Algeria,0,0,0,0,0,nul,2
51,73437171,Tanzania,Mozambique,0,1,1,0,1,ext,2
51,73437172,Equatorial Guinea,Uganda,0,0,0,0,0,nul,2
51,73437173,Comoros,Ivory Coast,0,0,0,0,0,nul,2
52,73437174,Mozambique,Morocco,1,0,1,1,0,dom,2
52,73437175,Cameroon,South Africa,5,1,6,5,1,dom,2
52,73437176,DR Congo,Botswana,0,2,2,0,2,ext,2
52,73437177,Burkina Faso,Mali,1,0,1,1,0,dom,2
52,73437178,Nigeria,Zimbabwe,5,1,6,5,1,dom,2
52,73437179,Angola,Tunisia,0,0,0,0,0,nul,2
52,73437180,Algeria,Equatorial Guinea,4,0,4,4,0,dom,2
52,73437181,Uganda,Comoros,2,1,3,2,1,dom,2
52,73437182,Ivory Coast,Zambia,1,0,1,1,0,dom,2
52,73437183,Egypt,Senegal,0,0,0,0,0,nul,2
52,73437184,Benin,Gabon,2,0,2,2,0,dom,2
52,73437185,Sudan,Tanzania,1,1,2,1,1,nul,2
53,73437186,South Africa,Angola,0,0,0,0,0,nul,2
53,73437187,Morocco,Sudan,0,3,3,0,3,ext,2
53,73437188,Gabon,DR Congo,1,0,1,1,0,dom,2
53,73437190,Equatorial Guinea,Benin,0,0,0,0,0,nul,2
53,73437191,Mali,Mozambique,0,0,0,0,0,nul,2
53,73437192,Botswana,Senegal,2,4,6,2,4,ext,2
53,73437193,Comoros,Algeria,0,0,0,0,0,nul,2
53,73437194,Tanzania,Nigeria,1,1,2,1,1,nul,2
53,73437195,Zimbabwe,Cameroon,0,0,0,0,0,nul,2
53,73437196,Zambia,Uganda,0,0,0,0,0,nul,2
53,73437197,Tunisia,Egypt,3,0,3,3,0,dom,2
54,73437198,Algeria,Zambia,4,0,4,4,0,dom,2
54,73437199,Uganda,Burkina Faso,0,1,1,0,1,ext,2
54,73437200,Cameroon,Tanzania,1,0,1,1,0,dom,2
54,73437201,Sudan,Mali,1,0,1,1,0,dom,2
54,73437202,Egypt,Botswana,1,0,1,1,0,dom,2
54,73437203,Nigeria,Morocco,2,0,2,2,0,dom,2
54,73437204,DR Congo,Equatorial Guinea,1,1,2,1,1,nul,2
54,73437205,Tunisia,South Africa,0,0,0,0,0,nul,2
54,73437206,Senegal,Gabon,2,0,2,2,0,dom,2
54,73437207,Benin,Comoros,2,0,2,2,0,dom,2
54,73437208,Angola,Zimbabwe,2,0,2,2,0,dom,2
54,73437209,Mozambique,Ivory Coast,1,1,2,1,1,nul,2
55,73437210,Equatorial Guinea,Senegal,2,1,3,2,1,dom,2
55,73437211,Ivory Coast,Sudan,0,1,1,0,1,ext,2
55,73437212,Gabon,Botswana,0,3,3,0,3,ext,2
55,73437213,Morocco,Cameroon,1,0,1,1,0,dom,2
55,73437214,Burkina Faso,Algeria,0,3,3,0,3,ext,2
55,73437215,Comoros,DR Congo,0,1,1,0,1,ext,2
55,73437216,Mozambique,Uganda,1,0,1,1,0,dom,2
55,73437217,Mali,Nigeria,0,1,1,0,1,ext,2
55,73437218,Tanzania,Angola,0,3,3,0,3,ext,2
55,73437219,Zambia,Benin,1,1,2,1,1,nul,2
55,73437220,South Africa,Egypt,2,0,2,2,0,dom,2
55,73437221,Zimbabwe,Tunisia,0,0,0,0,0,nul,2
56,73437222,Benin,Burkina Faso,1,1,2,1,1,nul,2
56,73437223,Cameroon,Mali,0,2,2,0,2,ext,2
56,73437224,Botswana,Equatorial Guinea,3,0,3,3,0,dom,2
56,73437225,DR Congo,Zambia,1,1,2,1,1,nul,2
56,73437226,Algeria,Mozambique,3,0,3,3,0,dom,2
56,73437227,South Africa,Zimbabwe,0,1,1,0,1,ext,2
56,73437228,Angola,Morocco,1,0,1,1,0,dom,2
56,73437229,Egypt,Gabon,1,0,1,1,0,dom,2
56,73437230,Senegal,Comoros,4,0,4,4,0,dom,2
56,73437231,Tunisia,Tanzania,0,0,0,0,0,nul,2
56,73437232,Nigeria,Ivory Coast,0,0,0,0,0,nul,2
56,73437233,Sudan,Uganda,1,0,1,1,0,dom,2
57,73437234,Equatorial Guinea,Gabon,1,1,2,1,1,nul,2
57,73437235,Burkina Faso,DR Congo,1,2,3,1,2,ext,2
57,73437236,Ivory Coast,Cameroon,1,1,2,1,1,nul,2
57,73437237,Comoros,Botswana,1,3,4,1,3,ext,2
57,73437238,Tanzania,South Africa,4,0,4,4,0,dom,2
57,73437239,Uganda,Nigeria,0,1,1,0,1,ext,2
57,73437240,Morocco,Tunisia,4,0,4,4,0,dom,2
57,73437241,Zimbabwe,Egypt,0,1,1,0,1,ext,2
57,73437242,Zambia,Senegal,0,2,2,0,2,ext,2
57,73437243,Mali,Angola,0,1,1,0,1,ext,2
57,73437244,Mozambique,Benin,0,0,0,0,0,nul,2
57,73437245,Sudan,Algeria,1,0,1,1,0,dom,2
58,73437246,Gabon,Comoros,0,0,0,0,0,nul,2
58,73437247,Angola,Ivory Coast,0,0,0,0,0,nul,2
58,73437248,Egypt,Equatorial Guinea,4,1,5,4,1,dom,2
58,73437249,DR Congo,Mozambique,1,2,3,1,2,ext,2
58,73437250,Nigeria,Algeria,0,0,0,0,0,nul,2
58,73437251,Senegal,Burkina Faso,1,1,2,1,1,nul,2
58,73437252,Botswana,Zambia,1,3,4,1,3,ext,2
58,73437253,South Africa,Morocco,1,0,1,1,0,dom,2
58,73437254,Benin,Sudan,2,0,2,2,0,dom,2
58,73437255,Cameroon,Uganda,1,2,3,1,2,ext,2
58,73437256,Tunisia,Mali,3,0,3,3,0,dom,2
58,73437257,Zimbabwe,Tanzania,1,1,2,1,1,nul,2
59,73437258,Morocco,Zimbabwe,1,1,2,1,1,nul,2
59,73437259,Tanzania,Egypt,1,0,1,1,0,dom,2
59,73437260,Algeria,Cameroon,1,1,2,1,1,nul,2
59,73437261,Uganda,Angola,1,1,2,1,1,nul,2
59,73437262,Mali,South Africa,1,1,2,1,1,nul,2
59,73437263,Mozambique,Senegal,2,1,3,2,1,dom,2
59,73437264,Comoros,Equatorial Guinea,0,1,1,0,1,ext,2
59,73437265,Burkina Faso,Botswana,0,0,0,0,0,nul,2
59,73437266,Nigeria,Benin,3,1,4,3,1,dom,2
59,73437267,Ivory Coast,Tunisia,0,0,0,0,0,nul,2
59,73437268,Zambia,Gabon,0,0,0,0,0,nul,2
59,73437269,Sudan,DR Congo,0,0,0,0,0,nul,2
60,73437270,Tunisia,Uganda,1,0,1,1,0,dom,2
60,73437271,Senegal,Sudan,1,0,1,1,0,dom,2
60,73437272,Egypt,Comoros,0,1,1,0,1,ext,2
60,73437273,DR Congo,Nigeria,2,0,2,2,0,dom,2
60,73437274,South Africa,Ivory Coast,0,1,1,0,1,ext,2
60,73437275,Tanzania,Morocco,0,0,0,0,0,nul,2
60,73437276,Angola,Algeria,0,1,1,0,1,ext,2
60,73437277,Equatorial Guinea,Zambia,2,0,2,2,0,dom,2
60,73437278,Gabon,Burkina Faso,3,0,3,3,0,dom,2
60,73437279,Botswana,Mozambique,1,1,2,1,1,nul,2
60,73437280,Zimbabwe,Mali,2,1,3,2,1,dom,2
60,73437281,Cameroon,Benin,0,0,0,0,0,nul,2
61,73437282,Morocco,Egypt,0,1,1,0,1,ext,2
61,73437283,Benin,Angola,2,0,2,2,0,dom,2
61,73437284,Mozambique,Gabon,3,1,4,3,1,dom,2
61,73437285,Burkina Faso,Equatorial Guinea,3,1,4,3,1,dom,2
61,73437286,Ivory Coast,Zimbabwe,0,0,0,0,0,nul,2
61,73437287,Nigeria,Senegal,0,0,0,0,0,nul,2
61,73437288,Cameroon,DR Congo,0,0,0,0,0,nul,2
61,73437289,Sudan,Botswana,0,2,2,0,2,ext,2
61,73437290,Zambia,Comoros,0,2,2,0,2,ext,2
61,73437291,Algeria,Tunisia,0,1,1,0,1,ext,2
61,73437292,Uganda,South Africa,0,1,1,0,1,ext,2
61,73437293,Mali,Tanzania,3,0,3,3,0,dom,2
77,73430976,Ivory Coast,DR Congo,0,1,1,0,1,ext,2
77,73430977,Nigeria,Uganda,0,0,0,0,0,nul,2
77,73430978,Gabon,Egypt,0,0,0,0,0,nul,2
77,73430979,Cameroon,Tanzania,1,0,1,1,0,dom,2
77,73430980,Benin,Algeria,0,0,0,0,0,nul,2
77,73430981,Botswana,Senegal,0,1,1,0,1,ext,2
77,73430982,Mali,Zimbabwe,4,0,4,4,0,dom,2
77,73430983,Equatorial Guinea,Burkina Faso,0,0,0,0,0,nul,2
77,73430984,Mozambique,Morocco,0,0,0,0,0,nul,2
77,73430985,Zambia,Tunisia,0,1,1,0,1,ext,2
77,73430986,Angola,Sudan,0,3,3,0,3,ext,2
77,73430987,Comoros,South Africa,0,1,1,0,1,ext,2
78,73430988,Gabon,Cameroon,0,0,0,0,0,nul,2
78,73430989,Algeria,Ivory Coast,0,2,2,0,2,ext,2
78,73430990,Senegal,Mali,1,0,1,1,0,dom,2
78,73430991,Zimbabwe,Angola,1,0,1,1,0,dom,2
78,73430992,Uganda,Comoros,1,0,1,1,0,dom,2
78,73430993,Morocco,Benin,4,0,4,4,0,dom,2
78,73430994,Burkina Faso,Mozambique,0,0,0,0,0,nul,2
78,73430995,Sudan,Zambia,0,0,0,0,0,nul,2
78,73430996,Egypt,Botswana,0,0,0,0,0,nul,2
78,73430997,Tanzania,Equatorial Guinea,0,0,0,0,0,nul,2
78,73430998,Tunisia,Nigeria,0,0,0,0,0,nul,2
78,73430999,DR Congo,South Africa,0,0,0,0,0,nul,2
79,73431000,Comoros,Tunisia,0,0,0,0,0,nul,2
79,73431001,Mali,Botswana,1,1,2,1,1,nul,2
79,73431002,Equatorial Guinea,Gabon,0,5,5,0,5,ext,2
79,73431003,Angola,Senegal,0,0,0,0,0,nul,2
79,73431004,Nigeria,Sudan,1,0,1,1,0,dom,2
79,73431005,Cameroon,Egypt,2,3,5,2,3,ext,2
79,73431007,South Africa,Algeria,4,2,6,4,2,dom,2
79,73431008,DR Congo,Uganda,3,2,5,3,2,dom,2
79,73431009,Ivory Coast,Morocco,3,0,3,3,0,dom,2
80,73431012,Tunisia,DR Congo,0,0,0,0,0,nul,2
80,73431013,Burkina Faso,Ivory Coast,3,0,3,3,0,dom,2
80,73431014,Tanzania,Benin,0,0,0,0,0,nul,2
80,73431015,Morocco,South Africa,0,2,2,0,2,ext,2
80,73431016,Senegal,Zambia,1,2,3,1,2,ext,2
80,73431017,Botswana,Angola,2,1,3,2,1,dom,2
80,73431018,Algeria,Uganda,2,1,3,2,1,dom,2
80,73431020,Egypt,Mali,1,1,2,1,1,nul,2
80,73431021,Zimbabwe,Nigeria,0,1,1,0,1,ext,2
80,73431022,Cameroon,Equatorial Guinea,2,0,2,2,0,dom,2
80,73431023,Gabon,Mozambique,1,0,1,1,0,dom,2
81,73431024,Mozambique,Cameroon,0,1,1,0,1,ext,2
81,73431025,Ivory Coast,Tanzania,2,2,4,2,2,nul,2
81,73431026,Zambia,Botswana,0,0,0,0,0,nul,2
81,73431027,Algeria,Tunisia,1,0,1,1,0,dom,2
81,73431028,Comoros,Zimbabwe,2,0,2,2,0,dom,2
81,73431029,DR Congo,Sudan,0,4,4,0,4,ext,2
81,73431030,Equatorial Guinea,Egypt,1,0,1,1,0,dom,2
81,73431031,South Africa,Burkina Faso,2,1,3,2,1,dom,2
81,73431032,Angola,Mali,0,0,0,0,0,nul,2
81,73431033,Benin,Gabon,2,2,4,2,2,nul,2
81,73431034,Uganda,Morocco,1,1,2,1,1,nul,2
81,73431035,Nigeria,Senegal,1,1,2,1,1,nul,2
82,73431036,Gabon,Ivory Coast,1,0,1,1,0,dom,2
82,73431037,Morocco,Tunisia,1,1,2,1,1,nul,2
82,73431038,Tanzania,South Africa,1,0,1,1,0,dom,2
82,73431039,Botswana,Nigeria,1,0,1,1,0,dom,2
82,73431040,Zimbabwe,DR Congo,1,0,1,1,0,dom,2
82,73431041,Equatorial Guinea,Mozambique,2,1,3,2,1,dom,2
82,73431042,Egypt,Angola,1,0,1,1,0,dom,2
82,73431043,Sudan,Algeria,1,1,2,1,1,nul,2
82,73431044,Burkina Faso,Uganda,3,1,4,3,1,dom,2
82,73431045,Mali,Zambia,3,0,3,3,0,dom,2
82,73431046,Senegal,Comoros,2,1,3,2,1,dom,2
82,73431047,Cameroon,Benin,0,1,1,0,1,ext,2
83,73431048,Comoros,Botswana,1,1,2,1,1,nul,2
83,73431049,Uganda,Tanzania,1,1,2,1,1,nul,2
83,73431050,South Africa,Gabon,2,1,3,2,1,dom,2
83,73431051,Benin,Equatorial Guinea,1,1,2,1,1,nul,2
83,73431052,Nigeria,Mali,1,2,3,1,2,ext,2
83,73431053,Tunisia,Burkina Faso,1,4,5,1,4,ext,2
83,73431054,Ivory Coast,Cameroon,0,1,1,0,1,ext,2
83,73431055,Morocco,Sudan,2,1,3,2,1,dom,2
83,73431056,Mozambique,Egypt,1,0,1,1,0,dom,2
83,73431057,DR Congo,Senegal,1,1,2,1,1,nul,2
83,73431058,Zambia,Angola,0,0,0,0,0,nul,2
83,73431059,Algeria,Zimbabwe,1,0,1,1,0,dom,2
84,73431060,Equatorial Guinea,Ivory Coast,0,3,3,0,3,ext,2
84,73431061,Zimbabwe,Morocco,1,0,1,1,0,dom,2
84,73431062,Mozambique,Benin,1,1,2,1,1,nul,2
84,73431063,Botswana,DR Congo,0,1,1,0,1,ext,2
84,73431064,Gabon,Uganda,2,1,3,2,1,dom,2
84,73431065,Tanzania,Tunisia,0,0,0,0,0,nul,2
84,73431066,Mali,Comoros,0,0,0,0,0,nul,2
84,73431067,Egypt,Zambia,0,3,3,0,3,ext,2
84,73431068,Senegal,Algeria,3,1,4,3,1,dom,2
84,73431069,Burkina Faso,Sudan,3,0,3,3,0,dom,2
84,73431070,Cameroon,South Africa,0,1,1,0,1,ext,2
84,73431071,Angola,Nigeria,4,0,4,4,0,dom,2
85,73431072,Benin,Egypt,0,0,0,0,0,nul,2
85,73431073,Ivory Coast,Mozambique,2,0,2,2,0,dom,2
85,73431074,Morocco,Senegal,0,5,5,0,5,ext,2
85,73431075,Tunisia,Gabon,2,1,3,2,1,dom,2
85,73431077,Sudan,Tanzania,1,0,1,1,0,dom,2
85,73431078,Uganda,Cameroon,4,0,4,4,0,dom,2
85,73431079,Nigeria,Zambia,4,0,4,4,0,dom,2
85,73431080,DR Congo,Mali,1,1,2,1,1,nul,2
85,73431081,South Africa,Equatorial Guinea,0,4,4,0,4,ext,2
85,73431082,Comoros,Angola,1,3,4,1,3,ext,2
85,73431083,Algeria,Botswana,1,3,4,1,3,ext,2
86,73431084,Tanzania,Zimbabwe,1,1,2,1,1,nul,2
86,73431085,Egypt,Nigeria,3,0,3,3,0,dom,2
86,73431086,Equatorial Guinea,Uganda,0,0,0,0,0,nul,2
86,73431087,Angola,DR Congo,0,1,1,0,1,ext,2
86,73431088,Senegal,Burkina Faso,0,1,1,0,1,ext,2
86,73431089,Mozambique,South Africa,1,0,1,1,0,dom,2
86,73431090,Benin,Ivory Coast,0,0,0,0,0,nul,2
86,73431091,Cameroon,Tunisia,1,1,2,1,1,nul,2
86,73431092,Mali,Algeria,1,0,1,1,0,dom,2
86,73431093,Botswana,Morocco,0,0,0,0,0,nul,2
86,73431094,Zambia,Comoros,0,0,0,0,0,nul,2
86,73431095,Gabon,Sudan,0,3,3,0,3,ext,2
87,73431096,Ivory Coast,Egypt,2,0,2,2,0,dom,2
87,73431097,Uganda,Mozambique,2,1,3,2,1,dom,2
87,73431098,Sudan,Cameroon,2,2,4,2,2,nul,2
87,73431099,Comoros,Nigeria,3,1,4,3,1,dom,2
87,73431101,Zimbabwe,Gabon,3,0,3,3,0,dom,2
87,73431102,South Africa,Benin,3,0,3,3,0,dom,2
87,73431103,DR Congo,Zambia,0,0,0,0,0,nul,2
87,73431104,Burkina Faso,Botswana,0,0,0,0,0,nul,2
87,73431105,Algeria,Angola,0,0,0,0,0,nul,2
87,73431106,Morocco,Mali,1,2,3,1,2,ext,2
87,73431107,Tunisia,Equatorial Guinea,3,0,3,3,0,dom,2
88,73431108,Benin,Uganda,0,0,0,0,0,nul,2
88,73431109,Nigeria,DR Congo,1,0,1,1,0,dom,2
88,73431110,Mali,Burkina Faso,1,1,2,1,1,nul,2
88,73431111,Botswana,Tanzania,1,2,3,1,2,ext,2
88,73431112,Equatorial Guinea,Sudan,3,1,4,3,1,dom,2
88,73431113,Zambia,Algeria,0,0,0,0,0,nul,2
88,73431114,Ivory Coast,South Africa,1,0,1,1,0,dom,2
88,73431115,Cameroon,Zimbabwe,1,0,1,1,0,dom,2
88,73431116,Mozambique,Tunisia,0,0,0,0,0,nul,2
88,73431117,Egypt,Comoros,0,0,0,0,0,nul,2
88,73431118,Angola,Morocco,1,1,2,1,1,nul,2
88,73431119,Gabon,Senegal,0,0,0,0,0,nul,2
89,73431120,Tunisia,Benin,0,0,0,0,0,nul,2
89,73431121,Uganda,Ivory Coast,1,0,1,1,0,dom,2
89,73431122,Tanzania,Mali,0,0,0,0,0,nul,2
89,73431123,Gabon,Botswana,3,1,4,3,1,dom,2
89,73431124,South Africa,Egypt,1,1,2,1,1,nul,2
89,73431125,Burkina Faso,Angola,3,0,3,3,0,dom,2
89,73431126,Sudan,Mozambique,1,2,3,1,2,ext,2
89,73431127,Zimbabwe,Equatorial Guinea,4,0,4,4,0,dom,2
89,73431128,Algeria,Nigeria,0,0,0,0,0,nul,2
89,73431129,DR Congo,Comoros,3,1,4,3,1,dom,2
89,73431130,Senegal,Cameroon,2,1,3,2,1,dom,2
89,73431131,Morocco,Zambia,0,1,1,0,1,ext,2
90,73431132,Nigeria,Morocco,1,0,1,1,0,dom,2
90,73431133,Angola,Tanzania,0,2,2,0,2,ext,2
90,73431134,Mali,Gabon,0,0,0,0,0,nul,2
90,73431135,South Africa,Uganda,2,0,2,2,0,dom,2
90,73431136,Mozambique,Zimbabwe,0,0,0,0,0,nul,2
90,73431137,Equatorial Guinea,Senegal,0,0,0,0,0,nul,2
90,73431138,Zambia,Burkina Faso,3,0,3,3,0,dom,2
90,73431139,Benin,Sudan,1,1,2,1,1,nul,2
90,73431140,Ivory Coast,Tunisia,2,1,3,2,1,dom,2
90,73431141,Comoros,Algeria,0,0,0,0,0,nul,2
90,73431142,Cameroon,Botswana,0,0,0,0,0,nul,2
90,73431143,Egypt,DR Congo,0,0,0,0,0,nul,2
91,73431144,Burkina Faso,Nigeria,0,1,1,0,1,ext,2
91,73431145,Cameroon,Mali,1,0,1,1,0,dom,2
91,73431146,Algeria,DR Congo,2,0,2,2,0,dom,2
91,73431147,Gabon,Angola,2,0,2,2,0,dom,2
91,73431148,Botswana,Equatorial Guinea,2,0,2,2,0,dom,2
91,73431149,Zimbabwe,Benin,4,1,5,4,1,dom,2
91,73431150,Tunisia,South Africa,3,2,5,3,2,dom,2
91,73431151,Morocco,Comoros,2,0,2,2,0,dom,2
91,73431152,Tanzania,Zambia,0,0,0,0,0,nul,2
91,73431153,Uganda,Egypt,1,1,2,1,1,nul,2
91,73431154,Sudan,Ivory Coast,1,3,4,1,3,ext,2
91,73431155,Senegal,Mozambique,0,0,0,0,0,nul,2
49,73437147,Comoros,Morocco,3,1,4,3,1,dom,2
49,73437148,Tanzania,Zambia,1,3,4,1,3,ext,2
49,73437149,Cameroon,Egypt,2,1,3,2,1,dom,2
79,73431010,Mozambique,Tanzania,0,0,0,0,0,nul,2
79,73431011,Benin,Burkina Faso,1,1,2,1,1,nul,2
62,73437294,Angola,DR Congo,0,0,0,0,0,nul,2
62,73437295,Egypt,Zambia,0,2,2,0,2,ext,2
62,73437296,Botswana,Nigeria,1,1,2,1,1,nul,2
62,73437297,Tanzania,Ivory Coast,5,0,5,5,0,dom,2
62,73437298,Comoros,Burkina Faso,0,0,0,0,0,nul,2
62,73437299,Tunisia,Benin,1,0,1,1,0,dom,2
62,73437300,Zimbabwe,Uganda,1,0,1,1,0,dom,2
62,73437301,Gabon,Sudan,0,2,2,0,2,ext,2
62,73437302,Morocco,Mali,1,0,1,1,0,dom,2
62,73437303,Senegal,Cameroon,0,0,0,0,0,nul,2
62,73437304,Equatorial Guinea,Mozambique,5,0,5,5,0,dom,2
62,73437305,South Africa,Algeria,1,1,2,1,1,nul,2
1,73441664,Zimbabwe,Morocco,2,0,2,2,0,dom
1,73441665,Nigeria,Tanzania,2,1,3,2,1,dom
1,73441666,Egypt,Senegal,0,0,0,0,0,nul
1,73441667,Benin,Mali,0,0,0,0,0,nul
1,73441668,Botswana,Angola,1,1,2,1,1,nul
1,73441669,Sudan,Equatorial Guinea,0,3,3,0,3,ext
1,73441670,Comoros,Cameroon,2,0,2,2,0,dom
1,73441671,South Africa,Ivory Coast,2,0,2,2,0,dom
1,73441672,Algeria,Tunisia,0,3,3,0,3,ext
1,73441673,Uganda,Gabon,1,0,1,1,0,dom
1,73441674,Burkina Faso,DR Congo,0,0,0,0,0,nul
1,73441675,Zambia,Mozambique,1,0,1,1,0,dom
2,73441676,Senegal,Comoros,2,1,3,2,1,dom
2,73441677,Morocco,Botswana,0,0,0,0,0,nul
2,73441678,Ivory Coast,Uganda,0,0,0,0,0,nul
2,73441679,Mali,Sudan,2,0,2,2,0,dom
2,73441680,Tunisia,Gabon,2,1,3,2,1,dom
2,73441681,Equatorial Guinea,Zimbabwe,3,0,3,3,0,dom
2,73441682,Angola,South Africa,2,1,3,2,1,dom
2,73441684,DR Congo,Algeria,1,0,1,1,0,dom
2,73441685,Nigeria,Egypt,2,1,3,2,1,dom
2,73441686,Cameroon,Zambia,4,0,4,4,0,dom
2,73441687,Mozambique,Burkina Faso,4,0,4,4,0,dom
3,73441688,Ivory Coast,Angola,0,0,0,0,0,nul
3,73441689,Gabon,DR Congo,0,2,2,0,2,ext
3,73441690,Botswana,Equatorial Guinea,1,2,3,1,2,ext
3,73441691,Sudan,Tanzania,1,2,3,1,2,ext
3,73441692,Zimbabwe,Mali,0,0,0,0,0,nul
3,73441693,Benin,Egypt,3,0,3,3,0,dom
3,73441694,Algeria,Mozambique,2,0,2,2,0,dom
3,73441695,Uganda,Tunisia,0,0,0,0,0,nul
3,73441696,Burkina Faso,Cameroon,0,1,1,0,1,ext
3,73441697,Zambia,Senegal,2,1,3,2,1,dom
3,73441698,Comoros,Nigeria,0,0,0,0,0,nul
3,73441699,South Africa,Morocco,2,0,2,2,0,dom
4,73441700,Nigeria,Zambia,1,1,2,1,1,nul
4,73441701,Benin,Comoros,1,0,1,1,0,dom
4,73441702,Senegal,Burkina Faso,0,2,2,0,2,ext
4,73441703,Egypt,Sudan,3,1,4,3,1,dom
4,73441704,DR Congo,Tunisia,2,0,2,2,0,dom
4,73441705,Morocco,Ivory Coast,1,0,1,1,0,dom
4,73441706,Equatorial Guinea,South Africa,2,2,4,2,2,nul
4,73441707,Cameroon,Algeria,3,0,3,3,0,dom
4,73441708,Mozambique,Gabon,1,0,1,1,0,dom
4,73441709,Tanzania,Zimbabwe,1,0,1,1,0,dom
4,73441710,Mali,Botswana,0,0,0,0,0,nul
4,73441711,Angola,Uganda,0,0,0,0,0,nul
5,73441712,Angola,Morocco,3,2,5,3,2,dom
5,73441713,Uganda,DR Congo,0,1,1,0,1,ext
5,73441714,Zambia,Benin,0,1,1,0,1,ext
5,73441715,Algeria,Senegal,1,2,3,1,2,ext
5,73441716,Gabon,Cameroon,0,1,1,0,1,ext
5,73441717,Tunisia,Mozambique,1,0,1,1,0,dom
5,73441718,Burkina Faso,Nigeria,0,2,2,0,2,ext
5,73441719,South Africa,Mali,0,0,0,0,0,nul
5,73441720,Zimbabwe,Egypt,0,2,2,0,2,ext
5,73441721,Ivory Coast,Equatorial Guinea,3,0,3,3,0,dom
5,73441722,Sudan,Comoros,0,3,3,0,3,ext
5,73441723,Botswana,Tanzania,0,3,3,0,3,ext
6,73441724,Egypt,Botswana,0,0,0,0,0,nul
6,73441725,Comoros,Zimbabwe,0,0,0,0,0,nul
6,73441726,Benin,Burkina Faso,2,0,2,2,0,dom
6,73441727,Mozambique,DR Congo,0,1,1,0,1,ext
6,73441728,Equatorial Guinea,Angola,0,0,0,0,0,nul
6,73441729,Mali,Ivory Coast,0,0,0,0,0,nul
6,73441730,Tanzania,South Africa,0,0,0,0,0,nul
6,73441731,Cameroon,Tunisia,0,1,1,0,1,ext
6,73441732,Senegal,Gabon,5,0,5,5,0,dom
6,73441733,Sudan,Zambia,0,0,0,0,0,nul
6,73441734,Nigeria,Algeria,1,1,2,1,1,nul
6,73441735,Morocco,Uganda,0,0,0,0,0,nul
17,73437294,Angola,DR Congo,0,0,0,0,0,nul
17,73437295,Egypt,Zambia,0,2,2,0,2,ext
17,73437296,Botswana,Nigeria,1,1,2,1,1,nul
17,73437297,Tanzania,Ivory Coast,5,0,5,5,0,dom
17,73437298,Comoros,Burkina Faso,0,0,0,0,0,nul
17,73437299,Tunisia,Benin,1,0,1,1,0,dom
17,73437300,Zimbabwe,Uganda,1,0,1,1,0,dom
17,73437301,Gabon,Sudan,0,2,2,0,2,ext
17,73437302,Morocco,Mali,1,0,1,1,0,dom
17,73437303,Senegal,Cameroon,0,0,0,0,0,nul
17,73437304,Equatorial Guinea,Mozambique,5,0,5,5,0,dom
17,73437305,South Africa,Algeria,1,1,2,1,1,nul
18,73437306,Nigeria,Gabon,0,1,1,0,1,ext
18,73437307,DR Congo,Tunisia,0,0,0,0,0,nul
18,73437309,Sudan,Equatorial Guinea,1,0,1,1,0,dom
18,73437310,Angola,Senegal,1,2,3,1,2,ext
18,73437311,Burkina Faso,Zambia,0,0,0,0,0,nul
18,73437312,Mali,Egypt,1,2,3,1,2,ext
18,73437313,Mozambique,Comoros,1,0,1,1,0,dom
18,73437314,Uganda,Tanzania,0,3,3,0,3,ext
18,73437315,Algeria,Zimbabwe,0,0,0,0,0,nul
18,73437316,Cameroon,Botswana,1,0,1,1,0,dom
18,73437317,Benin,South Africa,0,0,0,0,0,nul
19,73437318,Tunisia,Senegal,2,0,2,2,0,dom
19,73437319,Mali,Ivory Coast,1,1,2,1,1,nul
19,73437320,Gabon,Cameroon,5,0,5,5,0,dom
19,73437321,South Africa,DR Congo,1,5,6,1,5,ext
19,73437322,Botswana,Angola,0,0,0,0,0,nul
19,73437323,Tanzania,Algeria,0,0,0,0,0,nul
19,73437324,Zambia,Mozambique,0,1,1,0,1,ext
19,73437325,Equatorial Guinea,Nigeria,2,0,2,2,0,dom
19,73437326,Morocco,Uganda,0,0,0,0,0,nul
19,73437327,Comoros,Sudan,0,0,0,0,0,nul
19,73437328,Zimbabwe,Benin,1,0,1,1,0,dom
19,73437329,Egypt,Burkina Faso,0,0,0,0,0,nul
20,73437330,Sudan,Zambia,2,0,2,2,0,dom
20,73437331,Mozambique,Burkina Faso,0,0,0,0,0,nul
20,73437332,DR Congo,Zimbabwe,0,3,3,0,3,ext
20,73437333,Tunisia,Botswana,0,3,3,0,3,ext
20,73437334,Ivory Coast,Egypt,3,1,4,3,1,dom
20,73437335,Algeria,Morocco,1,0,1,1,0,dom
20,73437336,Nigeria,Comoros,3,0,3,3,0,dom
20,73437337,Senegal,South Africa,2,0,2,2,0,dom
20,73437338,Benin,Tanzania,0,0,0,0,0,nul
20,73437339,Angola,Gabon,1,0,1,1,0,dom
20,73437340,Cameroon,Equatorial Guinea,1,0,1,1,0,dom
20,73437341,Uganda,Mali,2,0,2,2,0,dom
21,73437342,Comoros,Cameroon,0,0,0,0,0,nul
21,73437343,Egypt,Mozambique,1,0,1,1,0,dom
21,73437344,Ivory Coast,Uganda,5,0,5,5,0,dom
21,73437345,Morocco,Benin,0,0,0,0,0,nul
21,73437346,Zimbabwe,Senegal,1,1,2,1,1,nul
21,73437347,Mali,Algeria,1,1,2,1,1,nul
21,73437348,Gabon,Tunisia,1,0,1,1,0,dom
21,73437349,Zambia,Nigeria,0,0,0,0,0,nul
21,73437350,Equatorial Guinea,Angola,0,0,0,0,0,nul
21,73437351,Tanzania,DR Congo,0,0,0,0,0,nul
21,73437352,South Africa,Botswana,0,2,2,0,2,ext
21,73437353,Burkina Faso,Sudan,0,2,2,0,2,ext
22,73437354,Tunisia,Equatorial Guinea,2,0,2,2,0,dom
22,73437355,Senegal,Tanzania,0,0,0,0,0,nul
22,73437356,DR Congo,Morocco,0,0,0,0,0,nul
22,73437357,Sudan,Mozambique,1,0,1,1,0,dom
22,73437358,Botswana,Zimbabwe,0,0,0,0,0,nul
22,73437360,South Africa,Gabon,0,0,0,0,0,nul
22,73437361,Nigeria,Burkina Faso,0,0,0,0,0,nul
22,73437362,Algeria,Ivory Coast,0,0,0,0,0,nul
22,73437363,Uganda,Egypt,1,1,2,1,1,nul
22,73437364,Benin,Mali,0,0,0,0,0,nul
22,73437365,Cameroon,Zambia,3,1,4,3,1,dom
23,73437366,Egypt,Sudan,1,0,1,1,0,dom
23,73437367,Burkina Faso,Cameroon,0,1,1,0,1,ext
23,73437368,Ivory Coast,Benin,2,0,2,2,0,dom
23,73437369,Zimbabwe,Gabon,1,0,1,1,0,dom
23,73437370,Morocco,Senegal,0,0,0,0,0,nul
23,73437371,Zambia,Angola,0,0,0,0,0,nul
23,73437372,Mozambique,Nigeria,0,0,0,0,0,nul
23,73437373,Comoros,Tunisia,1,0,1,1,0,dom
23,73437374,Tanzania,Botswana,2,0,2,2,0,dom
23,73437375,Mali,DR Congo,1,3,4,1,3,ext
23,73437376,Uganda,Algeria,0,2,2,0,2,ext
23,73437377,Equatorial Guinea,South Africa,1,2,3,1,2,ext
24,73437378,Cameroon,Mozambique,0,1,1,0,1,ext
24,73437379,South Africa,Comoros,2,0,2,2,0,dom
24,73437380,Tunisia,Zambia,1,0,1,1,0,dom
24,73437381,Angola,Burkina Faso,0,0,0,0,0,nul
24,73437382,Algeria,Egypt,1,0,1,1,0,dom
24,73437383,Benin,Uganda,4,0,4,4,0,dom
24,73437384,Nigeria,Sudan,0,0,0,0,0,nul
24,73437385,Zimbabwe,Equatorial Guinea,1,0,1,1,0,dom
24,73437386,DR Congo,Ivory Coast,0,0,0,0,0,nul
24,73437387,Gabon,Tanzania,0,0,0,0,0,nul
24,73437388,Botswana,Morocco,4,1,5,4,1,dom
24,73437389,Senegal,Mali,0,1,1,0,1,ext
25,73437390,Zambia,South Africa,1,3,4,1,3,ext
25,73437391,Burkina Faso,Tunisia,0,0,0,0,0,nul
25,73437392,Mali,Botswana,1,1,2,1,1,nul
25,73437393,Uganda,DR Congo,1,2,3,1,2,ext
25,73437394,Tanzania,Equatorial Guinea,3,1,4,3,1,dom
25,73437395,Egypt,Nigeria,1,0,1,1,0,dom
25,73437397,Ivory Coast,Senegal,0,0,0,0,0,nul
25,73437398,Algeria,Benin,1,2,3,1,2,ext
25,73437399,Mozambique,Angola,1,0,1,1,0,dom
25,73437400,Morocco,Gabon,1,0,1,1,0,dom
25,73437401,Sudan,Cameroon,2,1,3,2,1,dom
26,73437402,Equatorial Guinea,Morocco,1,0,1,1,0,dom
26,73437403,Senegal,Uganda,1,0,1,1,0,dom
26,73437404,Botswana,Ivory Coast,4,0,4,4,0,dom
26,73437405,Zimbabwe,Zambia,1,0,1,1,0,dom
26,73437406,Angola,Sudan,1,0,1,1,0,dom
26,73437407,Benin,Egypt,1,2,3,1,2,ext
26,73437408,Tanzania,Comoros,1,1,2,1,1,nul
26,73437409,Gabon,Mali,0,0,0,0,0,nul
26,73437410,South Africa,Burkina Faso,0,1,1,0,1,ext
26,73437411,DR Congo,Algeria,1,0,1,1,0,dom
26,73437412,Tunisia,Mozambique,1,0,1,1,0,dom
26,73437413,Cameroon,Nigeria,5,0,5,5,0,dom
27,73437414,Burkina Faso,Zimbabwe,1,1,2,1,1,nul
27,73437415,Algeria,Senegal,0,1,1,0,1,ext
27,73437416,Ivory Coast,Gabon,1,0,1,1,0,dom
27,73437417,Benin,DR Congo,1,1,2,1,1,nul
27,73437418,Nigeria,Angola,0,3,3,0,3,ext
27,73437419,Mozambique,South Africa,0,0,0,0,0,nul
27,73437420,Sudan,Tunisia,2,0,2,2,0,dom
27,73437421,Uganda,Botswana,0,0,0,0,0,nul
27,73437422,Mali,Equatorial Guinea,0,2,2,0,2,ext
27,73437423,Morocco,Comoros,0,0,0,0,0,nul
27,73437424,Zambia,Tanzania,2,0,2,2,0,dom
27,73437425,Egypt,Cameroon,1,0,1,1,0,dom
28,73437426,Angola,Cameroon,0,1,1,0,1,ext
28,73437427,Senegal,Benin,0,0,0,0,0,nul
28,73437428,Botswana,Algeria,1,1,2,1,1,nul
28,73437429,Zimbabwe,Mozambique,2,0,2,2,0,dom
28,73437430,Morocco,Zambia,0,3,3,0,3,ext
28,73437431,Tunisia,Nigeria,4,0,4,4,0,dom
28,73437432,Gabon,Uganda,0,0,0,0,0,nul
28,73437433,Tanzania,Burkina Faso,3,0,3,3,0,dom
28,73437434,South Africa,Sudan,1,1,2,1,1,nul
28,73437435,Comoros,Mali,3,0,3,3,0,dom
28,73437436,DR Congo,Egypt,3,0,3,3,0,dom
28,73437437,Equatorial Guinea,Ivory Coast,1,0,1,1,0,dom
29,73437438,Mali,Zambia,1,1,2,1,1,nul
29,73437439,Cameroon,Tunisia,1,0,1,1,0,dom
29,73437440,DR Congo,Senegal,2,0,2,2,0,dom
29,73437441,Nigeria,South Africa,0,3,3,0,3,ext
29,73437442,Egypt,Angola,0,0,0,0,0,nul
29,73437443,Sudan,Zimbabwe,0,0,0,0,0,nul
29,73437444,Benin,Botswana,0,1,1,0,1,ext
29,73437445,Burkina Faso,Morocco,0,0,0,0,0,nul
29,73437446,Algeria,Gabon,6,0,6,6,0,dom
29,73437447,Mozambique,Tanzania,1,1,2,1,1,nul
29,73437448,Uganda,Equatorial Guinea,3,0,3,3,0,dom
29,73437449,Ivory Coast,Comoros,0,1,1,0,1,ext
30,73437450,Morocco,Mozambique,0,0,0,0,0,nul
30,73437451,South Africa,Cameroon,0,0,0,0,0,nul
30,73437452,Botswana,DR Congo,4,0,4,4,0,dom
30,73437453,Mali,Burkina Faso,1,1,2,1,1,nul
30,73437454,Zimbabwe,Nigeria,0,1,1,0,1,ext
30,73437455,Tunisia,Angola,0,0,0,0,0,nul
30,73437456,Equatorial Guinea,Algeria,1,1,2,1,1,nul
30,73437457,Comoros,Uganda,1,1,2,1,1,nul
30,73437458,Zambia,Ivory Coast,0,2,2,0,2,ext
30,73437459,Senegal,Egypt,0,0,0,0,0,nul
30,73437460,Gabon,Benin,0,0,0,0,0,nul
30,73437461,Tanzania,Sudan,0,0,0,0,0,nul
31,73437462,Angola,South Africa,1,2,3,1,2,ext
31,73437463,Sudan,Morocco,2,1,3,2,1,dom
31,73437464,DR Congo,Gabon,1,0,1,1,0,dom
31,73437465,Ivory Coast,Burkina Faso,0,1,1,0,1,ext
31,73437466,Benin,Equatorial Guinea,2,0,2,2,0,dom
31,73437467,Mozambique,Mali,1,3,4,1,3,ext
31,73437468,Senegal,Botswana,0,0,0,0,0,nul
31,73437469,Algeria,Comoros,6,0,6,6,0,dom
31,73437470,Nigeria,Tanzania,0,0,0,0,0,nul
31,73437471,Cameroon,Zimbabwe,3,1,4,3,1,dom
31,73437472,Uganda,Zambia,0,0,0,0,0,nul
31,73437473,Egypt,Tunisia,0,0,0,0,0,nul
32,73437474,Zambia,Algeria,1,3,4,1,3,ext
32,73437475,Burkina Faso,Uganda,2,1,3,2,1,dom
32,73437476,Tanzania,Cameroon,3,3,6,3,3,nul
32,73437477,Mali,Sudan,0,2,2,0,2,ext
32,73437478,Botswana,Egypt,4,1,5,4,1,dom
32,73437479,Morocco,Nigeria,1,2,3,1,2,ext
32,73437480,Equatorial Guinea,DR Congo,1,2,3,1,2,ext
32,73437481,South Africa,Tunisia,2,0,2,2,0,dom
32,73437482,Gabon,Senegal,2,0,2,2,0,dom
32,73437483,Comoros,Benin,1,5,6,1,5,ext
33,73437486,Senegal,Equatorial Guinea,0,0,0,0,0,nul
33,73437487,Sudan,Ivory Coast,0,2,2,0,2,ext
33,73437488,Botswana,Gabon,1,0,1,1,0,dom
33,73437489,Cameroon,Morocco,1,0,1,1,0,dom
33,73437490,Algeria,Burkina Faso,1,0,1,1,0,dom
33,73437491,DR Congo,Comoros,4,0,4,4,0,dom
33,73437492,Uganda,Mozambique,0,0,0,0,0,nul
33,73437493,Nigeria,Mali,0,0,0,0,0,nul
33,73437494,Angola,Tanzania,0,0,0,0,0,nul
33,73437495,Benin,Zambia,0,0,0,0,0,nul
33,73437496,Egypt,South Africa,0,0,0,0,0,nul
33,73437497,Tunisia,Zimbabwe,0,0,0,0,0,nul
34,73437498,Burkina Faso,Benin,1,2,3,1,2,ext
34,73437499,Mali,Cameroon,3,0,3,3,0,dom
34,73437500,Equatorial Guinea,Botswana,0,0,0,0,0,nul
34,73437501,Zambia,DR Congo,0,2,2,0,2,ext
34,73437502,Mozambique,Algeria,0,0,0,0,0,nul
34,73437503,Zimbabwe,South Africa,1,2,3,1,2,ext
34,73437504,Morocco,Angola,0,0,0,0,0,nul
34,73437505,Gabon,Egypt,1,0,1,1,0,dom
34,73437506,Comoros,Senegal,2,1,3,2,1,dom
34,73437507,Tanzania,Tunisia,1,2,3,1,2,ext
34,73437508,Ivory Coast,Nigeria,1,0,1,1,0,dom
34,73437509,Uganda,Sudan,1,1,2,1,1,nul
35,73437510,Gabon,Equatorial Guinea,0,0,0,0,0,nul
35,73437511,DR Congo,Burkina Faso,3,0,3,3,0,dom
35,73437512,Cameroon,Ivory Coast,0,0,0,0,0,nul
35,73437513,Botswana,Comoros,0,2,2,0,2,ext
35,73437514,South Africa,Tanzania,1,2,3,1,2,ext
35,73437515,Nigeria,Uganda,2,1,3,2,1,dom
35,73437516,Tunisia,Morocco,2,1,3,2,1,dom
35,73437517,Egypt,Zimbabwe,0,0,0,0,0,nul
35,73437518,Senegal,Zambia,1,1,2,1,1,nul
35,73437519,Angola,Mali,0,1,1,0,1,ext
35,73437520,Benin,Mozambique,2,0,2,2,0,dom
35,73437521,Algeria,Sudan,1,0,1,1,0,dom
36,73437522,Comoros,Gabon,0,1,1,0,1,ext
36,73437523,Ivory Coast,Angola,2,2,4,2,2,nul
36,73437524,Equatorial Guinea,Egypt,0,0,0,0,0,nul
36,73437525,Mozambique,DR Congo,1,0,1,1,0,dom
36,73437527,Burkina Faso,Senegal,0,4,4,0,4,ext
36,73437528,Zambia,Botswana,1,0,1,1,0,dom
36,73437529,Morocco,South Africa,2,1,3,2,1,dom
36,73437530,Sudan,Benin,0,0,0,0,0,nul
36,73437531,Uganda,Cameroon,2,2,4,2,2,nul
36,73437532,Mali,Tunisia,1,1,2,1,1,nul
36,73437533,Tanzania,Zimbabwe,1,1,2,1,1,nul
37,73437534,Zimbabwe,Morocco,1,0,1,1,0,dom
37,73437535,Egypt,Tanzania,1,1,2,1,1,nul
37,73437536,Cameroon,Algeria,1,0,1,1,0,dom
37,73437537,Angola,Uganda,1,0,1,1,0,dom
37,73437538,South Africa,Mali,1,0,1,1,0,dom
37,73437539,Senegal,Mozambique,2,1,3,2,1,dom
37,73437540,Equatorial Guinea,Comoros,1,0,1,1,0,dom
37,73437541,Botswana,Burkina Faso,1,1,2,1,1,nul
37,73437542,Benin,Nigeria,3,1,4,3,1,dom
37,73437543,Tunisia,Ivory Coast,3,0,3,3,0,dom
37,73437544,Gabon,Zambia,2,1,3,2,1,dom
37,73437545,DR Congo,Sudan,0,1,1,0,1,ext
38,73437546,Uganda,Tunisia,1,1,2,1,1,nul
38,73437547,Sudan,Senegal,1,1,2,1,1,nul
38,73437548,Comoros,Egypt,2,1,3,2,1,dom
38,73437549,Nigeria,DR Congo,1,1,2,1,1,nul
38,73437550,Ivory Coast,South Africa,1,2,3,1,2,ext
38,73437551,Morocco,Tanzania,1,4,5,1,4,ext
38,73437552,Algeria,Angola,0,1,1,0,1,ext
38,73437553,Zambia,Equatorial Guinea,2,1,3,2,1,dom
38,73437554,Burkina Faso,Gabon,1,0,1,1,0,dom
38,73437555,Mozambique,Botswana,1,1,2,1,1,nul
38,73437556,Mali,Zimbabwe,0,0,0,0,0,nul
38,73437557,Benin,Cameroon,1,0,1,1,0,dom
39,73437558,Egypt,Morocco,0,3,3,0,3,ext
39,73437559,Angola,Benin,1,0,1,1,0,dom
39,73437560,Gabon,Mozambique,1,1,2,1,1,nul
39,73437561,Equatorial Guinea,Burkina Faso,0,1,1,0,1,ext
39,73437562,Zimbabwe,Ivory Coast,2,1,3,2,1,dom
39,73437563,Senegal,Nigeria,0,0,0,0,0,nul
39,73437564,DR Congo,Cameroon,0,0,0,0,0,nul
39,73437565,Botswana,Sudan,0,3,3,0,3,ext
39,73437566,Comoros,Zambia,3,1,4,3,1,dom
39,73437567,Tunisia,Algeria,3,0,3,3,0,dom
39,73437568,South Africa,Uganda,0,1,1,0,1,ext
39,73437569,Tanzania,Mali,4,0,4,4,0,dom
40,73437570,DR Congo,Angola,0,0,0,0,0,nul
40,73437571,Zambia,Egypt,2,0,2,2,0,dom
40,73437572,Nigeria,Botswana,0,5,5,0,5,ext
40,73437573,Ivory Coast,Tanzania,2,1,3,2,1,dom
40,73437574,Burkina Faso,Comoros,2,1,3,2,1,dom
40,73437575,Benin,Tunisia,1,0,1,1,0,dom
40,73437576,Uganda,Zimbabwe,4,0,4,4,0,dom
40,73437577,Sudan,Gabon,4,0,4,4,0,dom
40,73437578,Mali,Morocco,1,1,2,1,1,nul
40,73437579,Cameroon,Senegal,0,4,4,0,4,ext
40,73437580,Mozambique,Equatorial Guinea,1,3,4,1,3,ext
40,73437581,Algeria,South Africa,1,3,4,1,3,ext
41,73437582,Gabon,Nigeria,1,1,2,1,1,nul
41,73437583,Tunisia,DR Congo,3,0,3,3,0,dom
41,73437584,Morocco,Ivory Coast,0,0,0,0,0,nul
41,73437585,Equatorial Guinea,Sudan,0,1,1,0,1,ext
41,73437586,Senegal,Angola,0,1,1,0,1,ext
41,73437587,Zambia,Burkina Faso,1,0,1,1,0,dom
41,73437588,Egypt,Mali,0,0,0,0,0,nul
41,73437589,Comoros,Mozambique,1,1,2,1,1,nul
41,73437590,Tanzania,Uganda,1,0,1,1,0,dom
41,73437591,Zimbabwe,Algeria,0,0,0,0,0,nul
41,73437592,Botswana,Cameroon,0,0,0,0,0,nul
41,73437593,South Africa,Benin,0,3,3,0,3,ext
42,73437594,Senegal,Tunisia,2,0,2,2,0,dom
42,73437595,Ivory Coast,Mali,2,1,3,2,1,dom
42,73437596,Cameroon,Gabon,2,2,4,2,2,nul
42,73437597,DR Congo,South Africa,3,1,4,3,1,dom
42,73437598,Angola,Botswana,0,0,0,0,0,nul
42,73437599,Algeria,Tanzania,3,0,3,3,0,dom
42,73437600,Mozambique,Zambia,3,0,3,3,0,dom
42,73437601,Nigeria,Equatorial Guinea,0,0,0,0,0,nul
42,73437602,Uganda,Morocco,0,0,0,0,0,nul
42,73437603,Sudan,Comoros,0,0,0,0,0,nul
42,73437604,Benin,Zimbabwe,1,2,3,1,2,ext
42,73437605,Burkina Faso,Egypt,3,0,3,3,0,dom
43,73437606,Zambia,Sudan,0,0,0,0,0,nul
43,73437607,Burkina Faso,Mozambique,1,0,1,1,0,dom
43,73437608,Zimbabwe,DR Congo,1,1,2,1,1,nul
43,73437609,Botswana,Tunisia,1,2,3,1,2,ext
43,73437610,Egypt,Ivory Coast,3,1,4,3,1,dom
43,73437611,Morocco,Algeria,0,0,0,0,0,nul
43,73437612,Comoros,Nigeria,1,0,1,1,0,dom
43,73437613,South Africa,Senegal,1,0,1,1,0,dom
43,73437614,Tanzania,Benin,0,0,0,0,0,nul
43,73437615,Gabon,Angola,0,0,0,0,0,nul
43,73437616,Equatorial Guinea,Cameroon,1,1,2,1,1,nul
43,73437617,Mali,Uganda,0,0,0,0,0,nul
44,73437618,Cameroon,Comoros,0,0,0,0,0,nul
44,73437619,Mozambique,Egypt,1,0,1,1,0,dom
44,73437620,Uganda,Ivory Coast,0,0,0,0,0,nul
44,73437621,Benin,Morocco,3,1,4,3,1,dom
44,73437622,Senegal,Zimbabwe,1,1,2,1,1,nul
44,73437623,Algeria,Mali,3,0,3,3,0,dom
44,73437624,Tunisia,Gabon,1,2,3,1,2,ext
44,73437625,Nigeria,Zambia,4,0,4,4,0,dom
44,73437626,Angola,Equatorial Guinea,0,0,0,0,0,nul
44,73437627,DR Congo,Tanzania,3,1,4,3,1,dom
44,73437628,Botswana,South Africa,2,1,3,2,1,dom
44,73437629,Sudan,Burkina Faso,0,1,1,0,1,ext
45,73437630,Equatorial Guinea,Tunisia,1,0,1,1,0,dom
45,73437631,Tanzania,Senegal,0,2,2,0,2,ext
45,73437632,Morocco,DR Congo,0,0,0,0,0,nul
45,73437633,Mozambique,Sudan,2,0,2,2,0,dom
45,73437634,Zimbabwe,Botswana,0,0,0,0,0,nul
45,73437636,Gabon,South Africa,3,0,3,3,0,dom
45,73437637,Burkina Faso,Nigeria,1,1,2,1,1,nul
45,73437638,Ivory Coast,Algeria,2,1,3,2,1,dom
45,73437639,Egypt,Uganda,0,0,0,0,0,nul
45,73437640,Mali,Benin,0,0,0,0,0,nul
45,73437641,Zambia,Cameroon,0,0,0,0,0,nul
46,73437642,Sudan,Egypt,0,1,1,0,1,ext
46,73437643,Cameroon,Burkina Faso,1,0,1,1,0,dom
46,73437644,Benin,Ivory Coast,2,0,2,2,0,dom
46,73437645,Gabon,Zimbabwe,2,0,2,2,0,dom
46,73437646,Senegal,Morocco,2,0,2,2,0,dom
46,73437647,Angola,Zambia,4,1,5,4,1,dom
46,73437648,Nigeria,Mozambique,3,2,5,3,2,dom
46,73437649,Tunisia,Comoros,2,0,2,2,0,dom
46,73437650,Botswana,Tanzania,0,0,0,0,0,nul
46,73437651,DR Congo,Mali,1,1,2,1,1,nul
46,73437652,Algeria,Uganda,1,3,4,1,3,ext
46,73437653,South Africa,Equatorial Guinea,0,0,0,0,0,nul
32,73437484,Zimbabwe,Angola,1,3,4,1,3,ext
32,73437485,Ivory Coast,Mozambique,2,1,3,2,1,dom
7,73441736,Tunisia,Senegal,0,2,2,0,2,ext
7,73441737,Burkina Faso,Sudan,1,1,2,1,1,nul
7,73441738,South Africa,Egypt,3,1,4,3,1,dom
7,73441739,Angola,Mali,3,2,5,3,2,dom
7,73441740,DR Congo,Cameroon,0,0,0,0,0,nul
7,73441741,Morocco,Equatorial Guinea,0,0,0,0,0,nul
7,73441742,Algeria,Benin,1,1,2,1,1,nul
7,73441743,Gabon,Nigeria,1,1,2,1,1,nul
7,73441744,Botswana,Comoros,2,0,2,2,0,dom
7,73441745,Ivory Coast,Tanzania,1,0,1,1,0,dom
7,73441746,Zimbabwe,Zambia,3,0,3,3,0,dom
7,73441747,Uganda,Mozambique,0,0,0,0,0,nul
8,73441748,Mali,Morocco,3,0,3,3,0,dom
8,73441749,Nigeria,Tunisia,1,1,2,1,1,nul
8,73441750,Cameroon,Mozambique,0,0,0,0,0,nul
8,73441751,Benin,Gabon,3,2,5,3,2,dom
8,73441752,Tanzania,Angola,2,1,3,2,1,dom
8,73441753,Zambia,Botswana,2,0,2,2,0,dom
8,73441754,Egypt,Ivory Coast,1,1,2,1,1,nul
8,73441755,Zimbabwe,Burkina Faso,2,1,3,2,1,dom
8,73441756,Sudan,Algeria,0,0,0,0,0,nul
8,73441757,Senegal,DR Congo,2,2,4,2,2,nul
8,73441758,Equatorial Guinea,Uganda,1,3,4,1,3,ext
8,73441759,Comoros,South Africa,1,1,2,1,1,nul
9,73441760,South Africa,Zambia,1,0,1,1,0,dom
9,73441761,Gabon,Sudan,0,0,0,0,0,nul
9,73441762,Angola,Egypt,1,2,3,1,2,ext
9,73441763,Botswana,Burkina Faso,4,0,4,4,0,dom
9,73441764,Ivory Coast,Comoros,0,2,2,0,2,ext
9,73441765,Morocco,Tanzania,3,0,3,3,0,dom
9,73441766,Uganda,Cameroon,2,0,2,2,0,dom
9,73441767,DR Congo,Nigeria,2,1,3,2,1,dom
9,73441768,Equatorial Guinea,Mali,1,1,2,1,1,nul
9,73441769,Mozambique,Senegal,2,0,2,2,0,dom
9,73441770,Algeria,Zimbabwe,4,0,4,4,0,dom
9,73441771,Tunisia,Benin,0,0,0,0,0,nul
10,73441772,Burkina Faso,South Africa,2,1,3,2,1,dom
10,73441773,Comoros,Angola,0,1,1,0,1,ext
10,73441774,Benin,DR Congo,0,3,3,0,3,ext
10,73441775,Egypt,Morocco,1,0,1,1,0,dom
10,73441776,Nigeria,Mozambique,0,3,3,0,3,ext
10,73441777,Botswana,Algeria,0,1,1,0,1,ext
10,73441778,Senegal,Cameroon,1,0,1,1,0,dom
10,73441779,Mali,Uganda,0,1,1,0,1,ext
10,73441780,Tanzania,Equatorial Guinea,0,3,3,0,3,ext
10,73441781,Zambia,Ivory Coast,1,1,2,1,1,nul
10,73441782,Sudan,Tunisia,2,0,2,2,0,dom
10,73441783,Zimbabwe,Gabon,0,0,0,0,0,nul
11,73441784,Morocco,Comoros,1,1,2,1,1,nul
11,73441785,Equatorial Guinea,Egypt,0,2,2,0,2,ext
11,73441786,Gabon,Botswana,3,0,3,3,0,dom
11,73441787,South Africa,Algeria,1,1,2,1,1,nul
11,73441788,Uganda,Senegal,3,0,3,3,0,dom
11,73441789,Tunisia,Zimbabwe,0,1,1,0,1,ext
11,73441790,Mali,Tanzania,1,0,1,1,0,dom
11,73441791,Mozambique,Benin,1,0,1,1,0,dom
11,73441792,Ivory Coast,Burkina Faso,4,0,4,4,0,dom
11,73441793,Cameroon,Nigeria,0,0,0,0,0,nul
11,73441794,Angola,Zambia,0,0,0,0,0,nul
11,73441795,DR Congo,Sudan,1,0,1,1,0,dom
12,73441796,Comoros,Equatorial Guinea,2,2,4,2,2,nul
12,73441797,Nigeria,Senegal,1,2,3,1,2,ext
12,73441798,Algeria,Ivory Coast,0,1,1,0,1,ext
12,73441799,South Africa,Gabon,3,2,5,3,2,dom
12,73441800,Egypt,Mali,4,0,4,4,0,dom
12,73441801,Benin,Cameroon,4,1,5,4,1,dom
12,73441802,Zambia,Morocco,3,0,3,3,0,dom
12,73441803,Zimbabwe,DR Congo,3,1,4,3,1,dom
12,73441804,Sudan,Mozambique,0,0,0,0,0,nul
12,73441805,Botswana,Tunisia,1,1,2,1,1,nul
12,73441807,Tanzania,Uganda,0,2,2,0,2,ext
13,73441808,Tanzania,Egypt,0,1,1,0,1,ext
13,73441809,DR Congo,Botswana,0,0,0,0,0,nul
13,73441810,Tunisia,South Africa,1,4,5,1,4,ext
13,73441811,Mozambique,Zimbabwe,0,1,1,0,1,ext
13,73441812,Morocco,Burkina Faso,4,0,4,4,0,dom
13,73441813,Cameroon,Sudan,3,0,3,3,0,dom
13,73441814,Uganda,Nigeria,1,2,3,1,2,ext
13,73441815,Ivory Coast,Gabon,3,1,4,3,1,dom
13,73441816,Angola,Algeria,0,0,0,0,0,nul
13,73441817,Mali,Comoros,3,0,3,3,0,dom
13,73441818,Equatorial Guinea,Zambia,0,1,1,0,1,ext
13,73441819,Senegal,Benin,0,0,0,0,0,nul
14,73441820,Egypt,Uganda,2,1,3,2,1,dom
14,73441821,South Africa,DR Congo,1,3,4,1,3,ext
14,73441822,Gabon,Angola,0,2,2,0,2,ext
14,73441823,Botswana,Mozambique,0,2,2,0,2,ext
14,73441824,Ivory Coast,Tunisia,0,1,1,0,1,ext
14,73441826,Benin,Nigeria,2,0,2,2,0,dom
14,73441827,Zambia,Mali,1,1,2,1,1,nul
14,73441828,Comoros,Tanzania,0,4,4,0,4,ext
14,73441829,Sudan,Senegal,2,1,3,2,1,dom
14,73441830,Zimbabwe,Cameroon,1,1,2,1,1,nul
15,73441832,Mali,Burkina Faso,4,1,5,4,1,dom
15,73441833,Nigeria,Sudan,5,1,6,5,1,dom
15,73441834,Cameroon,Botswana,2,1,3,2,1,dom
15,73441835,Equatorial Guinea,Algeria,2,3,5,2,3,ext
15,73441836,Angola,Tunisia,1,0,1,1,0,dom
15,73441837,Senegal,Zimbabwe,1,1,2,1,1,nul
15,73441838,Mozambique,South Africa,2,0,2,2,0,dom
15,73441839,Morocco,Gabon,2,0,2,2,0,dom
15,73441840,Egypt,Comoros,1,1,2,1,1,nul
15,73441841,Tanzania,Zambia,2,0,2,2,0,dom
15,73441842,DR Congo,Ivory Coast,2,0,2,2,0,dom
15,73441843,Uganda,Benin,0,0,0,0,0,nul
16,73441844,Sudan,Benin,4,0,4,4,0,dom
16,73441845,Angola,DR Congo,1,0,1,1,0,dom
16,73441846,Algeria,Mali,1,0,1,1,0,dom
16,73441847,Gabon,Equatorial Guinea,0,2,2,0,2,ext
16,73441848,Ivory Coast,Mozambique,2,1,3,2,1,dom
16,73441849,Botswana,Senegal,1,1,2,1,1,nul
16,73441850,Zimbabwe,Nigeria,1,0,1,1,0,dom
16,73441851,Zambia,Egypt,4,0,4,4,0,dom
16,73441852,South Africa,Cameroon,0,0,0,0,0,nul
16,73441853,Burkina Faso,Tanzania,1,1,2,1,1,nul
16,73441854,Tunisia,Morocco,1,3,4,1,3,ext
16,73441855,Comoros,Uganda,0,0,0,0,0,nul
17,73441856,Equatorial Guinea,Tunisia,0,0,0,0,0,nul
17,73441857,Benin,Zimbabwe,0,2,2,0,2,ext
17,73441858,Morocco,DR Congo,1,1,2,1,1,nul
17,73441859,Senegal,South Africa,5,0,5,5,0,dom
17,73441860,Mali,Gabon,0,0,0,0,0,nul
17,73441861,Comoros,Zambia,1,0,1,1,0,dom
17,73441862,Cameroon,Ivory Coast,1,0,1,1,0,dom
17,73441863,Uganda,Sudan,0,2,2,0,2,ext
17,73441864,Nigeria,Botswana,1,0,1,1,0,dom
17,73441865,Mozambique,Angola,0,0,0,0,0,nul
17,73441866,Tanzania,Algeria,5,0,5,5,0,dom
17,73441867,Egypt,Burkina Faso,1,1,2,1,1,nul
18,73441868,DR Congo,Equatorial Guinea,3,0,3,3,0,dom
18,73441869,Zimbabwe,Sudan,2,1,3,2,1,dom
18,73441870,Angola,Cameroon,1,3,4,1,3,ext
18,73441871,Burkina Faso,Comoros,1,0,1,1,0,dom
18,73441872,Ivory Coast,Senegal,2,2,4,2,2,nul
18,73441873,South Africa,Nigeria,0,1,1,0,1,ext
18,73441874,Gabon,Tanzania,2,2,4,2,2,nul
18,73441875,Botswana,Benin,4,1,5,4,1,dom
18,73441876,Algeria,Egypt,2,2,4,2,2,nul
18,73441877,Morocco,Mozambique,4,0,4,4,0,dom
18,73441878,Tunisia,Mali,2,0,2,2,0,dom
18,73441879,Zambia,Uganda,0,0,0,0,0,nul
19,73441880,Tanzania,Tunisia,2,0,2,2,0,dom
19,73441881,Uganda,Zimbabwe,1,1,2,1,1,nul
19,73441882,Egypt,Gabon,5,0,5,5,0,dom
19,73441883,Sudan,Botswana,1,5,6,1,5,ext
19,73441884,Comoros,Algeria,0,0,0,0,0,nul
19,73441885,Equatorial Guinea,Mozambique,0,0,0,0,0,nul
19,73441886,Mali,DR Congo,0,1,1,0,1,ext
19,73441887,Zambia,Burkina Faso,2,0,2,2,0,dom
19,73441888,Cameroon,Morocco,0,0,0,0,0,nul
19,73441889,Benin,South Africa,0,0,0,0,0,nul
19,73441890,Senegal,Angola,1,0,1,1,0,dom
19,73441891,Nigeria,Ivory Coast,0,0,0,0,0,nul
20,73441892,Ivory Coast,Benin,2,0,2,2,0,dom
20,73441893,Burkina Faso,Uganda,2,0,2,2,0,dom
20,73441894,Botswana,Zimbabwe,0,1,1,0,1,ext
20,73441895,Tunisia,Egypt,1,1,2,1,1,nul
20,73441896,DR Congo,Tanzania,0,1,1,0,1,ext
20,73441897,Equatorial Guinea,Cameroon,0,1,1,0,1,ext
20,73441898,Gabon,Comoros,0,1,1,0,1,ext
20,73441899,South Africa,Sudan,0,1,1,0,1,ext
20,73441900,Algeria,Zambia,2,2,4,2,2,nul
20,73441901,Mozambique,Mali,3,0,3,3,0,dom
20,73441902,Angola,Nigeria,0,0,0,0,0,nul
20,73441903,Morocco,Senegal,0,0,0,0,0,nul
21,73441904,Nigeria,Morocco,1,1,2,1,1,nul
21,73441905,Sudan,Ivory Coast,0,0,0,0,0,nul
21,73441906,Benin,Angola,0,0,0,0,0,nul
21,73441907,Burkina Faso,Algeria,0,1,1,0,1,ext
21,73441908,Uganda,Botswana,0,0,0,0,0,nul
21,73441909,Zimbabwe,South Africa,2,0,2,2,0,dom
21,73441910,Comoros,Tunisia,0,0,0,0,0,nul
21,73441911,Tanzania,Mozambique,0,0,0,0,0,nul
21,73441912,Egypt,DR Congo,5,0,5,5,0,dom
21,73441913,Zambia,Gabon,1,1,2,1,1,nul
21,73441914,Senegal,Equatorial Guinea,3,0,3,3,0,dom
21,73441915,Mali,Cameroon,0,2,2,0,2,ext
22,73441916,Cameroon,Tanzania,2,1,3,2,1,dom
22,73441917,Angola,Sudan,2,3,5,2,3,ext
22,73441918,Mozambique,Egypt,3,2,5,3,2,dom
22,73441919,Algeria,Uganda,0,2,2,0,2,ext
22,73441920,Gabon,Burkina Faso,1,1,2,1,1,nul
22,73441921,Morocco,Benin,1,0,1,1,0,dom
22,73441922,DR Congo,Comoros,1,0,1,1,0,dom
22,73441923,Equatorial Guinea,Nigeria,2,1,3,2,1,dom
22,73441924,South Africa,Botswana,0,2,2,0,2,ext
22,73441925,Ivory Coast,Zimbabwe,3,0,3,3,0,dom
22,73441926,Mali,Senegal,4,1,5,4,1,dom
22,73441927,Tunisia,Zambia,1,1,2,1,1,nul
23,73441928,Zambia,DR Congo,1,0,1,1,0,dom
23,73441929,Uganda,South Africa,0,1,1,0,1,ext
23,73441930,Zimbabwe,Angola,2,0,2,2,0,dom
23,73441931,Algeria,Gabon,1,0,1,1,0,dom
23,73441932,Tanzania,Senegal,0,0,0,0,0,nul
23,73441933,Comoros,Mozambique,0,0,0,0,0,nul
23,73441934,Botswana,Ivory Coast,0,0,0,0,0,nul
23,73441935,Egypt,Cameroon,1,0,1,1,0,dom
23,73441936,Burkina Faso,Tunisia,2,0,2,2,0,dom
23,73441937,Sudan,Morocco,1,3,4,1,3,ext
23,73441938,Nigeria,Mali,0,2,2,0,2,ext
23,73441939,Benin,Equatorial Guinea,1,2,3,1,2,ext
24,73441940,Morocco,Zimbabwe,3,2,5,3,2,dom
24,73441941,Tanzania,Nigeria,1,2,3,1,2,ext
24,73441942,Senegal,Egypt,2,0,2,2,0,dom
24,73441943,Mali,Benin,0,3,3,0,3,ext
24,73441944,Angola,Botswana,2,3,5,2,3,ext
24,73441945,Equatorial Guinea,Sudan,2,0,2,2,0,dom
24,73441946,Cameroon,Comoros,1,0,1,1,0,dom
24,73441947,Ivory Coast,South Africa,2,0,2,2,0,dom
24,73441948,Tunisia,Algeria,2,3,5,2,3,ext
24,73441949,Gabon,Uganda,0,1,1,0,1,ext
24,73441950,DR Congo,Burkina Faso,0,1,1,0,1,ext
24,73441951,Mozambique,Zambia,2,0,2,2,0,dom
25,73441952,Comoros,Senegal,1,2,3,1,2,ext
25,73441953,Botswana,Morocco,1,1,2,1,1,nul
25,73441954,Uganda,Ivory Coast,1,1,2,1,1,nul
25,73441955,Sudan,Mali,3,0,3,3,0,dom
25,73441956,Gabon,Tunisia,1,0,1,1,0,dom
25,73441957,Zimbabwe,Equatorial Guinea,1,1,2,1,1,nul
25,73441958,South Africa,Angola,0,0,0,0,0,nul
25,73441959,Benin,Tanzania,1,0,1,1,0,dom
25,73441960,Algeria,DR Congo,4,0,4,4,0,dom
25,73441962,Zambia,Cameroon,0,0,0,0,0,nul
25,73441963,Burkina Faso,Mozambique,0,2,2,0,2,ext
26,73441964,Angola,Ivory Coast,3,1,4,3,1,dom
26,73441965,DR Congo,Gabon,1,0,1,1,0,dom
26,73441966,Equatorial Guinea,Botswana,2,1,3,2,1,dom
26,73441967,Tanzania,Sudan,3,0,3,3,0,dom
26,73441968,Mali,Zimbabwe,1,1,2,1,1,nul
26,73441969,Egypt,Benin,3,0,3,3,0,dom
26,73441970,Mozambique,Algeria,3,1,4,3,1,dom
26,73441971,Tunisia,Uganda,3,3,6,3,3,nul
26,73441972,Cameroon,Burkina Faso,0,2,2,0,2,ext
26,73441973,Senegal,Zambia,1,0,1,1,0,dom
26,73441974,Nigeria,Comoros,0,1,1,0,1,ext
26,73441975,Morocco,South Africa,1,4,5,1,4,ext
27,73441976,Zambia,Nigeria,3,0,3,3,0,dom
27,73441977,Comoros,Benin,1,4,5,1,4,ext
27,73441978,Burkina Faso,Senegal,1,3,4,1,3,ext
27,73441979,Sudan,Egypt,2,0,2,2,0,dom
27,73441980,Tunisia,DR Congo,0,2,2,0,2,ext
27,73441981,Ivory Coast,Morocco,1,1,2,1,1,nul
27,73441982,South Africa,Equatorial Guinea,0,1,1,0,1,ext
27,73441983,Algeria,Cameroon,1,1,2,1,1,nul
27,73441984,Gabon,Mozambique,4,0,4,4,0,dom
27,73441985,Zimbabwe,Tanzania,0,0,0,0,0,nul
27,73441986,Botswana,Mali,2,1,3,2,1,dom
27,73441987,Uganda,Angola,2,2,4,2,2,nul
28,73441988,Morocco,Angola,2,3,5,2,3,ext
28,73441989,DR Congo,Uganda,2,0,2,2,0,dom
28,73441990,Benin,Zambia,2,1,3,2,1,dom
28,73441991,Senegal,Algeria,2,1,3,2,1,dom
28,73441992,Cameroon,Gabon,0,2,2,0,2,ext
28,73441993,Mozambique,Tunisia,1,1,2,1,1,nul
28,73441994,Nigeria,Burkina Faso,0,3,3,0,3,ext
28,73441995,Mali,South Africa,4,1,5,4,1,dom
28,73441996,Egypt,Zimbabwe,0,3,3,0,3,ext
28,73441998,Comoros,Sudan,0,1,1,0,1,ext
28,73441999,Tanzania,Botswana,0,0,0,0,0,nul
29,73442000,Botswana,Egypt,0,3,3,0,3,ext
29,73442001,Zimbabwe,Comoros,0,2,2,0,2,ext
29,73442002,Burkina Faso,Benin,3,0,3,3,0,dom
29,73442003,DR Congo,Mozambique,0,5,5,0,5,ext
29,73442004,Angola,Equatorial Guinea,1,1,2,1,1,nul
29,73442005,Ivory Coast,Mali,2,0,2,2,0,dom
29,73442006,South Africa,Tanzania,0,0,0,0,0,nul
29,73442007,Tunisia,Cameroon,2,0,2,2,0,dom
29,73442008,Gabon,Senegal,0,0,0,0,0,nul
29,73442009,Zambia,Sudan,1,0,1,1,0,dom
29,73442010,Algeria,Nigeria,1,0,1,1,0,dom
29,73442011,Uganda,Morocco,1,3,4,1,3,ext
30,73442012,Senegal,Tunisia,1,1,2,1,1,nul
30,73442013,Sudan,Burkina Faso,1,2,3,1,2,ext
30,73442014,Egypt,South Africa,2,0,2,2,0,dom
30,73442015,Mali,Angola,0,4,4,0,4,ext
30,73442017,Equatorial Guinea,Morocco,0,3,3,0,3,ext
30,73442018,Benin,Algeria,1,1,2,1,1,nul
30,73442019,Nigeria,Gabon,2,1,3,2,1,dom
30,73442020,Comoros,Botswana,1,2,3,1,2,ext
30,73442021,Tanzania,Ivory Coast,0,0,0,0,0,nul
30,73442022,Zambia,Zimbabwe,0,4,4,0,4,ext
30,73442023,Mozambique,Uganda,3,0,3,3,0,dom
31,73442024,Morocco,Mali,3,0,3,3,0,dom
31,73442025,Tunisia,Nigeria,3,1,4,3,1,dom
31,73442026,Mozambique,Cameroon,1,0,1,1,0,dom
31,73442027,Gabon,Benin,3,1,4,3,1,dom
31,73442028,Angola,Tanzania,2,0,2,2,0,dom
31,73442029,Botswana,Zambia,1,4,5,1,4,ext
31,73442030,Ivory Coast,Egypt,0,2,2,0,2,ext
31,73442031,Burkina Faso,Zimbabwe,0,3,3,0,3,ext
31,73442032,Algeria,Sudan,3,0,3,3,0,dom
31,73442033,DR Congo,Senegal,2,1,3,2,1,dom
31,73442034,Uganda,Equatorial Guinea,0,0,0,0,0,nul
31,73442035,South Africa,Comoros,1,0,1,1,0,dom
32,73442036,Zambia,South Africa,0,1,1,0,1,ext
32,73442037,Sudan,Gabon,0,0,0,0,0,nul
32,73442038,Egypt,Angola,0,0,0,0,0,nul
32,73442039,Burkina Faso,Botswana,1,0,1,1,0,dom
32,73442040,Comoros,Ivory Coast,0,0,0,0,0,nul
32,73442041,Tanzania,Morocco,0,1,1,0,1,ext
32,73442042,Cameroon,Uganda,4,0,4,4,0,dom
32,73442043,Nigeria,DR Congo,0,0,0,0,0,nul
32,73442044,Mali,Equatorial Guinea,0,0,0,0,0,nul
32,73442045,Senegal,Mozambique,0,1,1,0,1,ext
32,73442046,Zimbabwe,Algeria,0,3,3,0,3,ext
32,73442047,Benin,Tunisia,0,1,1,0,1,ext
33,73442048,South Africa,Burkina Faso,2,1,3,2,1,dom
33,73442049,Angola,Comoros,3,0,3,3,0,dom
33,73442050,DR Congo,Benin,2,0,2,2,0,dom
33,73442051,Morocco,Egypt,4,1,5,4,1,dom
33,73442052,Mozambique,Nigeria,1,2,3,1,2,ext
33,73442053,Algeria,Botswana,2,2,4,2,2,nul
33,73442054,Cameroon,Senegal,0,0,0,0,0,nul
33,73442055,Uganda,Mali,0,0,0,0,0,nul
33,73442056,Equatorial Guinea,Tanzania,5,1,6,5,1,dom
33,73442057,Ivory Coast,Zambia,1,1,2,1,1,nul
33,73442058,Tunisia,Sudan,0,1,1,0,1,ext
33,73442059,Gabon,Zimbabwe,1,0,1,1,0,dom
34,73442060,Comoros,Morocco,5,1,6,5,1,dom
34,73442061,Egypt,Equatorial Guinea,2,0,2,2,0,dom
34,73442062,Botswana,Gabon,0,1,1,0,1,ext
34,73442063,Algeria,South Africa,2,0,2,2,0,dom
34,73442064,Senegal,Uganda,1,1,2,1,1,nul
34,73442065,Zimbabwe,Tunisia,1,5,6,1,5,ext
34,73442066,Tanzania,Mali,4,1,5,4,1,dom
34,73442067,Benin,Mozambique,0,1,1,0,1,ext
34,73442068,Burkina Faso,Ivory Coast,1,4,5,1,4,ext
34,73442069,Nigeria,Cameroon,0,2,2,0,2,ext
34,73442070,Zambia,Angola,4,0,4,4,0,dom
34,73442071,Sudan,DR Congo,2,0,2,2,0,dom
35,73442072,Equatorial Guinea,Comoros,1,2,3,1,2,ext
35,73442073,Senegal,Nigeria,3,0,3,3,0,dom
35,73442074,Ivory Coast,Algeria,3,0,3,3,0,dom
35,73442075,Gabon,South Africa,2,2,4,2,2,nul
35,73442076,Mali,Egypt,1,2,3,1,2,ext
35,73442077,Cameroon,Benin,1,0,1,1,0,dom
35,73442078,Morocco,Zambia,1,0,1,1,0,dom
35,73442079,DR Congo,Zimbabwe,0,0,0,0,0,nul
35,73442080,Mozambique,Sudan,1,0,1,1,0,dom
35,73442081,Tunisia,Botswana,3,1,4,3,1,dom
35,73442082,Angola,Burkina Faso,1,0,1,1,0,dom
35,73442083,Uganda,Tanzania,0,0,0,0,0,nul
36,73442084,Egypt,Tanzania,1,0,1,1,0,dom
36,73442085,Botswana,DR Congo,0,2,2,0,2,ext
36,73442086,South Africa,Tunisia,2,0,2,2,0,dom
36,73442087,Zimbabwe,Mozambique,0,0,0,0,0,nul
36,73442088,Burkina Faso,Morocco,0,0,0,0,0,nul
36,73442089,Sudan,Cameroon,0,0,0,0,0,nul
36,73442090,Nigeria,Uganda,1,4,5,1,4,ext
36,73442091,Gabon,Ivory Coast,0,1,1,0,1,ext
36,73442092,Algeria,Angola,2,1,3,2,1,dom
36,73442093,Comoros,Mali,1,0,1,1,0,dom
36,73442094,Zambia,Equatorial Guinea,2,0,2,2,0,dom
36,73442095,Benin,Senegal,0,2,2,0,2,ext
37,73442096,Uganda,Egypt,0,2,2,0,2,ext
37,73442097,DR Congo,South Africa,3,0,3,3,0,dom
37,73442098,Angola,Gabon,1,1,2,1,1,nul
37,73442099,Mozambique,Botswana,0,1,1,0,1,ext
37,73442101,Morocco,Algeria,4,0,4,4,0,dom
37,73442102,Nigeria,Benin,1,0,1,1,0,dom
37,73442103,Mali,Zambia,1,0,1,1,0,dom
37,73442104,Tanzania,Comoros,0,2,2,0,2,ext
37,73442105,Senegal,Sudan,3,0,3,3,0,dom
37,73442106,Cameroon,Zimbabwe,1,0,1,1,0,dom
37,73442107,Equatorial Guinea,Burkina Faso,0,0,0,0,0,nul
38,73442108,Burkina Faso,Mali,0,0,0,0,0,nul
38,73442109,Sudan,Nigeria,0,3,3,0,3,ext
38,73442110,Botswana,Cameroon,0,0,0,0,0,nul
38,73442111,Algeria,Equatorial Guinea,3,0,3,3,0,dom
38,73442112,Tunisia,Angola,1,0,1,1,0,dom
38,73442113,Zimbabwe,Senegal,0,0,0,0,0,nul
38,73442114,South Africa,Mozambique,2,0,2,2,0,dom
38,73442115,Gabon,Morocco,0,3,3,0,3,ext
38,73442117,Zambia,Tanzania,1,0,1,1,0,dom
38,73442118,Ivory Coast,DR Congo,1,1,2,1,1,nul
38,73442119,Benin,Uganda,1,1,2,1,1,nul
39,73442120,Benin,Sudan,4,0,4,4,0,dom
39,73442121,DR Congo,Angola,0,0,0,0,0,nul
39,73442122,Mali,Algeria,1,1,2,1,1,nul
39,73442123,Equatorial Guinea,Gabon,0,1,1,0,1,ext
39,73442124,Mozambique,Ivory Coast,1,0,1,1,0,dom
39,73442125,Senegal,Botswana,1,1,2,1,1,nul
39,73442126,Nigeria,Zimbabwe,1,2,3,1,2,ext
39,73442127,Egypt,Zambia,1,1,2,1,1,nul
39,73442128,Cameroon,South Africa,4,0,4,4,0,dom
39,73442129,Tanzania,Burkina Faso,1,0,1,1,0,dom
39,73442130,Morocco,Tunisia,0,0,0,0,0,nul
39,73442131,Uganda,Comoros,0,1,1,0,1,ext
40,73442132,Tunisia,Equatorial Guinea,0,0,0,0,0,nul
40,73442133,Zimbabwe,Benin,2,0,2,2,0,dom
40,73442134,DR Congo,Morocco,0,5,5,0,5,ext
40,73442135,South Africa,Senegal,2,1,3,2,1,dom
40,73442136,Gabon,Mali,2,1,3,2,1,dom
40,73442137,Zambia,Comoros,1,0,1,1,0,dom
40,73442138,Ivory Coast,Cameroon,4,0,4,4,0,dom
40,73442139,Sudan,Uganda,4,0,4,4,0,dom
40,73442140,Botswana,Nigeria,1,1,2,1,1,nul
40,73442141,Angola,Mozambique,0,4,4,0,4,ext
40,73442142,Algeria,Tanzania,1,3,4,1,3,ext
40,73442143,Burkina Faso,Egypt,1,3,4,1,3,ext
41,73442144,Equatorial Guinea,DR Congo,1,1,2,1,1,nul
41,73442145,Sudan,Zimbabwe,3,0,3,3,0,dom
41,73442146,Cameroon,Angola,0,0,0,0,0,nul
41,73442147,Comoros,Burkina Faso,0,1,1,0,1,ext
41,73442148,Senegal,Ivory Coast,0,1,1,0,1,ext
41,73442149,Nigeria,South Africa,1,0,1,1,0,dom
41,73442150,Tanzania,Gabon,0,0,0,0,0,nul
41,73442151,Benin,Botswana,1,1,2,1,1,nul
41,73442152,Egypt,Algeria,1,0,1,1,0,dom
41,73442153,Mozambique,Morocco,0,0,0,0,0,nul
41,73442154,Mali,Tunisia,0,0,0,0,0,nul
41,73442155,Uganda,Zambia,0,3,3,0,3,ext
42,73442156,Tunisia,Tanzania,1,1,2,1,1,nul
42,73442157,Zimbabwe,Uganda,1,2,3,1,2,ext
42,73442158,Gabon,Egypt,2,1,3,2,1,dom
42,73442159,Botswana,Sudan,0,0,0,0,0,nul
42,73442160,Algeria,Comoros,2,1,3,2,1,dom
42,73442161,Mozambique,Equatorial Guinea,3,0,3,3,0,dom
42,73442162,DR Congo,Mali,1,0,1,1,0,dom
42,73442164,Morocco,Cameroon,5,0,5,5,0,dom
42,73442165,South Africa,Benin,5,0,5,5,0,dom
42,73442166,Angola,Senegal,0,1,1,0,1,ext
42,73442167,Ivory Coast,Nigeria,0,0,0,0,0,nul
43,73442168,Benin,Ivory Coast,0,0,0,0,0,nul
43,73442169,Uganda,Burkina Faso,1,0,1,1,0,dom
43,73442170,Zimbabwe,Botswana,1,1,2,1,1,nul
43,73442171,Egypt,Tunisia,1,2,3,1,2,ext
43,73442172,Tanzania,DR Congo,3,1,4,3,1,dom
43,73442173,Cameroon,Equatorial Guinea,0,0,0,0,0,nul
43,73442174,Comoros,Gabon,1,0,1,1,0,dom
43,73442175,Sudan,South Africa,1,0,1,1,0,dom
43,73442176,Zambia,Algeria,0,0,0,0,0,nul
43,73442177,Mali,Mozambique,0,0,0,0,0,nul
43,73442178,Nigeria,Angola,1,1,2,1,1,nul
43,73442179,Senegal,Morocco,0,0,0,0,0,nul
44,73442180,Morocco,Nigeria,0,0,0,0,0,nul
44,73442181,Ivory Coast,Sudan,1,0,1,1,0,dom
44,73442182,Angola,Benin,0,0,0,0,0,nul
44,73442183,Algeria,Burkina Faso,3,1,4,3,1,dom
44,73442184,Botswana,Uganda,1,1,2,1,1,nul
44,73442185,South Africa,Zimbabwe,3,0,3,3,0,dom
44,73442186,Tunisia,Comoros,1,2,3,1,2,ext
44,73442187,Mozambique,Tanzania,4,0,4,4,0,dom
44,73442188,DR Congo,Egypt,0,0,0,0,0,nul
44,73442189,Gabon,Zambia,3,1,4,3,1,dom
44,73442190,Equatorial Guinea,Senegal,2,1,3,2,1,dom
44,73442191,Cameroon,Mali,0,1,1,0,1,ext
45,73442192,Tanzania,Cameroon,1,0,1,1,0,dom
45,73442193,Sudan,Angola,1,1,2,1,1,nul
45,73442194,Egypt,Mozambique,0,1,1,0,1,ext
45,73442195,Uganda,Algeria,0,0,0,0,0,nul
45,73442196,Burkina Faso,Gabon,1,0,1,1,0,dom
45,73442197,Benin,Morocco,2,0,2,2,0,dom
45,73442198,Comoros,DR Congo,0,1,1,0,1,ext
45,73442199,Nigeria,Equatorial Guinea,1,0,1,1,0,dom
45,73442200,Botswana,South Africa,1,0,1,1,0,dom
45,73442201,Zimbabwe,Ivory Coast,1,0,1,1,0,dom
45,73442202,Senegal,Mali,3,1,4,3,1,dom
45,73442203,Zambia,Tunisia,0,1,1,0,1,ext
46,73442204,DR Congo,Zambia,0,3,3,0,3,ext
46,73442205,South Africa,Uganda,1,0,1,1,0,dom
46,73442206,Angola,Zimbabwe,0,0,0,0,0,nul
46,73442207,Gabon,Algeria,0,0,0,0,0,nul
46,73442208,Senegal,Tanzania,1,2,3,1,2,ext
46,73442209,Mozambique,Comoros,1,0,1,1,0,dom
46,73442210,Ivory Coast,Botswana,0,1,1,0,1,ext
46,73442211,Cameroon,Egypt,3,0,3,3,0,dom
46,73442212,Tunisia,Burkina Faso,0,1,1,0,1,ext
46,73442213,Morocco,Sudan,0,1,1,0,1,ext
46,73442214,Mali,Nigeria,4,0,4,4,0,dom
46,73442215,Equatorial Guinea,Benin,0,0,0,0,0,nul
1,73449898,Gabon,DR Congo,2,0,2,2,0,dom
1,73449899,Angola,Benin,2,1,3,2,1,dom
1,73449900,Equatorial Guinea,Botswana,0,0,0,0,0,nul
1,73449901,Burkina Faso,Ivory Coast,0,0,0,0,0,nul
1,73449902,Zimbabwe,Tunisia,1,1,2,1,1,nul
1,73449903,Senegal,Mozambique,0,3,3,0,3,ext
1,73449904,Mali,Algeria,2,0,2,2,0,dom
1,73449905,Nigeria,Comoros,2,0,2,2,0,dom
1,73449906,Tanzania,Morocco,0,3,3,0,3,ext
1,73449907,South Africa,Egypt,1,0,1,1,0,dom
1,73449908,Uganda,Cameroon,0,0,0,0,0,nul
1,73449909,Zambia,Sudan,1,0,1,1,0,dom
2,73449910,Ivory Coast,Angola,3,0,3,3,0,dom
2,73449911,Sudan,Gabon,1,1,2,1,1,nul
2,73449912,Tunisia,Uganda,1,1,2,1,1,nul
2,73449913,Egypt,Burkina Faso,2,0,2,2,0,dom
2,73449914,Mozambique,Morocco,0,2,2,0,2,ext
2,73449915,Benin,Tanzania,1,0,1,1,0,dom
2,73449916,Botswana,Zimbabwe,2,0,2,2,0,dom
2,73449917,Algeria,Senegal,2,1,3,2,1,dom
2,73449918,Cameroon,South Africa,2,2,4,2,2,nul
2,73449919,Comoros,Zambia,0,2,2,0,2,ext
2,73449920,DR Congo,Mali,0,0,0,0,0,nul
2,73449921,Equatorial Guinea,Nigeria,0,0,0,0,0,nul
3,73449922,Mali,Sudan,3,0,3,3,0,dom
3,73449923,Angola,Egypt,0,2,2,0,2,ext
3,73449924,Tanzania,Mozambique,0,1,1,0,1,ext
3,73449925,Zambia,Equatorial Guinea,1,0,1,1,0,dom
3,73449926,Morocco,Algeria,0,0,0,0,0,nul
3,73449927,Zimbabwe,Nigeria,1,0,1,1,0,dom
3,73449928,Gabon,Comoros,1,1,2,1,1,nul
3,73449929,Uganda,Botswana,1,0,1,1,0,dom
3,73449930,South Africa,Tunisia,0,0,0,0,0,nul
3,73449931,Benin,Ivory Coast,1,1,2,1,1,nul
3,73449933,Senegal,DR Congo,0,0,0,0,0,nul
4,73449934,Equatorial Guinea,Gabon,2,1,3,2,1,dom
4,73449935,Sudan,Senegal,0,1,1,0,1,ext
4,73449936,Ivory Coast,Tanzania,3,0,3,3,0,dom
4,73449937,DR Congo,Morocco,0,3,3,0,3,ext
4,73449938,Algeria,Mozambique,2,1,3,2,1,dom
4,73449939,Botswana,South Africa,1,1,2,1,1,nul
4,73449940,Comoros,Mali,0,1,1,0,1,ext
4,73449941,Cameroon,Angola,2,0,2,2,0,dom
4,73449942,Egypt,Benin,1,0,1,1,0,dom
4,73449943,Zimbabwe,Zambia,0,0,0,0,0,nul
4,73449944,Nigeria,Uganda,1,1,2,1,1,nul
4,73449945,Tunisia,Burkina Faso,3,0,3,3,0,dom
5,73449946,Benin,Cameroon,3,1,4,3,1,dom
5,73449947,Senegal,Comoros,4,0,4,4,0,dom
5,73449948,Uganda,Zambia,1,2,3,1,2,ext
5,73449949,Angola,Tunisia,1,0,1,1,0,dom
5,73449950,Tanzania,Algeria,1,1,2,1,1,nul
5,73449951,Mali,Equatorial Guinea,0,0,0,0,0,nul
5,73449953,Mozambique,DR Congo,1,1,2,1,1,nul
5,73449954,Ivory Coast,Egypt,1,1,2,1,1,nul
5,73449955,Burkina Faso,Botswana,0,1,1,0,1,ext
5,73449956,South Africa,Nigeria,1,1,2,1,1,nul
5,73449957,Morocco,Sudan,5,0,5,5,0,dom
6,73449958,Egypt,Tanzania,3,1,4,3,1,dom
6,73449959,Botswana,Angola,0,2,2,0,2,ext
6,73449961,Nigeria,Burkina Faso,2,1,3,2,1,dom
6,73449962,Tunisia,Benin,3,1,4,3,1,dom
6,73449963,Equatorial Guinea,Senegal,0,0,0,0,0,nul
6,73449965,Zambia,South Africa,1,2,3,1,2,ext
6,73449966,DR Congo,Algeria,0,0,0,0,0,nul
6,73449967,Zimbabwe,Mali,1,0,1,1,0,dom
6,73449968,Comoros,Morocco,0,1,1,0,1,ext
6,73449969,Cameroon,Ivory Coast,0,2,2,0,2,ext
7,73449970,Mali,Uganda,0,2,2,0,2,ext
7,73449971,Angola,Nigeria,1,1,2,1,1,nul
7,73449972,Mozambique,Comoros,3,1,4,3,1,dom
7,73449973,Burkina Faso,Zambia,3,2,5,3,2,dom
7,73449974,Ivory Coast,Tunisia,0,0,0,0,0,nul
7,73449975,South Africa,Gabon,0,0,0,0,0,nul
7,73449976,Senegal,Zimbabwe,1,1,2,1,1,nul
7,73449977,Tanzania,DR Congo,1,1,2,1,1,nul
7,73449979,Egypt,Cameroon,0,0,0,0,0,nul
7,73449980,Algeria,Sudan,0,1,1,0,1,ext
7,73449981,Benin,Botswana,1,0,1,1,0,dom
8,73449982,South Africa,Mali,3,0,3,3,0,dom
8,73449983,Zimbabwe,Morocco,1,1,2,1,1,nul
8,73449984,Cameroon,Tanzania,0,0,0,0,0,nul
8,73449985,Uganda,Senegal,3,2,5,3,2,dom
8,73449986,Botswana,Ivory Coast,2,1,3,2,1,dom
8,73449987,Gabon,Burkina Faso,2,0,2,2,0,dom
8,73449988,Equatorial Guinea,Mozambique,1,1,2,1,1,nul
8,73449989,Zambia,Angola,2,1,3,2,1,dom
8,73449990,Tunisia,Egypt,0,0,0,0,0,nul
8,73449991,Nigeria,Benin,1,1,2,1,1,nul
8,73449992,Sudan,DR Congo,0,0,0,0,0,nul
8,73449993,Comoros,Algeria,2,1,3,2,1,dom
9,73449994,Cameroon,Tunisia,0,0,0,0,0,nul
9,73449995,Ivory Coast,Nigeria,1,0,1,1,0,dom
9,73449996,DR Congo,Comoros,0,0,0,0,0,nul
9,73449997,Angola,Gabon,0,1,1,0,1,ext
9,73449998,Senegal,South Africa,1,0,1,1,0,dom
9,73449999,Algeria,Equatorial Guinea,4,1,5,4,1,dom
9,73450000,Burkina Faso,Mali,0,0,0,0,0,nul
9,73450001,Mozambique,Zimbabwe,0,0,0,0,0,nul
9,73450002,Morocco,Uganda,2,3,5,2,3,ext
9,73450003,Benin,Zambia,2,1,3,2,1,dom
9,73450004,Egypt,Botswana,0,0,0,0,0,nul
9,73450005,Tanzania,Sudan,0,0,0,0,0,nul
10,73450006,Burkina Faso,Senegal,0,0,0,0,0,nul
10,73450007,Zimbabwe,Algeria,2,0,2,2,0,dom
10,73450009,Uganda,Mozambique,1,1,2,1,1,nul
10,73450010,Equatorial Guinea,DR Congo,0,0,0,0,0,nul
10,73450011,Mali,Angola,3,0,3,3,0,dom
10,73450012,South Africa,Morocco,2,0,2,2,0,dom
10,73450013,Nigeria,Egypt,1,1,2,1,1,nul
10,73450014,Tunisia,Tanzania,2,0,2,2,0,dom
10,73450015,Gabon,Benin,0,0,0,0,0,nul
10,73450016,Botswana,Cameroon,0,0,0,0,0,nul
10,73450017,Comoros,Sudan,2,1,3,2,1,dom
11,73450018,Mozambique,South Africa,1,1,2,1,1,nul
11,73450019,Angola,Senegal,0,2,2,0,2,ext
11,73450020,Morocco,Burkina Faso,3,0,3,3,0,dom
11,73450022,Egypt,Zambia,3,0,3,3,0,dom
11,73450023,Tunisia,Botswana,0,1,1,0,1,ext
11,73450025,DR Congo,Zimbabwe,1,0,1,1,0,dom
11,73450026,Sudan,Equatorial Guinea,4,0,4,4,0,dom
11,73450027,Algeria,Uganda,0,0,0,0,0,nul
11,73450028,Ivory Coast,Gabon,0,0,0,0,0,nul
11,73450029,Tanzania,Comoros,1,0,1,1,0,dom
12,73450030,Uganda,DR Congo,1,1,2,1,1,nul
12,73450031,Nigeria,Tunisia,1,2,3,1,2,ext
12,73450032,Gabon,Egypt,1,1,2,1,1,nul
12,73450033,Senegal,Benin,1,3,4,1,3,ext
12,73450034,Zambia,Cameroon,4,0,4,4,0,dom
12,73450035,Burkina Faso,Mozambique,0,1,1,0,1,ext
12,73450036,Equatorial Guinea,Comoros,4,0,4,4,0,dom
12,73450037,Mali,Ivory Coast,0,1,1,0,1,ext
12,73450038,South Africa,Algeria,0,2,2,0,2,ext
12,73450039,Botswana,Tanzania,0,1,1,0,1,ext
12,73450040,Angola,Morocco,0,0,0,0,0,nul
12,73450041,Zimbabwe,Sudan,1,0,1,1,0,dom
13,73450042,Egypt,Mali,0,0,0,0,0,nul
13,73450043,Tunisia,Zambia,3,2,5,3,2,dom
13,73450044,DR Congo,South Africa,1,1,2,1,1,nul
13,73450045,Tanzania,Equatorial Guinea,0,0,0,0,0,nul
13,73450046,Cameroon,Gabon,3,0,3,3,0,dom
13,73450047,Mozambique,Angola,0,1,1,0,1,ext
13,73450048,Comoros,Zimbabwe,0,0,0,0,0,nul
13,73450049,Algeria,Burkina Faso,2,1,3,2,1,dom
13,73450050,Sudan,Uganda,1,2,3,1,2,ext
13,73450051,Ivory Coast,Senegal,0,0,0,0,0,nul
13,73450052,Botswana,Nigeria,0,3,3,0,3,ext
14,73450054,Uganda,Comoros,1,1,2,1,1,nul
14,73450055,Burkina Faso,DR Congo,1,0,1,1,0,dom
14,73450056,Zimbabwe,Equatorial Guinea,1,1,2,1,1,nul
14,73450057,Mali,Cameroon,1,1,2,1,1,nul
14,73450058,Senegal,Egypt,1,1,2,1,1,nul
14,73450059,Benin,Mozambique,2,1,3,2,1,dom
14,73450060,Morocco,Ivory Coast,0,1,1,0,1,ext
14,73450061,Gabon,Tunisia,0,0,0,0,0,nul
14,73450062,South Africa,Sudan,3,1,4,3,1,dom
14,73450063,Angola,Algeria,0,0,0,0,0,nul
14,73450064,Zambia,Botswana,0,0,0,0,0,nul
14,73450065,Nigeria,Tanzania,0,0,0,0,0,nul
15,73450066,Algeria,Benin,5,0,5,5,0,dom
15,73450067,Cameroon,Senegal,0,0,0,0,0,nul
15,73450068,Ivory Coast,Mozambique,2,0,2,2,0,dom
15,73450069,Sudan,Burkina Faso,0,3,3,0,3,ext
15,73450070,Tanzania,Zimbabwe,0,0,0,0,0,nul
15,73450071,Equatorial Guinea,Uganda,0,0,0,0,0,nul
15,73450072,Nigeria,Zambia,1,0,1,1,0,dom
15,73450073,Tunisia,Mali,1,1,2,1,1,nul
15,73450074,DR Congo,Angola,0,0,0,0,0,nul
15,73450075,Egypt,Morocco,3,0,3,3,0,dom
15,73450076,Botswana,Gabon,1,3,4,1,3,ext
15,73450077,Comoros,South Africa,1,0,1,1,0,dom
16,73450078,Senegal,Tunisia,0,0,0,0,0,nul
16,73450079,Zambia,Tanzania,0,0,0,0,0,nul
16,73450080,Mozambique,Egypt,0,0,0,0,0,nul
16,73450081,Uganda,Zimbabwe,2,0,2,2,0,dom
16,73450082,Benin,DR Congo,1,1,2,1,1,nul
16,73450083,Gabon,Nigeria,0,3,3,0,3,ext
16,73450084,South Africa,Equatorial Guinea,1,0,1,1,0,dom
16,73450085,Ivory Coast,Algeria,2,0,2,2,0,dom
16,73450086,Mali,Botswana,1,0,1,1,0,dom
16,73450087,Angola,Sudan,2,0,2,2,0,dom
16,73450088,Burkina Faso,Comoros,0,0,0,0,0,nul
16,73450089,Morocco,Cameroon,2,0,2,2,0,dom
17,73450090,Egypt,Algeria,0,0,0,0,0,nul
17,73450091,Equatorial Guinea,Burkina Faso,1,0,1,1,0,dom
17,73450092,Nigeria,Mali,0,0,0,0,0,nul
17,73450093,Botswana,Senegal,0,3,3,0,3,ext
17,73450094,Zambia,Gabon,0,0,0,0,0,nul
17,73450095,DR Congo,Ivory Coast,1,0,1,1,0,dom
17,73450096,Cameroon,Mozambique,0,0,0,0,0,nul
17,73450097,Tunisia,Morocco,2,0,2,2,0,dom
17,73450098,Comoros,Angola,1,0,1,1,0,dom
17,73450100,Tanzania,Uganda,1,0,1,1,0,dom
17,73450101,Sudan,Benin,1,2,3,1,2,ext
18,73450102,Mali,Zambia,2,1,3,2,1,dom
18,73450103,Morocco,Botswana,1,4,5,1,4,ext
18,73450104,Benin,Comoros,0,1,1,0,1,ext
18,73450105,Ivory Coast,Sudan,0,0,0,0,0,nul
18,73450106,Algeria,Cameroon,4,2,6,4,2,dom
18,73450108,Angola,Equatorial Guinea,1,0,1,1,0,dom
18,73450109,Burkina Faso,Zimbabwe,2,1,3,2,1,dom
18,73450110,Mozambique,Tunisia,3,0,3,3,0,dom
18,73450111,Senegal,Nigeria,3,0,3,3,0,dom
18,73450112,Egypt,DR Congo,0,1,1,0,1,ext
18,73450113,South Africa,Uganda,2,0,2,2,0,dom
19,73450114,Equatorial Guinea,Benin,2,0,2,2,0,dom
19,73450115,Zambia,Senegal,1,1,2,1,1,nul
19,73450116,Tunisia,Algeria,5,0,5,5,0,dom
19,73450117,Cameroon,DR Congo,1,5,6,1,5,ext
19,73450118,Zimbabwe,Angola,0,0,0,0,0,nul
19,73450119,Uganda,Burkina Faso,0,0,0,0,0,nul
19,73450120,Sudan,Egypt,0,1,1,0,1,ext
19,73450121,Tanzania,South Africa,2,0,2,2,0,dom
19,73450122,Gabon,Mali,0,0,0,0,0,nul
19,73450123,Botswana,Mozambique,0,0,0,0,0,nul
19,73450124,Nigeria,Morocco,1,0,1,1,0,dom
19,73450125,Comoros,Ivory Coast,0,0,0,0,0,nul
20,73450126,Egypt,Comoros,2,0,2,2,0,dom
20,73450127,Cameroon,Sudan,0,0,0,0,0,nul
20,73450128,Ivory Coast,Equatorial Guinea,0,3,3,0,3,ext
20,73450129,Morocco,Zambia,0,3,3,0,3,ext
20,73450130,Algeria,Botswana,3,1,4,3,1,dom
20,73450131,Senegal,Gabon,1,0,1,1,0,dom
20,73450132,Angola,Uganda,3,0,3,3,0,dom
20,73450133,Mozambique,Nigeria,2,0,2,2,0,dom
20,73450134,Benin,Zimbabwe,0,0,0,0,0,nul
20,73450135,Mali,Tanzania,1,0,1,1,0,dom
20,73450136,Burkina Faso,South Africa,1,0,1,1,0,dom
20,73450137,DR Congo,Tunisia,2,0,2,2,0,dom
21,73450139,Tunisia,Sudan,1,0,1,1,0,dom
21,73450140,Equatorial Guinea,Egypt,5,0,5,5,0,dom
21,73450141,Zambia,Mozambique,0,0,0,0,0,nul
21,73450142,Mali,Senegal,1,1,2,1,1,nul
21,73450143,Tanzania,Burkina Faso,1,1,2,1,1,nul
21,73450144,Gabon,Morocco,1,0,1,1,0,dom
21,73450145,Botswana,DR Congo,0,0,0,0,0,nul
21,73450146,South Africa,Angola,0,0,0,0,0,nul
21,73450147,Uganda,Benin,0,0,0,0,0,nul
21,73450148,Nigeria,Algeria,0,2,2,0,2,ext
21,73450149,Zimbabwe,Ivory Coast,0,2,2,0,2,ext
22,73450150,Benin,South Africa,1,1,2,1,1,nul
22,73450151,Algeria,Zambia,0,1,1,0,1,ext
22,73450152,DR Congo,Nigeria,1,0,1,1,0,dom
22,73450153,Sudan,Botswana,1,1,2,1,1,nul
22,73450154,Angola,Burkina Faso,1,0,1,1,0,dom
22,73450155,Cameroon,Equatorial Guinea,3,0,3,3,0,dom
22,73450156,Mozambique,Gabon,0,0,0,0,0,nul
22,73450157,Tunisia,Comoros,4,0,4,4,0,dom
22,73450159,Morocco,Mali,1,0,1,1,0,dom
22,73450160,Egypt,Zimbabwe,2,0,2,2,0,dom
22,73450161,Ivory Coast,Uganda,6,0,6,6,0,dom
23,73450162,Gabon,Algeria,1,0,1,1,0,dom
23,73450164,Senegal,Morocco,2,0,2,2,0,dom
23,73450165,Burkina Faso,Benin,1,0,1,1,0,dom
23,73450166,South Africa,Ivory Coast,0,0,0,0,0,nul
23,73450167,Botswana,Comoros,0,0,0,0,0,nul
23,73450168,Mali,Mozambique,0,0,0,0,0,nul
23,73450169,Tanzania,Angola,1,0,1,1,0,dom
23,73450170,Nigeria,Sudan,2,0,2,2,0,dom
23,73450171,Zimbabwe,Cameroon,1,3,4,1,3,ext
23,73450172,Uganda,Egypt,0,2,2,0,2,ext
23,73450173,Equatorial Guinea,Tunisia,1,2,3,1,2,ext
24,73450174,DR Congo,Gabon,0,1,1,0,1,ext
24,73450175,Benin,Angola,2,0,2,2,0,dom
24,73450176,Botswana,Equatorial Guinea,1,0,1,1,0,dom
24,73450177,Ivory Coast,Burkina Faso,0,0,0,0,0,nul
24,73450178,Tunisia,Zimbabwe,1,0,1,1,0,dom
24,73450179,Mozambique,Senegal,4,0,4,4,0,dom
24,73450180,Algeria,Mali,0,0,0,0,0,nul
24,73450181,Comoros,Nigeria,1,0,1,1,0,dom
24,73450182,Morocco,Tanzania,0,0,0,0,0,nul
24,73450183,Egypt,South Africa,0,0,0,0,0,nul
24,73450184,Cameroon,Uganda,4,1,5,4,1,dom
24,73450185,Sudan,Zambia,0,1,1,0,1,ext
25,73450186,Angola,Ivory Coast,1,3,4,1,3,ext
25,73450187,Gabon,Sudan,0,0,0,0,0,nul
25,73450188,Uganda,Tunisia,1,1,2,1,1,nul
25,73450189,Burkina Faso,Egypt,1,2,3,1,2,ext
25,73450190,Morocco,Mozambique,3,1,4,3,1,dom
25,73450191,Tanzania,Benin,1,0,1,1,0,dom
25,73450192,Zimbabwe,Botswana,1,1,2,1,1,nul
25,73450193,Senegal,Algeria,0,0,0,0,0,nul
25,73450194,South Africa,Cameroon,1,2,3,1,2,ext
25,73450195,Zambia,Comoros,1,0,1,1,0,dom
25,73450196,Mali,DR Congo,1,0,1,1,0,dom
25,73450197,Nigeria,Equatorial Guinea,2,1,3,2,1,dom
26,73450198,Sudan,Mali,1,0,1,1,0,dom
26,73450199,Egypt,Angola,1,0,1,1,0,dom
26,73450200,Mozambique,Tanzania,4,0,4,4,0,dom
26,73450201,Equatorial Guinea,Zambia,1,0,1,1,0,dom
26,73450202,Algeria,Morocco,1,0,1,1,0,dom
26,73450203,Nigeria,Zimbabwe,1,2,3,1,2,ext
26,73450204,Comoros,Gabon,1,1,2,1,1,nul
26,73450205,Botswana,Uganda,0,0,0,0,0,nul
26,73450206,Tunisia,South Africa,0,1,1,0,1,ext
26,73450207,Ivory Coast,Benin,1,0,1,1,0,dom
26,73450209,DR Congo,Senegal,5,0,5,5,0,dom
27,73450210,Gabon,Equatorial Guinea,1,1,2,1,1,nul
27,73450211,Senegal,Sudan,0,1,1,0,1,ext
27,73450213,Morocco,DR Congo,1,1,2,1,1,nul
27,73450214,Mozambique,Algeria,0,3,3,0,3,ext
27,73450215,South Africa,Botswana,0,0,0,0,0,nul
27,73450216,Mali,Comoros,2,0,2,2,0,dom
27,73450217,Angola,Cameroon,0,0,0,0,0,nul
27,73450218,Benin,Egypt,0,2,2,0,2,ext
27,73450219,Zambia,Zimbabwe,0,0,0,0,0,nul
27,73450220,Uganda,Nigeria,2,0,2,2,0,dom
27,73450221,Burkina Faso,Tunisia,1,0,1,1,0,dom
28,73450222,Cameroon,Benin,2,1,3,2,1,dom
28,73450223,Comoros,Senegal,0,0,0,0,0,nul
28,73450224,Zambia,Uganda,2,0,2,2,0,dom
28,73450225,Tunisia,Angola,0,0,0,0,0,nul
28,73450226,Algeria,Tanzania,1,1,2,1,1,nul
28,73450227,Equatorial Guinea,Mali,2,0,2,2,0,dom
28,73450229,DR Congo,Mozambique,0,2,2,0,2,ext
28,73450230,Egypt,Ivory Coast,0,0,0,0,0,nul
28,73450231,Botswana,Burkina Faso,1,1,2,1,1,nul
28,73450232,Nigeria,South Africa,3,1,4,3,1,dom
28,73450233,Sudan,Morocco,0,3,3,0,3,ext
29,73450234,Tanzania,Egypt,0,2,2,0,2,ext
29,73450235,Angola,Botswana,2,0,2,2,0,dom
29,73450237,Burkina Faso,Nigeria,2,0,2,2,0,dom
29,73450238,Benin,Tunisia,1,0,1,1,0,dom
29,73450239,Senegal,Equatorial Guinea,5,0,5,5,0,dom
29,73450241,South Africa,Zambia,4,1,5,4,1,dom
29,73450242,Algeria,DR Congo,1,0,1,1,0,dom
29,73450243,Mali,Zimbabwe,3,1,4,3,1,dom
29,73450244,Morocco,Comoros,2,0,2,2,0,dom
29,73450245,Ivory Coast,Cameroon,2,0,2,2,0,dom
30,73450246,Uganda,Mali,0,0,0,0,0,nul
30,73450247,Nigeria,Angola,1,0,1,1,0,dom
30,73450248,Comoros,Mozambique,1,2,3,1,2,ext
30,73450249,Zambia,Burkina Faso,1,0,1,1,0,dom
30,73450250,Tunisia,Ivory Coast,3,1,4,3,1,dom
30,73450251,Gabon,South Africa,1,2,3,1,2,ext
30,73450252,Zimbabwe,Senegal,1,1,2,1,1,nul
30,73450253,DR Congo,Tanzania,0,3,3,0,3,ext
30,73450255,Cameroon,Egypt,0,2,2,0,2,ext
30,73450256,Sudan,Algeria,1,1,2,1,1,nul
30,73450257,Botswana,Benin,0,0,0,0,0,nul
31,73450258,Mali,South Africa,0,1,1,0,1,ext
31,73450259,Morocco,Zimbabwe,0,0,0,0,0,nul
31,73450261,Senegal,Uganda,3,1,4,3,1,dom
31,73450262,Ivory Coast,Botswana,1,0,1,1,0,dom
31,73450263,Burkina Faso,Gabon,3,1,4,3,1,dom
31,73450264,Mozambique,Equatorial Guinea,0,0,0,0,0,nul
31,73450267,Benin,Nigeria,0,0,0,0,0,nul
31,73450268,DR Congo,Sudan,0,1,1,0,1,ext
32,73450270,Tunisia,Cameroon,1,0,1,1,0,dom
32,73450271,Nigeria,Ivory Coast,0,1,1,0,1,ext
32,73450272,Comoros,DR Congo,1,0,1,1,0,dom
32,73450273,Gabon,Angola,1,0,1,1,0,dom
32,73450274,South Africa,Senegal,2,0,2,2,0,dom
32,73450275,Equatorial Guinea,Algeria,0,1,1,0,1,ext
32,73450276,Mali,Burkina Faso,2,0,2,2,0,dom
32,73450278,Uganda,Morocco,1,0,1,1,0,dom
32,73450279,Zambia,Benin,4,0,4,4,0,dom
32,73450281,Sudan,Tanzania,1,3,4,1,3,ext
33,73450282,Senegal,Burkina Faso,3,0,3,3,0,dom
33,73450283,Algeria,Zimbabwe,1,2,3,1,2,ext
33,73450285,Mozambique,Uganda,3,2,5,3,2,dom
33,73450286,DR Congo,Equatorial Guinea,2,0,2,2,0,dom
33,73450287,Angola,Mali,1,1,2,1,1,nul
33,73450288,Morocco,South Africa,2,2,4,2,2,nul
33,73450289,Egypt,Nigeria,0,0,0,0,0,nul
33,73450290,Tanzania,Tunisia,0,0,0,0,0,nul
33,73450291,Benin,Gabon,2,3,5,2,3,ext
33,73450292,Cameroon,Botswana,0,0,0,0,0,nul
33,73450293,Sudan,Comoros,0,3,3,0,3,ext
34,73450294,South Africa,Mozambique,2,2,4,2,2,nul
34,73450295,Senegal,Angola,3,0,3,3,0,dom
34,73450296,Burkina Faso,Morocco,1,3,4,1,3,ext
34,73450297,Mali,Benin,4,0,4,4,0,dom
34,73450298,Zambia,Egypt,1,1,2,1,1,nul
34,73450299,Botswana,Tunisia,0,1,1,0,1,ext
34,73450301,Zimbabwe,DR Congo,0,2,2,0,2,ext
34,73450302,Equatorial Guinea,Sudan,3,0,3,3,0,dom
34,73450303,Uganda,Algeria,0,0,0,0,0,nul
34,73450304,Gabon,Ivory Coast,0,0,0,0,0,nul
34,73450305,Comoros,Tanzania,0,1,1,0,1,ext
35,73450306,DR Congo,Uganda,3,1,4,3,1,dom
35,73450307,Tunisia,Nigeria,1,2,3,1,2,ext
35,73450308,Egypt,Gabon,0,0,0,0,0,nul
35,73450309,Benin,Senegal,0,0,0,0,0,nul
35,73450310,Cameroon,Zambia,0,2,2,0,2,ext
35,73450311,Mozambique,Burkina Faso,3,0,3,3,0,dom
35,73450312,Comoros,Equatorial Guinea,1,2,3,1,2,ext
35,73450313,Ivory Coast,Mali,0,0,0,0,0,nul
35,73450314,Algeria,South Africa,3,0,3,3,0,dom
35,73450315,Tanzania,Botswana,1,0,1,1,0,dom
35,73450316,Morocco,Angola,3,1,4,3,1,dom
35,73450317,Sudan,Zimbabwe,1,0,1,1,0,dom
36,73450318,Mali,Egypt,0,1,1,0,1,ext
36,73450319,Zambia,Tunisia,0,0,0,0,0,nul
36,73450320,South Africa,DR Congo,0,1,1,0,1,ext
36,73450321,Equatorial Guinea,Tanzania,0,0,0,0,0,nul
36,73450322,Gabon,Cameroon,0,0,0,0,0,nul
36,73450323,Angola,Mozambique,1,1,2,1,1,nul
36,73450324,Zimbabwe,Comoros,2,0,2,2,0,dom
36,73450325,Burkina Faso,Algeria,0,0,0,0,0,nul
36,73450326,Uganda,Sudan,3,0,3,3,0,dom
36,73450327,Senegal,Ivory Coast,0,0,0,0,0,nul
36,73450328,Nigeria,Botswana,2,0,2,2,0,dom
36,73450329,Morocco,Benin,3,0,3,3,0,dom
37,73450330,Comoros,Uganda,2,0,2,2,0,dom
37,73450331,DR Congo,Burkina Faso,2,1,3,2,1,dom
37,73450332,Equatorial Guinea,Zimbabwe,0,0,0,0,0,nul
37,73450333,Cameroon,Mali,0,1,1,0,1,ext
37,73450334,Egypt,Senegal,1,0,1,1,0,dom
37,73450335,Mozambique,Benin,4,0,4,4,0,dom
37,73450336,Ivory Coast,Morocco,3,0,3,3,0,dom
37,73450337,Tunisia,Gabon,2,0,2,2,0,dom
37,73450338,Sudan,South Africa,0,2,2,0,2,ext
37,73450339,Algeria,Angola,0,0,0,0,0,nul
37,73450340,Botswana,Zambia,1,1,2,1,1,nul
37,73450341,Tanzania,Nigeria,0,1,1,0,1,ext
38,73450342,Benin,Algeria,1,0,1,1,0,dom
38,73450343,Senegal,Cameroon,2,0,2,2,0,dom
38,73450344,Mozambique,Ivory Coast,1,0,1,1,0,dom
38,73450345,Burkina Faso,Sudan,3,1,4,3,1,dom
38,73450346,Zimbabwe,Tanzania,0,0,0,0,0,nul
38,73450347,Uganda,Equatorial Guinea,0,0,0,0,0,nul
38,73450348,Zambia,Nigeria,0,0,0,0,0,nul
38,73450349,Mali,Tunisia,0,0,0,0,0,nul
38,73450350,Angola,DR Congo,2,0,2,2,0,dom
38,73450351,Morocco,Egypt,0,1,1,0,1,ext
38,73450352,Gabon,Botswana,0,0,0,0,0,nul
38,73450353,South Africa,Comoros,1,0,1,1,0,dom
39,73450354,Tunisia,Senegal,1,0,1,1,0,dom
39,73450355,Tanzania,Zambia,0,0,0,0,0,nul
39,73450356,Egypt,Mozambique,1,0,1,1,0,dom
39,73450357,Zimbabwe,Uganda,1,1,2,1,1,nul
39,73450358,DR Congo,Benin,3,0,3,3,0,dom
39,73450359,Nigeria,Gabon,3,0,3,3,0,dom
39,73450360,Equatorial Guinea,South Africa,1,1,2,1,1,nul
39,73450361,Algeria,Ivory Coast,3,1,4,3,1,dom
39,73450362,Botswana,Mali,0,2,2,0,2,ext
39,73450364,Comoros,Burkina Faso,1,1,2,1,1,nul
39,73450365,Cameroon,Morocco,2,1,3,2,1,dom
40,73450366,Algeria,Egypt,0,0,0,0,0,nul
40,73450367,Burkina Faso,Equatorial Guinea,2,0,2,2,0,dom
40,73450368,Mali,Nigeria,0,5,5,0,5,ext
40,73450369,Senegal,Botswana,2,1,3,2,1,dom
40,73450370,Gabon,Zambia,2,1,3,2,1,dom
40,73450371,Ivory Coast,DR Congo,1,0,1,1,0,dom
40,73450372,Mozambique,Cameroon,4,0,4,4,0,dom
40,73450373,Morocco,Tunisia,4,0,4,4,0,dom
40,73450374,Angola,Comoros,1,1,2,1,1,nul
40,73450375,South Africa,Zimbabwe,0,4,4,0,4,ext
40,73450376,Uganda,Tanzania,1,3,4,1,3,ext
40,73450377,Benin,Sudan,1,3,4,1,3,ext
41,73450378,Zambia,Mali,1,1,2,1,1,nul
41,73450379,Botswana,Morocco,3,0,3,3,0,dom
41,73450380,Comoros,Benin,0,0,0,0,0,nul
41,73450381,Sudan,Ivory Coast,0,1,1,0,1,ext
41,73450382,Cameroon,Algeria,0,1,1,0,1,ext
41,73450384,Equatorial Guinea,Angola,0,0,0,0,0,nul
41,73450385,Zimbabwe,Burkina Faso,1,1,2,1,1,nul
41,73450386,Tunisia,Mozambique,1,0,1,1,0,dom
41,73450387,Nigeria,Senegal,0,0,0,0,0,nul
41,73450388,DR Congo,Egypt,0,0,0,0,0,nul
41,73450389,Uganda,South Africa,0,3,3,0,3,ext
42,73450390,Benin,Equatorial Guinea,2,0,2,2,0,dom
42,73450391,Senegal,Zambia,2,1,3,2,1,dom
42,73450392,Algeria,Tunisia,2,2,4,2,2,nul
42,73450393,DR Congo,Cameroon,3,1,4,3,1,dom
42,73450394,Angola,Zimbabwe,0,0,0,0,0,nul
42,73450395,Burkina Faso,Uganda,3,0,3,3,0,dom
42,73450396,Egypt,Sudan,3,0,3,3,0,dom
42,73450397,South Africa,Tanzania,0,0,0,0,0,nul
42,73450398,Mali,Gabon,0,0,0,0,0,nul
42,73450399,Mozambique,Botswana,0,0,0,0,0,nul
42,73450400,Morocco,Nigeria,1,2,3,1,2,ext
42,73450401,Ivory Coast,Comoros,3,0,3,3,0,dom
43,73450402,Comoros,Egypt,0,0,0,0,0,nul
43,73450403,Sudan,Cameroon,1,0,1,1,0,dom
43,73450404,Equatorial Guinea,Ivory Coast,1,1,2,1,1,nul
43,73450405,Zambia,Morocco,1,2,3,1,2,ext
43,73450406,Botswana,Algeria,3,1,4,3,1,dom
43,73450407,Gabon,Senegal,0,0,0,0,0,nul
43,73450408,Uganda,Angola,1,0,1,1,0,dom
43,73450409,Nigeria,Mozambique,1,0,1,1,0,dom
43,73450410,Zimbabwe,Benin,0,0,0,0,0,nul
43,73450411,Tanzania,Mali,0,0,0,0,0,nul
43,73450412,South Africa,Burkina Faso,1,1,2,1,1,nul
43,73450413,Tunisia,DR Congo,0,0,0,0,0,nul
13,73454012,Sudan,Egypt,0,0,0,0,0,nul
13,73454013,Zambia,Benin,1,0,1,1,0,dom
13,73454014,Burkina Faso,Tanzania,0,2,2,0,2,ext
13,73454015,Comoros,Gabon,1,2,3,1,2,ext
13,73454016,Botswana,DR Congo,0,0,0,0,0,nul
13,73454017,South Africa,Mali,1,2,3,1,2,ext
13,73454018,Algeria,Morocco,3,2,5,3,2,dom
13,73454019,Equatorial Guinea,Mozambique,0,1,1,0,1,ext
13,73454020,Ivory Coast,Cameroon,1,1,2,1,1,nul
13,73454021,Senegal,Angola,2,0,2,2,0,dom
13,73454022,Uganda,Zimbabwe,0,0,0,0,0,nul
13,73454023,Nigeria,Tunisia,0,0,0,0,0,nul
14,73454024,Mozambique,Uganda,0,1,1,0,1,ext
14,73454025,Senegal,Equatorial Guinea,2,0,2,2,0,dom
14,73454026,Zimbabwe,Ivory Coast,2,1,3,2,1,dom
14,73454027,Cameroon,Algeria,0,0,0,0,0,nul
14,73454028,Benin,Sudan,4,1,5,4,1,dom
14,73454029,Gabon,South Africa,3,1,4,3,1,dom
14,73454030,Angola,Comoros,0,0,0,0,0,nul
14,73454031,Egypt,Burkina Faso,2,0,2,2,0,dom
14,73454032,Morocco,Botswana,4,0,4,4,0,dom
14,73454033,DR Congo,Tanzania,1,0,1,1,0,dom
14,73454034,Mali,Nigeria,0,1,1,0,1,ext
14,73454035,Tunisia,Zambia,2,1,3,2,1,dom
15,73454036,Tanzania,Morocco,1,0,1,1,0,dom
15,73454037,South Africa,Angola,1,0,1,1,0,dom
15,73454038,Algeria,Zimbabwe,0,1,1,0,1,ext
15,73454039,Botswana,Cameroon,2,0,2,2,0,dom
15,73454040,Zambia,Mali,0,1,1,0,1,ext
15,73454041,Comoros,Equatorial Guinea,0,0,0,0,0,nul
15,73454042,Nigeria,Gabon,0,1,1,0,1,ext
15,73454043,Uganda,Senegal,2,0,2,2,0,dom
15,73454044,Burkina Faso,DR Congo,3,0,3,3,0,dom
15,73454045,Sudan,Tunisia,1,1,2,1,1,nul
15,73454046,Egypt,Benin,2,1,3,2,1,dom
16,73454048,Cameroon,Tanzania,5,1,6,5,1,dom
16,73454049,Senegal,Ivory Coast,1,1,2,1,1,nul
16,73454050,Mozambique,Algeria,3,1,4,3,1,dom
16,73454051,Angola,Nigeria,0,0,0,0,0,nul
16,73454052,Mali,Sudan,3,0,3,3,0,dom
16,73454054,Zimbabwe,Botswana,1,1,2,1,1,nul
16,73454055,Benin,Burkina Faso,0,0,0,0,0,nul
16,73454056,Equatorial Guinea,South Africa,0,1,1,0,1,ext
16,73454057,Tunisia,Egypt,0,0,0,0,0,nul
16,73454058,Morocco,DR Congo,1,0,1,1,0,dom
16,73454059,Gabon,Zambia,0,1,1,0,1,ext
17,73454060,Zambia,Angola,1,0,1,1,0,dom
17,73454061,Sudan,Gabon,1,3,4,1,3,ext
17,73454062,Algeria,Senegal,2,1,3,2,1,dom
17,73454063,DR Congo,Cameroon,1,1,2,1,1,nul
17,73454064,Egypt,Mali,0,0,0,0,0,nul
17,73454065,Burkina Faso,Morocco,2,0,2,2,0,dom
17,73454066,Tanzania,Zimbabwe,0,1,1,0,1,ext
17,73454067,Ivory Coast,Comoros,0,1,1,0,1,ext
17,73454068,Botswana,Mozambique,0,3,3,0,3,ext
17,73454069,South Africa,Uganda,2,0,2,2,0,dom
17,73454070,Benin,Tunisia,0,0,0,0,0,nul
17,73454071,Nigeria,Equatorial Guinea,1,1,2,1,1,nul
18,73454072,South Africa,Ivory Coast,2,2,4,2,2,nul
18,73454073,Zimbabwe,DR Congo,0,0,0,0,0,nul
18,73454074,Gabon,Egypt,0,5,5,0,5,ext
18,73454075,Equatorial Guinea,Zambia,1,1,2,1,1,nul
18,73454076,Senegal,Botswana,1,0,1,1,0,dom
18,73454077,Uganda,Nigeria,0,1,1,0,1,ext
18,73454078,Comoros,Algeria,1,0,1,1,0,dom
18,73454080,Mali,Benin,4,0,4,4,0,dom
18,73454081,Cameroon,Morocco,5,0,5,5,0,dom
18,73454082,Mozambique,Tanzania,0,3,3,0,3,ext
18,73454083,Angola,Sudan,0,0,0,0,0,nul
19,73454084,Burkina Faso,Cameroon,2,0,2,2,0,dom
19,73454085,Egypt,Angola,1,1,2,1,1,nul
19,73454086,Tunisia,Mali,5,0,5,5,0,dom
19,73454087,Benin,Gabon,1,5,6,1,5,ext
19,73454088,Zambia,Uganda,0,0,0,0,0,nul
19,73454089,Tanzania,Senegal,0,0,0,0,0,nul
19,73454091,Botswana,Comoros,2,0,2,2,0,dom
19,73454092,Sudan,Equatorial Guinea,0,0,0,0,0,nul
19,73454093,Morocco,Zimbabwe,0,0,0,0,0,nul
19,73454094,DR Congo,Mozambique,1,0,1,1,0,dom
19,73454095,Algeria,South Africa,0,0,0,0,0,nul
20,73454096,Nigeria,Algeria,2,0,2,2,0,dom
20,73454097,Senegal,DR Congo,0,0,0,0,0,nul
20,73454098,Angola,Benin,3,0,3,3,0,dom
20,73454099,Uganda,Sudan,0,0,0,0,0,nul
20,73454100,Zimbabwe,Cameroon,0,0,0,0,0,nul
20,73454101,Ivory Coast,Zambia,2,2,4,2,2,nul
20,73454102,Mozambique,Morocco,0,1,1,0,1,ext
20,73454103,Comoros,Tanzania,2,0,2,2,0,dom
20,73454104,South Africa,Botswana,0,1,1,0,1,ext
20,73454105,Mali,Burkina Faso,3,1,4,3,1,dom
20,73454106,Gabon,Tunisia,1,2,3,1,2,ext
20,73454107,Equatorial Guinea,Egypt,0,0,0,0,0,nul
21,73454108,Egypt,Uganda,0,0,0,0,0,nul
21,73454109,Mali,Gabon,1,0,1,1,0,dom
21,73454110,Botswana,Nigeria,5,0,5,5,0,dom
21,73454111,Cameroon,Mozambique,0,0,0,0,0,nul
21,73454112,Tunisia,Angola,1,1,2,1,1,nul
21,73454113,Morocco,Senegal,1,1,2,1,1,nul
21,73454114,Benin,Equatorial Guinea,1,0,1,1,0,dom
21,73454115,DR Congo,Comoros,0,0,0,0,0,nul
21,73454116,Burkina Faso,Zimbabwe,0,0,0,0,0,nul
21,73454118,Tanzania,South Africa,0,2,2,0,2,ext
21,73454119,Zambia,Algeria,0,2,2,0,2,ext
22,73454120,South Africa,DR Congo,1,1,2,1,1,nul
22,73454121,Uganda,Benin,2,0,2,2,0,dom
22,73454122,Ivory Coast,Egypt,2,1,3,2,1,dom
22,73454123,Algeria,Sudan,6,0,6,6,0,dom
22,73454124,Senegal,Cameroon,2,0,2,2,0,dom
22,73454125,Nigeria,Tanzania,0,1,1,0,1,ext
22,73454126,Mozambique,Zimbabwe,0,0,0,0,0,nul
22,73454127,Zambia,Botswana,0,0,0,0,0,nul
22,73454129,Equatorial Guinea,Tunisia,0,1,1,0,1,ext
22,73454130,Angola,Mali,0,0,0,0,0,nul
22,73454131,Comoros,Morocco,0,0,0,0,0,nul
23,73454132,Burkina Faso,Mozambique,0,2,2,0,2,ext
23,73454133,Sudan,Botswana,2,0,2,2,0,dom
23,73454134,Gabon,Angola,1,1,2,1,1,nul
23,73454135,Morocco,South Africa,4,0,4,4,0,dom
23,73454136,Egypt,Algeria,1,1,2,1,1,nul
23,73454137,DR Congo,Nigeria,0,1,1,0,1,ext
23,73454138,Tunisia,Uganda,4,0,4,4,0,dom
23,73454139,Zimbabwe,Senegal,0,0,0,0,0,nul
23,73454140,Cameroon,Comoros,0,1,1,0,1,ext
23,73454141,Mali,Equatorial Guinea,4,0,4,4,0,dom
23,73454142,Tanzania,Zambia,0,1,1,0,1,ext
23,73454143,Benin,Ivory Coast,0,0,0,0,0,nul
24,73454144,Sudan,Tanzania,1,1,2,1,1,nul
24,73454145,Zambia,DR Congo,1,0,1,1,0,dom
24,73454146,Senegal,Mozambique,0,0,0,0,0,nul
24,73454147,Nigeria,Morocco,4,1,5,4,1,dom
24,73454148,Uganda,Mali,0,0,0,0,0,nul
24,73454150,Botswana,Egypt,0,2,2,0,2,ext
24,73454151,South Africa,Cameroon,2,0,2,2,0,dom
24,73454153,Equatorial Guinea,Gabon,1,1,2,1,1,nul
24,73454154,Algeria,Benin,4,0,4,4,0,dom
24,73454155,Comoros,Zimbabwe,0,0,0,0,0,nul
25,73454156,Angola,Equatorial Guinea,1,3,4,1,3,ext
25,73454157,Mali,Ivory Coast,0,0,0,0,0,nul
25,73454158,Gabon,Uganda,1,1,2,1,1,nul
25,73454159,Tunisia,Algeria,1,2,3,1,2,ext
25,73454160,Burkina Faso,Senegal,3,1,4,3,1,dom
25,73454162,Mozambique,Comoros,1,1,2,1,1,nul
25,73454163,Benin,Botswana,0,0,0,0,0,nul
25,73454164,Zimbabwe,South Africa,1,2,3,1,2,ext
25,73454165,Morocco,Zambia,1,0,1,1,0,dom
25,73454166,Egypt,Tanzania,1,0,1,1,0,dom
25,73454167,Cameroon,Nigeria,2,1,3,2,1,dom
26,73454168,Uganda,Angola,0,0,0,0,0,nul
26,73454170,Zambia,Cameroon,0,0,0,0,0,nul
26,73454171,Sudan,Morocco,2,2,4,2,2,nul
26,73454172,South Africa,Mozambique,1,2,3,1,2,ext
26,73454173,Algeria,Mali,1,1,2,1,1,nul
26,73454174,Equatorial Guinea,Burkina Faso,1,1,2,1,1,nul
26,73454175,Botswana,Tunisia,0,1,1,0,1,ext
26,73454176,Ivory Coast,Gabon,1,0,1,1,0,dom
26,73454177,Tanzania,Benin,1,0,1,1,0,dom
26,73454178,Comoros,Senegal,1,0,1,1,0,dom
26,73454179,Egypt,DR Congo,0,0,0,0,0,nul
27,73454180,Burkina Faso,Comoros,1,1,2,1,1,nul
27,73454181,Equatorial Guinea,Uganda,0,1,1,0,1,ext
27,73454182,Mali,Botswana,1,0,1,1,0,dom
27,73454183,Morocco,Egypt,1,1,2,1,1,nul
27,73454184,Gabon,Algeria,0,3,3,0,3,ext
27,73454185,Zimbabwe,Zambia,0,0,0,0,0,nul
27,73454186,Tunisia,Tanzania,2,0,2,2,0,dom
27,73454187,Senegal,South Africa,0,0,0,0,0,nul
27,73454189,Angola,Ivory Coast,0,0,0,0,0,nul
27,73454190,Mozambique,Nigeria,2,0,2,2,0,dom
27,73454191,Cameroon,Sudan,1,0,1,1,0,dom
28,73454192,South Africa,Comoros,4,0,4,4,0,dom
28,73454193,Tanzania,Mali,1,1,2,1,1,nul
28,73454194,Uganda,Burkina Faso,0,2,2,0,2,ext
28,73454195,Algeria,Angola,0,1,1,0,1,ext
28,73454196,Zambia,Mozambique,2,2,4,2,2,nul
28,73454197,Ivory Coast,Equatorial Guinea,0,0,0,0,0,nul
28,73454198,DR Congo,Tunisia,1,2,3,1,2,ext
28,73454199,Sudan,Zimbabwe,1,0,1,1,0,dom
28,73454200,Nigeria,Senegal,2,1,3,2,1,dom
28,73454201,Benin,Morocco,2,1,3,2,1,dom
28,73454202,Egypt,Cameroon,4,0,4,4,0,dom
28,73454203,Botswana,Gabon,1,1,2,1,1,nul
29,73454204,Uganda,Ivory Coast,1,1,2,1,1,nul
29,73454205,Comoros,Nigeria,1,0,1,1,0,dom
29,73454206,Gabon,Tanzania,2,0,2,2,0,dom
29,73454208,Equatorial Guinea,Algeria,0,0,0,0,0,nul
29,73454209,Mali,DR Congo,0,0,0,0,0,nul
29,73454210,Cameroon,Benin,0,1,1,0,1,ext
29,73454212,Zimbabwe,Egypt,6,0,6,6,0,dom
29,73454213,Senegal,Zambia,1,1,2,1,1,nul
29,73454215,Tunisia,Morocco,0,1,1,0,1,ext
30,73454216,Benin,Zimbabwe,0,0,0,0,0,nul
30,73454217,Tanzania,Angola,0,0,0,0,0,nul
30,73454218,Egypt,Mozambique,4,0,4,4,0,dom
30,73454219,Morocco,Mali,1,1,2,1,1,nul
30,73454220,DR Congo,Gabon,0,1,1,0,1,ext
30,73454221,Sudan,Senegal,0,0,0,0,0,nul
30,73454222,Tunisia,Cameroon,1,1,2,1,1,nul
30,73454223,Algeria,Uganda,1,1,2,1,1,nul
30,73454224,Ivory Coast,Burkina Faso,0,2,2,0,2,ext
30,73454225,Nigeria,South Africa,0,0,0,0,0,nul
30,73454226,Botswana,Equatorial Guinea,0,0,0,0,0,nul
30,73454227,Zambia,Comoros,0,0,0,0,0,nul
31,73454228,Equatorial Guinea,Tanzania,0,1,1,0,1,ext
31,73454229,Comoros,Sudan,1,0,1,1,0,dom
31,73454230,Mali,Cameroon,2,0,2,2,0,dom
31,73454231,Uganda,Botswana,0,0,0,0,0,nul
31,73454232,Senegal,Egypt,0,1,1,0,1,ext
31,73454233,Ivory Coast,Algeria,0,0,0,0,0,nul
31,73454234,Burkina Faso,Nigeria,2,2,4,2,2,nul
31,73454235,Angola,DR Congo,0,0,0,0,0,nul
31,73454236,Gabon,Morocco,0,1,1,0,1,ext
31,73454237,South Africa,Zambia,0,1,1,0,1,ext
31,73454238,Mozambique,Benin,1,0,1,1,0,dom
31,73454239,Zimbabwe,Tunisia,0,0,0,0,0,nul
32,73454240,Cameroon,Gabon,0,1,1,0,1,ext
32,73454241,Sudan,South Africa,0,0,0,0,0,nul
32,73454242,Morocco,Angola,0,0,0,0,0,nul
32,73454243,Benin,Senegal,1,0,1,1,0,dom
32,73454244,Egypt,Comoros,0,0,0,0,0,nul
32,73454245,DR Congo,Equatorial Guinea,0,1,1,0,1,ext
32,73454246,Botswana,Ivory Coast,4,0,4,4,0,dom
32,73454247,Tunisia,Mozambique,0,0,0,0,0,nul
32,73454248,Zambia,Nigeria,0,0,0,0,0,nul
32,73454249,Algeria,Burkina Faso,0,1,1,0,1,ext
32,73454250,Mali,Zimbabwe,0,3,3,0,3,ext
32,73454251,Tanzania,Uganda,0,1,1,0,1,ext
33,73454252,Burkina Faso,Zambia,0,0,0,0,0,nul
33,73454253,Senegal,Tunisia,0,2,2,0,2,ext
33,73454254,Equatorial Guinea,Morocco,1,0,1,1,0,dom
33,73454255,South Africa,Egypt,1,0,1,1,0,dom
33,73454256,Angola,Cameroon,1,0,1,1,0,dom
33,73454257,Ivory Coast,Tanzania,4,0,4,4,0,dom
33,73454259,Comoros,Benin,0,0,0,0,0,nul
33,73454261,Uganda,DR Congo,0,0,0,0,0,nul
33,73454262,Mozambique,Mali,0,0,0,0,0,nul
33,73454263,Nigeria,Sudan,0,0,0,0,0,nul
34,73454264,Botswana,Burkina Faso,1,2,3,1,2,ext
34,73454265,Tanzania,Algeria,3,0,3,3,0,dom
34,73454266,Egypt,Nigeria,0,0,0,0,0,nul
34,73454267,Sudan,Zambia,0,2,2,0,2,ext
34,73454268,Gabon,Mozambique,0,0,0,0,0,nul
34,73454269,Mali,Senegal,1,2,3,1,2,ext
34,73454270,Cameroon,Equatorial Guinea,0,0,0,0,0,nul
34,73454271,Zimbabwe,Angola,1,0,1,1,0,dom
34,73454272,Tunisia,Comoros,2,1,3,2,1,dom
34,73454273,DR Congo,Ivory Coast,1,2,3,1,2,ext
34,73454274,Morocco,Uganda,1,0,1,1,0,dom
34,73454275,Benin,South Africa,1,1,2,1,1,nul
35,73454276,Burkina Faso,Sudan,0,0,0,0,0,nul
35,73454277,Zambia,Egypt,0,0,0,0,0,nul
35,73454278,South Africa,Tunisia,2,0,2,2,0,dom
35,73454279,Angola,Mozambique,1,0,1,1,0,dom
35,73454280,Ivory Coast,Morocco,4,0,4,4,0,dom
35,73454281,Equatorial Guinea,Zimbabwe,0,1,1,0,1,ext
35,73454282,Nigeria,Benin,2,0,2,2,0,dom
35,73454283,Algeria,DR Congo,3,0,3,3,0,dom
35,73454284,Botswana,Tanzania,0,1,1,0,1,ext
35,73454285,Senegal,Gabon,2,0,2,2,0,dom
35,73454286,Uganda,Cameroon,2,1,3,2,1,dom
35,73454287,Comoros,Mali,0,0,0,0,0,nul
36,73454289,Benin,Zambia,3,0,3,3,0,dom
36,73454290,Tanzania,Burkina Faso,0,0,0,0,0,nul
36,73454291,Gabon,Comoros,0,2,2,0,2,ext
36,73454292,DR Congo,Botswana,0,0,0,0,0,nul
36,73454293,Mali,South Africa,0,0,0,0,0,nul
36,73454294,Morocco,Algeria,2,0,2,2,0,dom
36,73454295,Mozambique,Equatorial Guinea,0,2,2,0,2,ext
36,73454296,Cameroon,Ivory Coast,1,0,1,1,0,dom
36,73454297,Angola,Senegal,0,0,0,0,0,nul
36,73454298,Zimbabwe,Uganda,2,0,2,2,0,dom
36,73454299,Tunisia,Nigeria,2,0,2,2,0,dom
37,73454300,Uganda,Mozambique,3,1,4,3,1,dom
37,73454301,Equatorial Guinea,Senegal,3,1,4,3,1,dom
37,73454302,Ivory Coast,Zimbabwe,2,2,4,2,2,nul
37,73454303,Algeria,Cameroon,0,0,0,0,0,nul
37,73454305,South Africa,Gabon,1,2,3,1,2,ext
37,73454306,Comoros,Angola,0,4,4,0,4,ext
37,73454307,Burkina Faso,Egypt,1,1,2,1,1,nul
37,73454308,Botswana,Morocco,2,1,3,2,1,dom
37,73454309,Tanzania,DR Congo,2,1,3,2,1,dom
37,73454300,Uganda,Mozambique,3,1,4,3,1,dom
37,73454301,Equatorial Guinea,Senegal,3,1,4,3,1,dom
37,73454302,Ivory Coast,Zimbabwe,2,2,4,2,2,nul
37,73454303,Algeria,Cameroon,0,0,0,0,0,nul
37,73454305,South Africa,Gabon,1,2,3,1,2,ext
37,73454306,Comoros,Angola,0,4,4,0,4,ext
37,73454307,Burkina Faso,Egypt,1,1,2,1,1,nul
37,73454308,Botswana,Morocco,2,1,3,2,1,dom
37,73454309,Tanzania,DR Congo,2,1,3,2,1,dom
37,73454310,Nigeria,Mali,0,2,2,0,2,ext
37,73454311,Zambia,Tunisia,0,0,0,0,0,nul
38,73454313,Angola,South Africa,1,2,3,1,2,ext
38,73454314,Zimbabwe,Algeria,0,4,4,0,4,ext
38,73454315,Cameroon,Botswana,3,1,4,3,1,dom
38,73454316,Mali,Zambia,1,1,2,1,1,nul
38,73454317,Equatorial Guinea,Comoros,1,1,2,1,1,nul
38,73454318,Gabon,Nigeria,1,1,2,1,1,nul
38,73454319,Senegal,Uganda,0,0,0,0,0,nul
38,73454320,DR Congo,Burkina Faso,2,1,3,2,1,dom
38,73454321,Tunisia,Sudan,2,3,5,2,3,ext
38,73454322,Benin,Egypt,1,1,2,1,1,nul
39,73454324,Tanzania,Cameroon,0,3,3,0,3,ext
39,73454325,Ivory Coast,Senegal,1,0,1,1,0,dom
39,73454326,Algeria,Mozambique,1,1,2,1,1,nul
39,73454327,Nigeria,Angola,0,1,1,0,1,ext
39,73454328,Sudan,Mali,2,1,3,2,1,dom
39,73454330,Botswana,Zimbabwe,0,0,0,0,0,nul
39,73454331,Burkina Faso,Benin,0,3,3,0,3,ext
39,73454332,South Africa,Equatorial Guinea,3,1,4,3,1,dom
39,73454333,Egypt,Tunisia,3,0,3,3,0,dom
39,73454334,DR Congo,Morocco,0,1,1,0,1,ext
39,73454335,Zambia,Gabon,4,0,4,4,0,dom
40,73454336,Angola,Zambia,0,0,0,0,0,nul
40,73454337,Gabon,Sudan,2,0,2,2,0,dom
40,73454338,Senegal,Algeria,0,5,5,0,5,ext
40,73454339,Cameroon,DR Congo,2,1,3,2,1,dom
40,73454340,Mali,Egypt,2,1,3,2,1,dom
40,73454341,Morocco,Burkina Faso,1,0,1,1,0,dom
40,73454342,Zimbabwe,Tanzania,4,0,4,4,0,dom
40,73454343,Comoros,Ivory Coast,4,0,4,4,0,dom
40,73454344,Mozambique,Botswana,1,1,2,1,1,nul
40,73454345,Uganda,South Africa,0,4,4,0,4,ext
40,73454346,Tunisia,Benin,1,3,4,1,3,ext
40,73454347,Equatorial Guinea,Nigeria,1,3,4,1,3,ext
41,73454348,Ivory Coast,South Africa,1,1,2,1,1,nul
41,73454349,DR Congo,Zimbabwe,3,0,3,3,0,dom
41,73454350,Egypt,Gabon,0,0,0,0,0,nul
41,73454351,Zambia,Equatorial Guinea,0,1,1,0,1,ext
41,73454352,Botswana,Senegal,0,1,1,0,1,ext
41,73454353,Nigeria,Uganda,1,0,1,1,0,dom
41,73454354,Algeria,Comoros,0,0,0,0,0,nul
41,73454355,Burkina Faso,Tunisia,1,1,2,1,1,nul
41,73454356,Benin,Mali,1,0,1,1,0,dom
41,73454357,Morocco,Cameroon,0,0,0,0,0,nul
41,73454358,Tanzania,Mozambique,0,0,0,0,0,nul
41,73454359,Sudan,Angola,0,3,3,0,3,ext
1,73462296,Angola,Mozambique,2,0,2,2,0,dom
1,73462297,Egypt,Morocco,2,1,3,2,1,dom
1,73462298,Tunisia,Burkina Faso,0,0,0,0,0,nul
1,73462299,Algeria,Benin,0,0,0,0,0,nul
1,73462300,Senegal,Comoros,1,1,2,1,1,nul
1,73462301,Ivory Coast,Cameroon,0,3,3,0,3,ext
1,73462302,DR Congo,South Africa,2,0,2,2,0,dom
1,73462303,Tanzania,Mali,2,0,2,2,0,dom
1,73462304,Uganda,Sudan,0,3,3,0,3,ext
1,73462305,Zambia,Nigeria,1,0,1,1,0,dom
1,73462307,Gabon,Zimbabwe,1,0,1,1,0,dom
2,73462308,Morocco,Senegal,0,2,2,0,2,ext
2,73462309,Nigeria,Uganda,2,1,3,2,1,dom
2,73462310,Zimbabwe,Ivory Coast,2,0,2,2,0,dom
2,73462311,Sudan,DR Congo,0,4,4,0,4,ext
2,73462313,Comoros,Angola,1,2,3,1,2,ext
2,73462314,South Africa,Egypt,5,1,6,5,1,dom
2,73462315,Zambia,Algeria,0,3,3,0,3,ext
2,73462316,Mozambique,Tunisia,3,0,3,3,0,dom
2,73462317,Cameroon,Equatorial Guinea,0,1,1,0,1,ext
2,73462318,Botswana,Burkina Faso,2,2,4,2,2,nul
2,73462319,Mali,Gabon,0,0,0,0,0,nul
2,73462317,Cameroon,Equatorial Guinea,0,1,1,0,1,ext
2,73462318,Botswana,Burkina Faso,2,2,4,2,2,nul
2,73462319,Mali,Gabon,0,0,0,0,0,nul
3,73462320,DR Congo,Nigeria,0,1,1,0,1,ext
3,73462321,Equatorial Guinea,Zimbabwe,3,1,4,3,1,dom
3,73462322,Egypt,Sudan,1,1,2,1,1,nul
3,73462323,Ivory Coast,Mali,0,1,1,0,1,ext
3,73462324,Angola,Morocco,1,4,5,1,4,ext
3,73462325,Mozambique,Comoros,1,5,6,1,5,ext
3,73462326,Tanzania,Zambia,0,0,0,0,0,nul
3,73462327,Tunisia,Botswana,1,0,1,1,0,dom
3,73462329,Senegal,South Africa,0,0,0,0,0,nul
3,73462330,Uganda,Algeria,0,0,0,0,0,nul
3,73462331,Gabon,Benin,3,0,3,3,0,dom
4,73462332,Benin,Ivory Coast,4,1,5,4,1,dom
4,73462333,Comoros,Tunisia,0,2,2,0,2,ext
4,73462335,Mali,Equatorial Guinea,1,0,1,1,0,dom
4,73462336,South Africa,Angola,2,1,3,2,1,dom
4,73462337,Uganda,Tanzania,3,0,3,3,0,dom
4,73462338,Zimbabwe,Burkina Faso,0,2,2,0,2,ext
4,73462339,Algeria,DR Congo,3,0,3,3,0,dom
4,73462340,Cameroon,Botswana,1,0,1,1,0,dom
4,73462341,Nigeria,Egypt,1,1,2,1,1,nul
4,73462342,Morocco,Mozambique,1,0,1,1,0,dom
4,73462343,Zambia,Gabon,0,2,2,0,2,ext
6,73462357,Uganda,Ivory Coast,0,0,0,0,0,nul
6,73462358,Zimbabwe,Cameroon,0,0,0,0,0,nul
6,73462359,Nigeria,Angola,0,1,1,0,1,ext
6,73462360,Zambia,Equatorial Guinea,2,1,3,2,1,dom
6,73462361,Tanzania,Egypt,0,2,2,0,2,ext
6,73462362,Mali,Botswana,1,0,1,1,0,dom
6,73462364,Algeria,Senegal,0,0,0,0,0,nul
6,73462365,Morocco,Tunisia,1,0,1,1,0,dom
6,73462366,South Africa,Comoros,2,2,4,2,2,nul
6,73462367,DR Congo,Gabon,2,0,2,2,0,dom
7,73462368,Cameroon,Mali,1,0,1,1,0,dom
7,73462369,Tunisia,Zimbabwe,5,1,6,5,1,dom
7,73462370,Comoros,Sudan,0,2,2,0,2,ext
7,73462371,Senegal,Tanzania,1,0,1,1,0,dom
7,73462372,Mozambique,Nigeria,5,1,6,5,1,dom
7,73462373,Equatorial Guinea,Uganda,0,0,0,0,0,nul
7,73462374,Morocco,South Africa,4,0,4,4,0,dom
7,73462375,Botswana,Benin,2,1,3,2,1,dom
7,73462376,Angola,Algeria,1,0,1,1,0,dom
7,73462377,Egypt,Gabon,0,0,0,0,0,nul
7,73462378,Ivory Coast,DR Congo,2,0,2,2,0,dom
8,73462380,Sudan,Morocco,1,3,4,1,3,ext
8,73462382,DR Congo,Equatorial Guinea,0,0,0,0,0,nul
8,73462383,Uganda,Burkina Faso,3,0,3,3,0,dom
8,73462384,Mali,Zimbabwe,1,1,2,1,1,nul
8,73462385,Gabon,Senegal,0,3,3,0,3,ext
8,73462386,Benin,Cameroon,0,1,1,0,1,ext
8,73462387,Algeria,Mozambique,0,0,0,0,0,nul
8,73462388,South Africa,Tunisia,0,2,2,0,2,ext
8,73462390,Nigeria,Comoros,0,5,5,0,5,ext
9,73462392,Mozambique,Tanzania,2,3,5,2,3,ext
9,73462393,Tunisia,Mali,2,2,4,2,2,nul
9,73462394,Botswana,Uganda,1,1,2,1,1,nul
9,73462395,South Africa,Sudan,2,2,4,2,2,nul
9,73462396,Burkina Faso,DR Congo,1,1,2,1,1,nul
9,73462397,Comoros,Algeria,0,0,0,0,0,nul
9,73462398,Senegal,Ivory Coast,1,3,4,1,3,ext
9,73462399,Morocco,Nigeria,4,0,4,4,0,dom
9,73462400,Zimbabwe,Benin,3,0,3,3,0,dom
9,73462401,Cameroon,Zambia,0,0,0,0,0,nul
9,73462403,Equatorial Guinea,Egypt,0,0,0,0,0,nul
10,73462404,Algeria,Morocco,4,1,5,4,1,dom
10,73462405,Nigeria,South Africa,2,1,3,2,1,dom
10,73462406,Benin,Mali,2,0,2,2,0,dom
10,73462407,Ivory Coast,Angola,2,1,3,2,1,dom
10,73462409,Uganda,Cameroon,1,1,2,1,1,nul
10,73462410,Tanzania,Comoros,0,2,2,0,2,ext
10,73462411,Senegal,Equatorial Guinea,1,4,5,1,4,ext
10,73462412,Gabon,Mozambique,3,0,3,3,0,dom
10,73462413,DR Congo,Botswana,3,0,3,3,0,dom
10,73462414,Zambia,Zimbabwe,2,0,2,2,0,dom
10,73462415,Egypt,Burkina Faso,2,0,2,2,0,dom
11,73462416,Angola,Equatorial Guinea,3,0,3,3,0,dom
11,73462418,Mali,Zambia,3,1,4,3,1,dom
11,73462419,Morocco,Tanzania,0,1,1,0,1,ext
11,73462420,Zimbabwe,Uganda,0,3,3,0,3,ext
11,73462421,Botswana,Egypt,1,3,4,1,3,ext
11,73462422,Tunisia,Benin,3,2,5,3,2,dom
11,73462423,Comoros,Gabon,0,0,0,0,0,nul
11,73462424,Burkina Faso,Senegal,1,1,2,1,1,nul
11,73462425,Sudan,Nigeria,1,0,1,1,0,dom
11,73462426,Mozambique,Ivory Coast,0,0,0,0,0,nul
11,73462427,Cameroon,DR Congo,2,0,2,2,0,dom
12,73462428,Angola,Burkina Faso,1,0,1,1,0,dom
12,73462429,Tanzania,South Africa,0,0,0,0,0,nul
12,73462430,Zambia,Benin,4,0,4,4,0,dom
12,73462431,Uganda,Mali,1,1,2,1,1,nul
12,73462432,Gabon,Morocco,2,2,4,2,2,nul
12,73462433,Ivory Coast,Comoros,0,1,1,0,1,ext
12,73462434,Egypt,Cameroon,0,4,4,0,4,ext
12,73462435,DR Congo,Zimbabwe,0,2,2,0,2,ext
12,73462436,Senegal,Botswana,1,2,3,1,2,ext
12,73462438,Algeria,Sudan,2,0,2,2,0,dom
12,73462439,Equatorial Guinea,Mozambique,0,2,2,0,2,ext
13,73462440,Nigeria,Algeria,2,0,2,2,0,dom
13,73462441,Mali,DR Congo,3,1,4,3,1,dom
13,73462443,Morocco,Ivory Coast,2,2,4,2,2,nul
13,73462444,Botswana,Angola,4,2,6,4,2,dom
13,73462445,Zimbabwe,Egypt,1,1,2,1,1,nul
13,73462446,Sudan,Tanzania,1,0,1,1,0,dom
13,73462447,South Africa,Gabon,1,1,2,1,1,nul
13,73462448,Comoros,Equatorial Guinea,1,1,2,1,1,nul
13,73462449,Benin,Uganda,0,1,1,0,1,ext
13,73462451,Cameroon,Senegal,1,0,1,1,0,dom
14,73462452,Mozambique,Botswana,0,2,2,0,2,ext
14,73462453,Algeria,Tunisia,2,3,5,2,3,ext
14,73462454,DR Congo,Benin,0,0,0,0,0,nul
14,73462455,Tanzania,Nigeria,2,1,3,2,1,dom
14,73462456,Angola,Cameroon,0,1,1,0,1,ext
14,73462458,Burkina Faso,Comoros,4,1,5,4,1,dom
14,73462459,Equatorial Guinea,Morocco,1,3,4,1,3,ext
14,73462460,Gabon,Sudan,0,1,1,0,1,ext
14,73462462,Egypt,Mali,0,1,1,0,1,ext
14,73462463,Uganda,Zambia,2,0,2,2,0,dom
15,73462464,Zimbabwe,Angola,3,1,4,3,1,dom
15,73462465,Algeria,Tanzania,1,1,2,1,1,nul
15,73462466,Comoros,Botswana,1,0,1,1,0,dom
15,73462467,Tunisia,Uganda,1,1,2,1,1,nul
15,73462468,Zambia,DR Congo,2,3,5,2,3,ext
15,73462469,Benin,Egypt,0,0,0,0,0,nul
15,73462470,Mali,Senegal,1,1,2,1,1,nul
15,73462471,Morocco,Burkina Faso,1,0,1,1,0,dom
15,73462473,Sudan,Ivory Coast,0,1,1,0,1,ext
15,73462474,South Africa,Equatorial Guinea,2,1,3,2,1,dom
15,73462475,Cameroon,Mozambique,1,0,1,1,0,dom
16,73462476,Burkina Faso,South Africa,2,1,3,2,1,dom
16,73462477,Gabon,Algeria,0,3,3,0,3,ext
16,73462478,Ivory Coast,Nigeria,3,1,4,3,1,dom
16,73462479,Mozambique,Zimbabwe,1,1,2,1,1,nul
16,73462480,Equatorial Guinea,Sudan,1,2,3,1,2,ext
16,73462481,Comoros,Cameroon,1,2,3,1,2,ext
16,73462482,Tanzania,Tunisia,0,3,3,0,3,ext
16,73462483,Angola,Mali,1,4,5,1,4,ext
16,73462484,Botswana,Morocco,3,1,4,3,1,dom
16,73462485,Egypt,Zambia,2,0,2,2,0,dom
16,73462486,DR Congo,Uganda,1,2,3,1,2,ext
16,73462487,Senegal,Benin,3,0,3,3,0,dom
17,73462488,Benin,Angola,0,0,0,0,0,nul
17,73462490,Zambia,Senegal,1,0,1,1,0,dom
17,73462491,Tunisia,DR Congo,5,1,6,5,1,dom
17,73462492,Sudan,Burkina Faso,5,0,5,5,0,dom
17,73462493,Morocco,Cameroon,2,0,2,2,0,dom
17,73462494,Tanzania,Gabon,0,3,3,0,3,ext
17,73462495,Zimbabwe,Comoros,5,1,6,5,1,dom
17,73462496,Uganda,Egypt,2,1,3,2,1,dom
17,73462497,Algeria,Ivory Coast,0,0,0,0,0,nul
17,73462498,South Africa,Botswana,5,0,5,5,0,dom
17,73462499,Mali,Mozambique,1,0,1,1,0,dom
18,73462500,Angola,Zambia,4,0,4,4,0,dom
18,73462501,Mozambique,Benin,1,0,1,1,0,dom
18,73462502,Morocco,Zimbabwe,3,1,4,3,1,dom
18,73462503,Gabon,Tunisia,2,0,2,2,0,dom
18,73462504,Burkina Faso,Nigeria,3,2,5,3,2,dom
18,73462505,Cameroon,South Africa,1,3,4,1,3,ext
18,73462506,Botswana,Sudan,3,0,3,3,0,dom
18,73462507,Ivory Coast,Tanzania,1,1,2,1,1,nul
18,73462508,Comoros,Mali,0,0,0,0,0,nul
18,73462509,Equatorial Guinea,Algeria,0,0,0,0,0,nul
18,73462510,Senegal,Uganda,0,0,0,0,0,nul
19,73462512,Tanzania,Equatorial Guinea,1,2,3,1,2,ext
19,73462513,Uganda,Angola,1,1,2,1,1,nul
19,73462514,Tunisia,Egypt,1,0,1,1,0,dom
19,73462515,Gabon,Ivory Coast,0,0,0,0,0,nul
19,73462516,Sudan,Cameroon,2,0,2,2,0,dom
19,73462517,Algeria,Burkina Faso,1,0,1,1,0,dom
19,73462518,South Africa,Zimbabwe,1,3,4,1,3,ext
19,73462519,DR Congo,Senegal,1,1,2,1,1,nul
19,73462521,Nigeria,Botswana,3,2,5,3,2,dom
19,73462522,Mali,Morocco,2,0,2,2,0,dom
19,73462523,Benin,Comoros,1,1,2,1,1,nul
20,73462524,Senegal,Egypt,0,1,1,0,1,ext
20,73462526,Comoros,Zambia,1,0,1,1,0,dom
20,73462527,Equatorial Guinea,Gabon,0,0,0,0,0,nul
20,73462528,Zimbabwe,Sudan,3,0,3,3,0,dom
20,73462529,Burkina Faso,Tanzania,1,0,1,1,0,dom
20,73462530,Ivory Coast,Tunisia,0,0,0,0,0,nul
20,73462531,Morocco,Benin,2,0,2,2,0,dom
20,73462532,South Africa,Mali,0,2,2,0,2,ext
20,73462533,Cameroon,Nigeria,1,2,3,1,2,ext
20,73462534,Mozambique,Uganda,2,2,4,2,2,nul
20,73462535,Botswana,Algeria,0,1,1,0,1,ext
21,73462536,Tunisia,Senegal,1,0,1,1,0,dom
21,73462537,Sudan,Mali,0,0,0,0,0,nul
21,73462538,DR Congo,Mozambique,1,0,1,1,0,dom
21,73462539,Gabon,Burkina Faso,0,0,0,0,0,nul
21,73462540,Ivory Coast,Equatorial Guinea,0,1,1,0,1,ext
21,73462541,Tanzania,Botswana,0,0,0,0,0,nul
21,73462542,Zambia,Morocco,1,2,3,1,2,ext
21,73462543,Uganda,Comoros,0,0,0,0,0,nul
21,73462544,Nigeria,Zimbabwe,0,0,0,0,0,nul
21,73462545,Algeria,Cameroon,1,0,1,1,0,dom
21,73462546,Egypt,Angola,4,0,4,4,0,dom
21,73462547,Benin,South Africa,2,2,4,2,2,nul
22,73462549,Botswana,Gabon,0,0,0,0,0,nul
22,73462550,Zimbabwe,Algeria,1,1,2,1,1,nul
22,73462551,Sudan,Benin,4,1,5,4,1,dom
22,73462554,Morocco,Uganda,2,1,3,2,1,dom
22,73462555,Comoros,DR Congo,1,1,2,1,1,nul
22,73462556,Mali,Nigeria,0,1,1,0,1,ext
22,73462557,Burkina Faso,Ivory Coast,0,0,0,0,0,nul
22,73462558,South Africa,Zambia,1,0,1,1,0,dom
22,73462559,Angola,Senegal,0,0,0,0,0,nul
23,73462560,Gabon,Cameroon,1,0,1,1,0,dom
23,73462561,Zambia,Sudan,0,1,1,0,1,ext
23,73462562,DR Congo,Morocco,2,0,2,2,0,dom
23,73462563,Senegal,Mozambique,1,0,1,1,0,dom
23,73462564,Algeria,Mali,0,0,0,0,0,nul
23,73462565,Egypt,Comoros,0,0,0,0,0,nul
23,73462567,Ivory Coast,Botswana,1,0,1,1,0,dom
23,73462568,Tunisia,Angola,2,0,2,2,0,dom
23,73462569,Equatorial Guinea,Burkina Faso,1,3,4,1,3,ext
23,73462570,Tanzania,Zimbabwe,0,2,2,0,2,ext
23,73462571,Nigeria,Benin,1,2,3,1,2,ext
24,73462572,Mozambique,Angola,0,1,1,0,1,ext
24,73462574,Burkina Faso,Tunisia,0,0,0,0,0,nul
24,73462575,Benin,Algeria,0,1,1,0,1,ext
24,73462576,Comoros,Senegal,0,0,0,0,0,nul
24,73462577,Cameroon,Ivory Coast,1,0,1,1,0,dom
24,73462578,South Africa,DR Congo,1,0,1,1,0,dom
24,73462579,Mali,Tanzania,1,1,2,1,1,nul
24,73462580,Sudan,Uganda,0,5,5,0,5,ext
24,73462583,Zimbabwe,Gabon,4,1,5,4,1,dom
25,73462584,Senegal,Morocco,0,0,0,0,0,nul
25,73462585,Uganda,Nigeria,0,0,0,0,0,nul
25,73462586,Ivory Coast,Zimbabwe,0,1,1,0,1,ext
25,73462589,Angola,Comoros,2,1,3,2,1,dom
25,73462590,Egypt,South Africa,3,0,3,3,0,dom
25,73462592,Tunisia,Mozambique,1,0,1,1,0,dom
25,73462593,Equatorial Guinea,Cameroon,0,0,0,0,0,nul
25,73462594,Burkina Faso,Botswana,1,0,1,1,0,dom
25,73462595,Gabon,Mali,0,3,3,0,3,ext
26,73462596,Nigeria,DR Congo,0,0,0,0,0,nul
26,73462597,Zimbabwe,Equatorial Guinea,1,0,1,1,0,dom
26,73462598,Sudan,Egypt,2,3,5,2,3,ext
26,73462599,Mali,Ivory Coast,0,1,1,0,1,ext
26,73462600,Morocco,Angola,2,0,2,2,0,dom
26,73462601,Comoros,Mozambique,0,1,1,0,1,ext
26,73462602,Zambia,Tanzania,0,1,1,0,1,ext
26,73462605,South Africa,Senegal,3,0,3,3,0,dom
26,73462606,Algeria,Uganda,2,1,3,2,1,dom
26,73462607,Benin,Gabon,3,0,3,3,0,dom
27,73462608,Ivory Coast,Benin,3,0,3,3,0,dom
27,73462609,Tunisia,Comoros,0,0,0,0,0,nul
27,73462611,Equatorial Guinea,Mali,0,1,1,0,1,ext
27,73462612,Angola,South Africa,0,0,0,0,0,nul
27,73462613,Tanzania,Uganda,0,2,2,0,2,ext
27,73462615,DR Congo,Algeria,1,0,1,1,0,dom
27,73462616,Botswana,Cameroon,0,1,1,0,1,ext
27,73462617,Egypt,Nigeria,1,0,1,1,0,dom
27,73462618,Mozambique,Morocco,0,0,0,0,0,nul
27,73462619,Gabon,Zambia,0,0,0,0,0,nul
28,73462621,Morocco,Comoros,0,0,0,0,0,nul
28,73462623,South Africa,Mozambique,2,0,2,2,0,dom
28,73462624,Zimbabwe,Botswana,0,3,3,0,3,ext
28,73462625,Algeria,Egypt,4,0,4,4,0,dom
28,73462626,Benin,Equatorial Guinea,0,0,0,0,0,nul
28,73462627,Mali,Burkina Faso,3,0,3,3,0,dom
28,73462628,Sudan,Angola,1,1,2,1,1,nul
28,73462629,Zambia,Ivory Coast,3,0,3,3,0,dom
28,73462630,Uganda,Gabon,3,0,3,3,0,dom
28,73462631,Tanzania,DR Congo,1,0,1,1,0,dom
29,73462633,Ivory Coast,Uganda,0,0,0,0,0,nul
29,73462634,Cameroon,Zimbabwe,1,1,2,1,1,nul
29,73462635,Angola,Nigeria,0,1,1,0,1,ext
29,73462636,Equatorial Guinea,Zambia,1,2,3,1,2,ext
29,73462637,Egypt,Tanzania,0,1,1,0,1,ext
29,73462638,Botswana,Mali,1,1,2,1,1,nul
29,73462640,Senegal,Algeria,0,2,2,0,2,ext
29,73462642,Comoros,South Africa,1,1,2,1,1,nul
29,73462643,Gabon,DR Congo,0,0,0,0,0,nul
30,73462644,Mali,Cameroon,0,0,0,0,0,nul
30,73462645,Zimbabwe,Tunisia,0,0,0,0,0,nul
30,73462646,Sudan,Comoros,4,0,4,4,0,dom
30,73462647,Tanzania,Senegal,1,1,2,1,1,nul
30,73462648,Nigeria,Mozambique,0,1,1,0,1,ext
30,73462649,Uganda,Equatorial Guinea,0,0,0,0,0,nul
30,73462650,South Africa,Morocco,1,1,2,1,1,nul
30,73462651,Benin,Botswana,1,1,2,1,1,nul
30,73462652,Algeria,Angola,0,2,2,0,2,ext
30,73462653,Gabon,Egypt,0,0,0,0,0,nul
30,73462654,DR Congo,Ivory Coast,0,0,0,0,0,nul
31,73462656,Morocco,Sudan,1,2,3,1,2,ext
31,73462658,Equatorial Guinea,DR Congo,1,0,1,1,0,dom
31,73462659,Burkina Faso,Uganda,0,1,1,0,1,ext
31,73462660,Zimbabwe,Mali,2,0,2,2,0,dom
31,73462661,Senegal,Gabon,1,3,4,1,3,ext
31,73462662,Cameroon,Benin,0,0,0,0,0,nul
31,73462663,Mozambique,Algeria,6,0,6,6,0,dom
31,73462664,Tunisia,South Africa,0,0,0,0,0,nul
31,73462666,Comoros,Nigeria,0,0,0,0,0,nul
32,73462668,Tanzania,Mozambique,0,1,1,0,1,ext
32,73462669,Mali,Tunisia,1,0,1,1,0,dom
32,73462670,Uganda,Botswana,1,0,1,1,0,dom
32,73462672,DR Congo,Burkina Faso,1,1,2,1,1,nul
32,73462673,Algeria,Comoros,2,0,2,2,0,dom
32,73462674,Ivory Coast,Senegal,0,0,0,0,0,nul
32,73462675,Nigeria,Morocco,0,0,0,0,0,nul
32,73462676,Benin,Zimbabwe,1,1,2,1,1,nul
32,73462677,Zambia,Cameroon,1,0,1,1,0,dom
32,73462679,Egypt,Equatorial Guinea,4,0,4,4,0,dom
33,73462680,Morocco,Algeria,2,1,3,2,1,dom
33,73462681,South Africa,Nigeria,0,0,0,0,0,nul
33,73462682,Mali,Benin,2,0,2,2,0,dom
33,73462683,Angola,Ivory Coast,1,1,2,1,1,nul
33,73462685,Cameroon,Uganda,1,1,2,1,1,nul
33,73462686,Comoros,Tanzania,1,1,2,1,1,nul
33,73462687,Equatorial Guinea,Senegal,1,1,2,1,1,nul
33,73462688,Mozambique,Gabon,1,1,2,1,1,nul
33,73462689,Botswana,DR Congo,0,1,1,0,1,ext
33,73462690,Zimbabwe,Zambia,0,1,1,0,1,ext
33,73462691,Burkina Faso,Egypt,0,3,3,0,3,ext
34,73462694,Zambia,Mali,0,0,0,0,0,nul
34,73462695,Tanzania,Morocco,0,1,1,0,1,ext
34,73462696,Uganda,Zimbabwe,0,0,0,0,0,nul
34,73462697,Egypt,Botswana,1,0,1,1,0,dom
34,73462698,Benin,Tunisia,0,1,1,0,1,ext
34,73462699,Gabon,Comoros,0,2,2,0,2,ext
34,73462700,Senegal,Burkina Faso,1,0,1,1,0,dom
34,73462701,Nigeria,Sudan,3,1,4,3,1,dom
34,73462702,Ivory Coast,Mozambique,2,1,3,2,1,dom
34,73462703,DR Congo,Cameroon,2,0,2,2,0,dom
35,73462704,Burkina Faso,Angola,0,0,0,0,0,nul
35,73462706,Benin,Zambia,1,1,2,1,1,nul
35,73462707,Mali,Uganda,0,0,0,0,0,nul
35,73462708,Morocco,Gabon,4,1,5,4,1,dom
35,73462709,Comoros,Ivory Coast,0,0,0,0,0,nul
35,73462710,Cameroon,Egypt,0,3,3,0,3,ext
35,73462711,Zimbabwe,DR Congo,0,1,1,0,1,ext
35,73462712,Botswana,Senegal,0,1,1,0,1,ext
35,73462714,Sudan,Algeria,1,3,4,1,3,ext
35,73462715,Mozambique,Equatorial Guinea,2,0,2,2,0,dom
36,73462717,DR Congo,Mali,0,1,1,0,1,ext
36,73462718,Burkina Faso,Mozambique,2,1,3,2,1,dom
36,73462719,Ivory Coast,Morocco,3,0,3,3,0,dom
36,73462720,Angola,Botswana,0,0,0,0,0,nul
36,73462721,Egypt,Zimbabwe,2,1,3,2,1,dom
36,73462722,Tanzania,Sudan,0,0,0,0,0,nul
36,73462723,Gabon,South Africa,0,3,3,0,3,ext
36,73462724,Equatorial Guinea,Comoros,0,0,0,0,0,nul
36,73462725,Uganda,Benin,1,0,1,1,0,dom
36,73462727,Senegal,Cameroon,2,0,2,2,0,dom
37,73462728,Botswana,Mozambique,1,0,1,1,0,dom
37,73462729,Tunisia,Algeria,1,1,2,1,1,nul
37,73462730,Benin,DR Congo,1,0,1,1,0,dom
37,73462731,Nigeria,Tanzania,1,0,1,1,0,dom
37,73462732,Cameroon,Angola,1,0,1,1,0,dom
37,73462733,South Africa,Ivory Coast,2,1,3,2,1,dom
37,73462734,Comoros,Burkina Faso,1,0,1,1,0,dom
37,73462735,Morocco,Equatorial Guinea,1,1,2,1,1,nul
37,73462736,Sudan,Gabon,3,1,4,3,1,dom
37,73462737,Zimbabwe,Senegal,3,0,3,3,0,dom
37,73462738,Mali,Egypt,2,1,3,2,1,dom
37,73462739,Zambia,Uganda,0,1,1,0,1,ext
38,73462740,Angola,Zimbabwe,1,0,1,1,0,dom
38,73462741,Tanzania,Algeria,0,0,0,0,0,nul
38,73462742,Botswana,Comoros,1,1,2,1,1,nul
38,73462744,DR Congo,Zambia,0,1,1,0,1,ext
38,73462745,Egypt,Benin,3,0,3,3,0,dom
38,73462746,Senegal,Mali,0,0,0,0,0,nul
38,73462749,Ivory Coast,Sudan,0,1,1,0,1,ext
38,73462750,Equatorial Guinea,South Africa,1,0,1,1,0,dom
38,73462751,Mozambique,Cameroon,0,0,0,0,0,nul
39,73462752,South Africa,Burkina Faso,2,0,2,2,0,dom
39,73462753,Algeria,Gabon,2,1,3,2,1,dom
39,73462754,Nigeria,Ivory Coast,2,0,2,2,0,dom
39,73462755,Zimbabwe,Mozambique,0,1,1,0,1,ext
39,73462756,Sudan,Equatorial Guinea,1,2,3,1,2,ext
39,73462757,Cameroon,Comoros,0,0,0,0,0,nul
39,73462758,Tunisia,Tanzania,3,0,3,3,0,dom
39,73462759,Mali,Angola,1,1,2,1,1,nul
39,73462761,Zambia,Egypt,2,0,2,2,0,dom
39,73462763,Benin,Senegal,1,0,1,1,0,dom
40,73462764,Angola,Benin,2,0,2,2,0,dom
40,73462766,Senegal,Zambia,1,0,1,1,0,dom
40,73462767,DR Congo,Tunisia,0,0,0,0,0,nul
40,73462768,Burkina Faso,Sudan,2,1,3,2,1,dom
40,73462769,Cameroon,Morocco,0,2,2,0,2,ext
40,73462770,Gabon,Tanzania,2,1,3,2,1,dom
40,73462771,Comoros,Zimbabwe,0,1,1,0,1,ext
40,73462772,Egypt,Uganda,2,1,3,2,1,dom
40,73462773,Ivory Coast,Algeria,1,1,2,1,1,nul
40,73462774,Botswana,South Africa,0,3,3,0,3,ext
40,73462775,Mozambique,Mali,1,1,2,1,1,nul
41,73462776,Zambia,Angola,0,1,1,0,1,ext
41,73462777,Benin,Mozambique,0,1,1,0,1,ext
41,73462778,Zimbabwe,Morocco,0,1,1,0,1,ext
41,73462779,Tunisia,Gabon,5,0,5,5,0,dom
41,73462780,Nigeria,Burkina Faso,1,1,2,1,1,nul
41,73462781,South Africa,Cameroon,2,0,2,2,0,dom
41,73462782,Sudan,Botswana,1,1,2,1,1,nul
41,73462783,Tanzania,Ivory Coast,0,1,1,0,1,ext
41,73462784,Mali,Comoros,1,0,1,1,0,dom
41,73462785,Algeria,Equatorial Guinea,5,0,5,5,0,dom
41,73462786,Uganda,Senegal,0,1,1,0,1,ext
42,73462788,Equatorial Guinea,Tanzania,0,0,0,0,0,nul
42,73462789,Angola,Uganda,1,2,3,1,2,ext
42,73462790,Egypt,Tunisia,0,0,0,0,0,nul
42,73462791,Ivory Coast,Gabon,5,0,5,5,0,dom
42,73462792,Cameroon,Sudan,4,1,5,4,1,dom
42,73462793,Burkina Faso,Algeria,1,0,1,1,0,dom
42,73462794,Zimbabwe,South Africa,0,0,0,0,0,nul
42,73462795,Senegal,DR Congo,1,1,2,1,1,nul
42,73462797,Botswana,Nigeria,1,2,3,1,2,ext
42,73462798,Morocco,Mali,1,0,1,1,0,dom
42,73462799,Comoros,Benin,1,1,2,1,1,nul
43,73462800,Egypt,Senegal,1,0,1,1,0,dom
43,73462801,DR Congo,Angola,0,0,0,0,0,nul
43,73462802,Zambia,Comoros,2,1,3,2,1,dom
43,73462803,Gabon,Equatorial Guinea,2,3,5,2,3,ext
43,73462804,Sudan,Zimbabwe,0,0,0,0,0,nul
43,73462805,Tanzania,Burkina Faso,0,0,0,0,0,nul
43,73462806,Tunisia,Ivory Coast,1,0,1,1,0,dom
43,73462807,Benin,Morocco,1,1,2,1,1,nul
43,73462808,Mali,South Africa,3,0,3,3,0,dom
43,73462809,Nigeria,Cameroon,0,0,0,0,0,nul
43,73462810,Uganda,Mozambique,0,2,2,0,2,ext
43,73462811,Algeria,Botswana,4,0,4,4,0,dom
44,73462812,Senegal,Tunisia,0,0,0,0,0,nul
44,73462813,Mali,Sudan,4,0,4,4,0,dom
44,73462814,Mozambique,DR Congo,0,0,0,0,0,nul
44,73462815,Burkina Faso,Gabon,0,0,0,0,0,nul
44,73462816,Equatorial Guinea,Ivory Coast,1,0,1,1,0,dom
44,73462817,Botswana,Tanzania,0,3,3,0,3,ext
44,73462818,Morocco,Zambia,3,0,3,3,0,dom
44,73462819,Comoros,Uganda,0,1,1,0,1,ext
44,73462820,Zimbabwe,Nigeria,0,0,0,0,0,nul
44,73462821,Cameroon,Algeria,1,0,1,1,0,dom
44,73462822,Angola,Egypt,0,0,0,0,0,nul
44,73462823,South Africa,Benin,5,0,5,5,0,dom
45,73462824,Tunisia,Equatorial Guinea,1,0,1,1,0,dom
45,73462825,Gabon,Botswana,2,0,2,2,0,dom
45,73462826,Algeria,Zimbabwe,3,1,4,3,1,dom
45,73462827,Benin,Sudan,1,0,1,1,0,dom
45,73462830,Uganda,Morocco,1,1,2,1,1,nul
45,73462831,DR Congo,Comoros,1,0,1,1,0,dom
45,73462832,Nigeria,Mali,1,2,3,1,2,ext
45,73462833,Ivory Coast,Burkina Faso,4,0,4,4,0,dom
45,73462834,Zambia,South Africa,1,2,3,1,2,ext
45,73462835,Senegal,Angola,2,1,3,2,1,dom
46,73462836,Cameroon,Gabon,0,2,2,0,2,ext
46,73462837,Sudan,Zambia,0,0,0,0,0,nul
46,73462838,Morocco,DR Congo,3,0,3,3,0,dom
46,73462839,Mozambique,Senegal,1,1,2,1,1,nul
46,73462840,Mali,Algeria,0,0,0,0,0,nul
46,73462841,Comoros,Egypt,5,0,5,5,0,dom
46,73462843,Botswana,Ivory Coast,3,0,3,3,0,dom
46,73462844,Angola,Tunisia,4,0,4,4,0,dom
46,73462845,Burkina Faso,Equatorial Guinea,3,0,3,3,0,dom
46,73462846,Zimbabwe,Tanzania,2,0,2,2,0,dom
46,73462847,Benin,Nigeria,1,3,4,1,3,ext
1,73468247,Botswana,Senegal,2,0,2,2,0,dom
1,73468248,Cameroon,Uganda,2,1,3,2,1,dom
1,73468249,Tanzania,Sudan,0,0,0,0,0,nul
1,73468250,Morocco,Benin,0,0,0,0,0,nul
1,73468251,Zambia,Comoros,1,1,2,1,1,nul
1,73468252,South Africa,Mozambique,0,3,3,0,3,ext
1,73468253,Algeria,Mali,2,0,2,2,0,dom
1,73468254,Egypt,Burkina Faso,2,0,2,2,0,dom
1,73468255,Tunisia,Nigeria,0,3,3,0,3,ext
1,73468256,Zimbabwe,Angola,1,0,1,1,0,dom
1,73468258,Equatorial Guinea,Ivory Coast,1,0,1,1,0,dom
2,73468259,Burkina Faso,Gabon,0,3,3,0,3,ext
2,73468261,Senegal,Tanzania,1,0,1,1,0,dom
2,73468262,Zambia,Equatorial Guinea,2,0,2,2,0,dom
2,73468263,Angola,Cameroon,1,0,1,1,0,dom
2,73468264,Comoros,Algeria,0,1,1,0,1,ext
2,73468265,Ivory Coast,South Africa,1,0,1,1,0,dom
2,73468266,Benin,Egypt,0,1,1,0,1,ext
2,73468267,Nigeria,Sudan,1,0,1,1,0,dom
2,73468268,Mali,Morocco,0,0,0,0,0,nul
2,73468269,Mozambique,Zimbabwe,0,1,1,0,1,ext
2,73468270,DR Congo,Botswana,1,0,1,1,0,dom
3,73468271,Sudan,Uganda,0,0,0,0,0,nul
3,73468272,Zimbabwe,Ivory Coast,0,2,2,0,2,ext
3,73468273,Tanzania,Nigeria,1,2,3,1,2,ext
3,73468274,Cameroon,Mozambique,1,2,3,1,2,ext
3,73468275,South Africa,Zambia,0,0,0,0,0,nul
3,73468277,Morocco,Comoros,2,0,2,2,0,dom
3,73468278,Botswana,Burkina Faso,0,0,0,0,0,nul
3,73468279,Egypt,Mali,0,1,1,0,1,ext
3,73468280,Tunisia,Angola,2,1,3,2,1,dom
3,73468281,Algeria,Equatorial Guinea,0,0,0,0,0,nul
4,73468283,Zambia,Zimbabwe,2,0,2,2,0,dom
4,73468284,Mozambique,Tunisia,1,0,1,1,0,dom
4,73468285,Angola,Sudan,1,0,1,1,0,dom
4,73468286,Equatorial Guinea,Morocco,0,3,3,0,3,ext
4,73468287,Benin,Botswana,2,3,5,2,3,ext
4,73468289,Mali,Gabon,2,2,4,2,2,nul
4,73468290,Ivory Coast,Cameroon,0,0,0,0,0,nul
4,73468291,Algeria,South Africa,3,1,4,3,1,dom
4,73468292,Burkina Faso,Senegal,0,0,0,0,0,nul
4,73468293,DR Congo,Tanzania,2,0,2,2,0,dom
4,73468294,Comoros,Egypt,0,0,0,0,0,nul
5,73468295,Cameroon,Zambia,1,1,2,1,1,nul
5,73468296,Sudan,Mozambique,0,2,2,0,2,ext
5,73468297,Egypt,Equatorial Guinea,3,0,3,3,0,dom
5,73468298,Zimbabwe,Algeria,1,1,2,1,1,nul
5,73468299,Gabon,Comoros,0,2,2,0,2,ext
5,73468300,Tanzania,Uganda,0,0,0,0,0,nul
5,73468301,Morocco,South Africa,4,1,5,4,1,dom
5,73468302,Nigeria,Angola,0,2,2,0,2,ext
5,73468303,Tunisia,Ivory Coast,1,0,1,1,0,dom
5,73468304,Senegal,Benin,2,0,2,2,0,dom
5,73468305,DR Congo,Burkina Faso,1,0,1,1,0,dom
5,73468306,Botswana,Mali,0,1,1,0,1,ext
6,73468307,Comoros,Botswana,0,0,0,0,0,nul
6,73468308,Mali,Senegal,0,0,0,0,0,nul
6,73468309,Morocco,Zimbabwe,2,0,2,2,0,dom
6,73468310,Algeria,Cameroon,2,0,2,2,0,dom
6,73468311,Mozambique,Nigeria,0,0,0,0,0,nul
6,73468312,South Africa,Egypt,2,0,2,2,0,dom
6,73468313,Angola,Uganda,1,2,3,1,2,ext
6,73468314,Ivory Coast,Sudan,4,0,4,4,0,dom
6,73468315,Equatorial Guinea,Gabon,1,0,1,1,0,dom
6,73468316,Zambia,Tunisia,0,0,0,0,0,nul
6,73468317,Burkina Faso,Tanzania,2,2,4,2,2,nul
6,73468318,Benin,DR Congo,0,1,1,0,1,ext
7,73468319,Cameroon,Morocco,2,0,2,2,0,dom
7,73468320,Tanzania,Angola,0,0,0,0,0,nul
7,73468321,Egypt,Zimbabwe,0,0,0,0,0,nul
7,73468323,Nigeria,Ivory Coast,3,1,4,3,1,dom
7,73468324,Burkina Faso,Benin,2,0,2,2,0,dom
7,73468325,Tunisia,Algeria,2,0,2,2,0,dom
7,73468326,Gabon,South Africa,1,5,6,1,5,ext
7,73468327,Senegal,Comoros,2,0,2,2,0,dom
7,73468328,Botswana,Equatorial Guinea,0,0,0,0,0,nul
7,73468329,Sudan,Zambia,3,1,4,3,1,dom
7,73468330,DR Congo,Mali,0,1,1,0,1,ext
8,73468331,Algeria,Sudan,0,0,0,0,0,nul
8,73468332,Comoros,DR Congo,0,3,3,0,3,ext
8,73468333,Benin,Tanzania,1,0,1,1,0,dom
8,73468334,Morocco,Tunisia,0,2,2,0,2,ext
8,73468335,Zimbabwe,Gabon,0,0,0,0,0,nul
8,73468336,Mali,Burkina Faso,0,0,0,0,0,nul
8,73468337,Zambia,Nigeria,2,4,6,2,4,ext
8,73468338,Mozambique,Angola,0,0,0,0,0,nul
8,73468339,South Africa,Botswana,1,1,2,1,1,nul
8,73468340,Equatorial Guinea,Senegal,0,0,0,0,0,nul
8,73468341,Ivory Coast,Uganda,0,0,0,0,0,nul
8,73468342,Egypt,Cameroon,3,0,3,3,0,dom
9,73468343,DR Congo,Equatorial Guinea,0,0,0,0,0,nul
9,73468344,Tunisia,Egypt,1,1,2,1,1,nul
9,73468345,Tanzania,Mozambique,0,2,2,0,2,ext
9,73468346,Nigeria,Algeria,1,0,1,1,0,dom
9,73468347,Burkina Faso,Comoros,1,1,2,1,1,nul
9,73468348,Sudan,Morocco,0,4,4,0,4,ext
9,73468349,Gabon,Cameroon,0,1,1,0,1,ext
9,73468351,Uganda,Zambia,0,0,0,0,0,nul
9,73468352,Botswana,Zimbabwe,0,1,1,0,1,ext
9,73468353,Angola,Ivory Coast,0,0,0,0,0,nul
9,73468354,Benin,Mali,0,0,0,0,0,nul
10,73468355,Algeria,Uganda,2,1,3,2,1,dom
10,73468356,Gabon,Tunisia,0,1,1,0,1,ext
10,73468357,Mali,Tanzania,0,3,3,0,3,ext
10,73468358,Morocco,Nigeria,1,0,1,1,0,dom
10,73468359,Egypt,Sudan,0,3,3,0,3,ext
10,73468360,Zimbabwe,Senegal,0,1,1,0,1,ext
10,73468361,Comoros,Benin,1,0,1,1,0,dom
10,73468362,South Africa,DR Congo,0,1,1,0,1,ext
10,73468363,Equatorial Guinea,Burkina Faso,0,3,3,0,3,ext
10,73468364,Cameroon,Botswana,1,1,2,1,1,nul
10,73468365,Ivory Coast,Mozambique,2,0,2,2,0,dom
10,73468366,Zambia,Angola,0,0,0,0,0,nul
11,73468368,Tanzania,Ivory Coast,0,0,0,0,0,nul
11,73468369,Senegal,Cameroon,0,1,1,0,1,ext
11,73468370,Uganda,Morocco,0,0,0,0,0,nul
11,73468371,Mozambique,Zambia,1,1,2,1,1,nul
11,73468372,Burkina Faso,South Africa,4,0,4,4,0,dom
11,73468373,Botswana,Tunisia,0,1,1,0,1,ext
11,73468374,Angola,Algeria,3,2,5,3,2,dom
11,73468375,Mali,Comoros,1,0,1,1,0,dom
11,73468376,Sudan,Gabon,0,1,1,0,1,ext
11,73468377,Benin,Equatorial Guinea,2,0,2,2,0,dom
11,73468378,Nigeria,Egypt,0,3,3,0,3,ext
12,73468379,Zambia,Ivory Coast,1,1,2,1,1,nul
12,73468380,Cameroon,DR Congo,1,2,3,1,2,ext
12,73468381,South Africa,Benin,1,1,2,1,1,nul
12,73468382,Zimbabwe,Burkina Faso,1,3,4,1,3,ext
12,73468383,Equatorial Guinea,Mali,4,0,4,4,0,dom
12,73468384,Gabon,Nigeria,0,1,1,0,1,ext
12,73468385,Egypt,Uganda,4,0,4,4,0,dom
12,73468386,Morocco,Angola,0,1,1,0,1,ext
12,73468387,Botswana,Sudan,0,2,2,0,2,ext
12,73468388,Algeria,Mozambique,0,1,1,0,1,ext
12,73468389,Tunisia,Senegal,0,0,0,0,0,nul
12,73468390,Comoros,Tanzania,1,0,1,1,0,dom
13,73468391,Nigeria,Botswana,0,1,1,0,1,ext
13,73468392,Tanzania,Zambia,0,0,0,0,0,nul
13,73468393,Mozambique,Morocco,0,0,0,0,0,nul
13,73468394,Mali,South Africa,0,1,1,0,1,ext
13,73468396,Senegal,Sudan,2,0,2,2,0,dom
13,73468397,Burkina Faso,Cameroon,1,0,1,1,0,dom
13,73468398,Uganda,Gabon,1,2,3,1,2,ext
13,73468399,Angola,Egypt,1,1,2,1,1,nul
13,73468400,DR Congo,Tunisia,2,1,3,2,1,dom
13,73468401,Benin,Zimbabwe,0,0,0,0,0,nul
13,73468402,Ivory Coast,Algeria,0,1,1,0,1,ext
14,73468403,South Africa,Comoros,0,1,1,0,1,ext
14,73468404,Algeria,Zambia,1,1,2,1,1,nul
14,73468405,Zimbabwe,Mali,0,1,1,0,1,ext
14,73468406,Egypt,Mozambique,1,1,2,1,1,nul
14,73468407,Equatorial Guinea,Tanzania,1,0,1,1,0,dom
14,73468408,Cameroon,Benin,2,0,2,2,0,dom
14,73468410,Tunisia,Burkina Faso,3,0,3,3,0,dom
14,73468411,Senegal,Nigeria,1,1,2,1,1,nul
14,73468413,Sudan,DR Congo,0,4,4,0,4,ext
15,73468415,Burkina Faso,Sudan,3,0,3,3,0,dom
15,73468416,DR Congo,Nigeria,1,1,2,1,1,nul
15,73468417,Comoros,Zimbabwe,0,0,0,0,0,nul
15,73468418,Benin,Tunisia,0,0,0,0,0,nul
15,73468419,Zambia,Morocco,0,0,0,0,0,nul
15,73468421,Mali,Cameroon,1,0,1,1,0,dom
15,73468422,Angola,Botswana,1,0,1,1,0,dom
15,73468423,Tanzania,Algeria,0,4,4,0,4,ext
15,73468424,Equatorial Guinea,South Africa,1,3,4,1,3,ext
15,73468425,Mozambique,Gabon,1,1,2,1,1,nul
15,73468426,Ivory Coast,Egypt,1,0,1,1,0,dom
16,73468427,Gabon,Ivory Coast,0,0,0,0,0,nul
16,73468428,South Africa,Tanzania,1,0,1,1,0,dom
16,73468430,Nigeria,Burkina Faso,1,1,2,1,1,nul
16,73468431,Senegal,Angola,0,1,1,0,1,ext
16,73468433,Morocco,Algeria,1,1,2,1,1,nul
16,73468434,Tunisia,Mali,1,1,2,1,1,nul
16,73468435,Cameroon,Comoros,0,1,1,0,1,ext
16,73468436,Zimbabwe,Equatorial Guinea,1,0,1,1,0,dom
16,73468438,Botswana,Mozambique,0,4,4,0,4,ext
17,73468439,Benin,Nigeria,0,2,2,0,2,ext
17,73468440,South Africa,Zimbabwe,0,0,0,0,0,nul
17,73468441,Ivory Coast,Botswana,1,0,1,1,0,dom
17,73468443,Tanzania,Morocco,0,1,1,0,1,ext
17,73468445,Equatorial Guinea,Cameroon,0,1,1,0,1,ext
17,73468446,Mozambique,Senegal,0,0,0,0,0,nul
17,73468447,Mali,Sudan,3,0,3,3,0,dom
17,73468448,Burkina Faso,Uganda,2,1,3,2,1,dom
18,73468451,Botswana,Zambia,1,0,1,1,0,dom
18,73468452,Burkina Faso,Angola,1,0,1,1,0,dom
18,73468453,Sudan,Comoros,0,2,2,0,2,ext
18,73468454,Gabon,Algeria,1,1,2,1,1,nul
18,73468455,DR Congo,Mozambique,0,1,1,0,1,ext
18,73468456,Egypt,Morocco,1,0,1,1,0,dom
18,73468457,Senegal,Ivory Coast,0,0,0,0,0,nul
18,73468458,Nigeria,Mali,0,1,1,0,1,ext
18,73468459,Uganda,Benin,1,0,1,1,0,dom
18,73468460,Tunisia,Equatorial Guinea,2,0,2,2,0,dom
18,73468462,Zimbabwe,Tanzania,0,2,2,0,2,ext
19,73468463,Equatorial Guinea,Sudan,2,1,3,2,1,dom
19,73468464,Ivory Coast,DR Congo,1,2,3,1,2,ext
19,73468466,Benin,Angola,1,0,1,1,0,dom
19,73468467,Tanzania,Egypt,0,1,1,0,1,ext
19,73468468,Zimbabwe,Cameroon,1,1,2,1,1,nul
19,73468469,Algeria,Botswana,2,0,2,2,0,dom
19,73468470,Mozambique,Burkina Faso,0,0,0,0,0,nul
19,73468471,Mali,Uganda,0,0,0,0,0,nul
19,73468472,South Africa,Tunisia,1,0,1,1,0,dom
19,73468473,Morocco,Gabon,0,0,0,0,0,nul
20,73468475,Tunisia,Zimbabwe,0,0,0,0,0,nul
20,73468476,DR Congo,Zambia,0,0,0,0,0,nul
20,73468477,Burkina Faso,Ivory Coast,1,1,2,1,1,nul
20,73468478,Angola,Mali,2,0,2,2,0,dom
20,73468479,Nigeria,Equatorial Guinea,3,0,3,3,0,dom
20,73468480,Benin,Mozambique,1,1,2,1,1,nul
20,73468481,Cameroon,Tanzania,3,0,3,3,0,dom
20,73468482,Sudan,South Africa,3,1,4,3,1,dom
20,73468483,Uganda,Comoros,1,2,3,1,2,ext
20,73468484,Gabon,Egypt,0,2,2,0,2,ext
20,73468485,Senegal,Algeria,0,0,0,0,0,nul
20,73468486,Botswana,Morocco,0,3,3,0,3,ext
21,73468487,Ivory Coast,Benin,0,0,0,0,0,nul
21,73468488,Tanzania,Gabon,0,2,2,0,2,ext
21,73468489,Cameroon,Tunisia,0,0,0,0,0,nul
21,73468490,South Africa,Nigeria,1,1,2,1,1,nul
21,73468491,Mali,Mozambique,3,0,3,3,0,dom
21,73468492,Algeria,DR Congo,2,1,3,2,1,dom
21,73468493,Egypt,Botswana,1,1,2,1,1,nul
21,73468494,Zimbabwe,Sudan,2,0,2,2,0,dom
21,73468496,Equatorial Guinea,Uganda,0,0,0,0,0,nul
21,73468497,Comoros,Angola,1,2,3,1,2,ext
21,73468498,Zambia,Burkina Faso,0,0,0,0,0,nul
22,73468499,Nigeria,Zimbabwe,2,0,2,2,0,dom
22,73468500,Tunisia,Tanzania,0,0,0,0,0,nul
22,73468501,Mozambique,Comoros,1,1,2,1,1,nul
22,73468502,Sudan,Cameroon,1,1,2,1,1,nul
22,73468504,Senegal,Egypt,1,1,2,1,1,nul
22,73468506,Angola,Equatorial Guinea,1,0,1,1,0,dom
22,73468507,Benin,Zambia,1,0,1,1,0,dom
22,73468508,Burkina Faso,Algeria,0,0,0,0,0,nul
22,73468509,Mali,Ivory Coast,3,0,3,3,0,dom
22,73468510,Uganda,South Africa,0,1,1,0,1,ext
23,73468511,Morocco,Burkina Faso,2,0,2,2,0,dom
23,73468513,Zambia,Mali,0,1,1,0,1,ext
23,73468514,Equatorial Guinea,Mozambique,1,0,1,1,0,dom
23,73468515,Comoros,Ivory Coast,0,0,0,0,0,nul
23,73468517,Gabon,Senegal,0,2,2,0,2,ext
23,73468518,Zimbabwe,Uganda,1,1,2,1,1,nul
23,73468519,Algeria,Benin,2,0,2,2,0,dom
23,73468520,Cameroon,Nigeria,0,0,0,0,0,nul
23,73468521,South Africa,Angola,0,1,1,0,1,ext
23,73468522,Egypt,DR Congo,0,0,0,0,0,nul
24,73468523,Senegal,Botswana,0,0,0,0,0,nul
24,73468524,Uganda,Cameroon,1,1,2,1,1,nul
24,73468526,Benin,Morocco,1,1,2,1,1,nul
24,73468527,Comoros,Zambia,1,0,1,1,0,dom
24,73468528,Mozambique,South Africa,0,0,0,0,0,nul
24,73468529,Mali,Algeria,0,0,0,0,0,nul
24,73468530,Burkina Faso,Egypt,1,1,2,1,1,nul
24,73468531,Nigeria,Tunisia,0,0,0,0,0,nul
24,73468532,Angola,Zimbabwe,2,0,2,2,0,dom
24,73468534,Ivory Coast,Equatorial Guinea,5,0,5,5,0,dom
25,73468535,Gabon,Burkina Faso,1,0,1,1,0,dom
25,73468536,Tunisia,Uganda,2,0,2,2,0,dom
25,73468537,Tanzania,Senegal,0,0,0,0,0,nul
25,73468538,Equatorial Guinea,Zambia,0,0,0,0,0,nul
25,73468539,Cameroon,Angola,0,0,0,0,0,nul
25,73468540,Algeria,Comoros,2,1,3,2,1,dom
25,73468541,South Africa,Ivory Coast,1,0,1,1,0,dom
25,73468542,Egypt,Benin,2,0,2,2,0,dom
25,73468543,Sudan,Nigeria,1,2,3,1,2,ext
25,73468544,Morocco,Mali,1,0,1,1,0,dom
25,73468545,Zimbabwe,Mozambique,2,2,4,2,2,nul
25,73468546,Botswana,DR Congo,0,0,0,0,0,nul
26,73468547,Uganda,Sudan,2,0,2,2,0,dom
26,73468548,Ivory Coast,Zimbabwe,4,0,4,4,0,dom
26,73468549,Nigeria,Tanzania,0,0,0,0,0,nul
26,73468550,Mozambique,Cameroon,0,0,0,0,0,nul
26,73468551,Zambia,South Africa,1,0,1,1,0,dom
26,73468553,Comoros,Morocco,0,2,2,0,2,ext
26,73468554,Burkina Faso,Botswana,2,1,3,2,1,dom
26,73468555,Mali,Egypt,1,0,1,1,0,dom
26,73468556,Angola,Tunisia,0,0,0,0,0,nul
26,73468557,Equatorial Guinea,Algeria,1,1,2,1,1,nul
27,73468560,Tunisia,Mozambique,3,1,4,3,1,dom
27,73468561,Sudan,Angola,1,0,1,1,0,dom
27,73468562,Morocco,Equatorial Guinea,2,1,3,2,1,dom
27,73468563,Botswana,Benin,0,1,1,0,1,ext
27,73468564,Nigeria,Uganda,1,0,1,1,0,dom
27,73468566,Cameroon,Ivory Coast,1,0,1,1,0,dom
27,73468567,South Africa,Algeria,2,0,2,2,0,dom
27,73468568,Senegal,Burkina Faso,3,1,4,3,1,dom
27,73468569,Tanzania,DR Congo,0,0,0,0,0,nul
27,73468570,Egypt,Comoros,1,0,1,1,0,dom
28,73468571,Zambia,Cameroon,0,0,0,0,0,nul
28,73468572,Mozambique,Sudan,2,0,2,2,0,dom
28,73468573,Equatorial Guinea,Egypt,0,1,1,0,1,ext
28,73468574,Algeria,Zimbabwe,3,1,4,3,1,dom
28,73468575,Comoros,Gabon,1,1,2,1,1,nul
28,73468576,Uganda,Tanzania,0,1,1,0,1,ext
28,73468577,South Africa,Morocco,2,2,4,2,2,nul
28,73468578,Angola,Nigeria,0,0,0,0,0,nul
28,73468579,Ivory Coast,Tunisia,1,0,1,1,0,dom
28,73468580,Benin,Senegal,2,2,4,2,2,nul
28,73468581,Burkina Faso,DR Congo,0,0,0,0,0,nul
28,73468582,Mali,Botswana,1,0,1,1,0,dom
29,73468583,Botswana,Comoros,1,1,2,1,1,nul
29,73468584,Senegal,Mali,1,0,1,1,0,dom
29,73468585,Zimbabwe,Morocco,2,0,2,2,0,dom
29,73468586,Cameroon,Algeria,0,3,3,0,3,ext
29,73468587,Nigeria,Mozambique,0,0,0,0,0,nul
29,73468588,Egypt,South Africa,0,0,0,0,0,nul
29,73468589,Uganda,Angola,0,1,1,0,1,ext
29,73468590,Sudan,Ivory Coast,0,0,0,0,0,nul
29,73468591,Gabon,Equatorial Guinea,6,0,6,6,0,dom
29,73468592,Tunisia,Zambia,1,1,2,1,1,nul
29,73468593,Tanzania,Burkina Faso,3,0,3,3,0,dom
29,73468594,DR Congo,Benin,0,1,1,0,1,ext
30,73468595,Morocco,Cameroon,0,0,0,0,0,nul
30,73468596,Angola,Tanzania,0,0,0,0,0,nul
30,73468597,Zimbabwe,Egypt,4,0,4,4,0,dom
30,73468599,Ivory Coast,Nigeria,0,1,1,0,1,ext
30,73468600,Benin,Burkina Faso,0,0,0,0,0,nul
30,73468601,Algeria,Tunisia,1,1,2,1,1,nul
30,73468602,South Africa,Gabon,1,1,2,1,1,nul
30,73468603,Comoros,Senegal,0,2,2,0,2,ext
30,73468604,Equatorial Guinea,Botswana,0,0,0,0,0,nul
30,73468605,Zambia,Sudan,0,0,0,0,0,nul
30,73468606,Mali,DR Congo,0,0,0,0,0,nul
31,73468607,Sudan,Algeria,1,2,3,1,2,ext
31,73468609,Tanzania,Benin,1,0,1,1,0,dom
31,73468610,Tunisia,Morocco,0,1,1,0,1,ext
31,73468611,Gabon,Zimbabwe,2,0,2,2,0,dom
31,73468612,Burkina Faso,Mali,1,3,4,1,3,ext
31,73468613,Nigeria,Zambia,0,0,0,0,0,nul
31,73468614,Angola,Mozambique,6,0,6,6,0,dom
31,73468615,Botswana,South Africa,0,0,0,0,0,nul
31,73468616,Senegal,Equatorial Guinea,3,1,4,3,1,dom
31,73468617,Uganda,Ivory Coast,0,0,0,0,0,nul
31,73468618,Cameroon,Egypt,0,0,0,0,0,nul
32,73468620,Egypt,Tunisia,0,0,0,0,0,nul
32,73468621,Mozambique,Tanzania,0,0,0,0,0,nul
32,73468622,Algeria,Nigeria,1,0,1,1,0,dom
32,73468623,Comoros,Burkina Faso,0,0,0,0,0,nul
32,73468624,Morocco,Sudan,0,1,1,0,1,ext
32,73468627,Zambia,Uganda,0,0,0,0,0,nul
32,73468628,Zimbabwe,Botswana,0,1,1,0,1,ext
32,73468629,Ivory Coast,Angola,0,3,3,0,3,ext
32,73468630,Mali,Benin,0,1,1,0,1,ext
33,73468631,Uganda,Algeria,0,0,0,0,0,nul
33,73468632,Tunisia,Gabon,0,2,2,0,2,ext
33,73468633,Tanzania,Mali,1,0,1,1,0,dom
33,73468634,Nigeria,Morocco,1,0,1,1,0,dom
33,73468635,Sudan,Egypt,1,0,1,1,0,dom
33,73468636,Senegal,Zimbabwe,4,0,4,4,0,dom
33,73468637,Benin,Comoros,0,0,0,0,0,nul
33,73468638,DR Congo,South Africa,0,0,0,0,0,nul
33,73468639,Burkina Faso,Equatorial Guinea,0,0,0,0,0,nul
33,73468641,Mozambique,Ivory Coast,0,0,0,0,0,nul
33,73468642,Angola,Zambia,0,0,0,0,0,nul
34,73468644,Ivory Coast,Tanzania,3,0,3,3,0,dom
34,73468645,Cameroon,Senegal,0,0,0,0,0,nul
34,73468647,Zambia,Mozambique,0,0,0,0,0,nul
34,73468648,South Africa,Burkina Faso,1,2,3,1,2,ext
34,73468649,Tunisia,Botswana,0,0,0,0,0,nul
34,73468650,Algeria,Angola,1,0,1,1,0,dom
34,73468651,Comoros,Mali,2,1,3,2,1,dom
34,73468652,Gabon,Sudan,1,2,3,1,2,ext
34,73468653,Equatorial Guinea,Benin,1,0,1,1,0,dom
35,73468655,Ivory Coast,Zambia,0,0,0,0,0,nul
35,73468656,DR Congo,Cameroon,3,0,3,3,0,dom
35,73468657,Benin,South Africa,0,0,0,0,0,nul
35,73468658,Burkina Faso,Zimbabwe,0,2,2,0,2,ext
35,73468659,Mali,Equatorial Guinea,1,2,3,1,2,ext
35,73468660,Nigeria,Gabon,2,1,3,2,1,dom
35,73468661,Uganda,Egypt,2,1,3,2,1,dom
35,73468662,Angola,Morocco,0,0,0,0,0,nul
35,73468663,Sudan,Botswana,1,1,2,1,1,nul
35,73468664,Mozambique,Algeria,0,1,1,0,1,ext
35,73468665,Senegal,Tunisia,2,0,2,2,0,dom
35,73468666,Tanzania,Comoros,1,0,1,1,0,dom
36,73468667,Botswana,Nigeria,0,1,1,0,1,ext
36,73468668,Zambia,Tanzania,2,2,4,2,2,nul
36,73468669,Morocco,Mozambique,0,0,0,0,0,nul
36,73468670,South Africa,Mali,1,0,1,1,0,dom
36,73468672,Sudan,Senegal,0,4,4,0,4,ext
36,73468673,Cameroon,Burkina Faso,1,0,1,1,0,dom
36,73468674,Gabon,Uganda,2,1,3,2,1,dom
36,73468675,Egypt,Angola,0,0,0,0,0,nul
36,73468676,Tunisia,DR Congo,2,2,4,2,2,nul
36,73468677,Zimbabwe,Benin,1,1,2,1,1,nul
36,73468678,Algeria,Ivory Coast,1,1,2,1,1,nul
37,73468679,Comoros,South Africa,1,0,1,1,0,dom
37,73468680,Zambia,Algeria,1,1,2,1,1,nul
37,73468681,Mali,Zimbabwe,1,0,1,1,0,dom
37,73468682,Mozambique,Egypt,1,0,1,1,0,dom
37,73468683,Tanzania,Equatorial Guinea,1,0,1,1,0,dom
37,73468684,Benin,Cameroon,2,1,3,2,1,dom
37,73468686,Burkina Faso,Tunisia,1,1,2,1,1,nul
37,73468687,Nigeria,Senegal,3,1,4,3,1,dom
37,73468688,Uganda,Botswana,3,0,3,3,0,dom
38,73468691,Sudan,Burkina Faso,1,2,3,1,2,ext
38,73468693,Zimbabwe,Comoros,0,1,1,0,1,ext
38,73468694,Tunisia,Benin,3,0,3,3,0,dom
38,73468695,Morocco,Zambia,3,1,4,3,1,dom
38,73468697,Cameroon,Mali,3,1,4,3,1,dom
38,73468698,Botswana,Angola,0,0,0,0,0,nul
38,73468699,Algeria,Tanzania,2,0,2,2,0,dom
38,73468700,South Africa,Equatorial Guinea,3,0,3,3,0,dom
38,73468701,Gabon,Mozambique,0,3,3,0,3,ext
38,73468702,Egypt,Ivory Coast,2,0,2,2,0,dom
39,73468704,Tanzania,South Africa,1,0,1,1,0,dom
39,73468706,Burkina Faso,Nigeria,0,1,1,0,1,ext
39,73468707,Angola,Senegal,2,1,3,2,1,dom
39,73468709,Algeria,Morocco,0,0,0,0,0,nul
39,73468710,Mali,Tunisia,0,3,3,0,3,ext
39,73468711,Comoros,Cameroon,3,1,4,3,1,dom
39,73468712,Equatorial Guinea,Zimbabwe,3,0,3,3,0,dom
39,73468714,Mozambique,Botswana,4,0,4,4,0,dom
40,73468715,Nigeria,Benin,0,0,0,0,0,nul
40,73468716,Zimbabwe,South Africa,2,0,2,2,0,dom
40,73468717,Botswana,Ivory Coast,0,5,5,0,5,ext
40,73468718,Tunisia,Comoros,2,1,3,2,1,dom
40,73468719,Morocco,Tanzania,2,1,3,2,1,dom
40,73468721,Cameroon,Equatorial Guinea,4,0,4,4,0,dom
40,73468722,Senegal,Mozambique,4,0,4,4,0,dom
40,73468723,Sudan,Mali,1,1,2,1,1,nul
40,73468724,Uganda,Burkina Faso,0,4,4,0,4,ext
41,73468727,Zambia,Botswana,1,1,2,1,1,nul
41,73468728,Angola,Burkina Faso,3,0,3,3,0,dom
41,73468729,Comoros,Sudan,0,0,0,0,0,nul
41,73468730,Algeria,Gabon,0,1,1,0,1,ext
41,73468731,Mozambique,DR Congo,0,1,1,0,1,ext
41,73468732,Morocco,Egypt,1,0,1,1,0,dom
41,73468733,Ivory Coast,Senegal,0,0,0,0,0,nul
41,73468734,Mali,Nigeria,1,1,2,1,1,nul
41,73468735,Benin,Uganda,1,0,1,1,0,dom
41,73468736,Equatorial Guinea,Tunisia,0,0,0,0,0,nul
41,73468738,Tanzania,Zimbabwe,0,3,3,0,3,ext
42,73468739,Sudan,Equatorial Guinea,2,0,2,2,0,dom
42,73468740,DR Congo,Ivory Coast,2,1,3,2,1,dom
42,73468742,Angola,Benin,3,1,4,3,1,dom
42,73468743,Egypt,Tanzania,0,0,0,0,0,nul
42,73468744,Cameroon,Zimbabwe,3,0,3,3,0,dom
42,73468745,Botswana,Algeria,3,0,3,3,0,dom
42,73468746,Burkina Faso,Mozambique,0,0,0,0,0,nul
42,73468747,Uganda,Mali,0,0,0,0,0,nul
42,73468748,Tunisia,South Africa,0,0,0,0,0,nul
42,73468749,Gabon,Morocco,1,2,3,1,2,ext
42,73468750,Nigeria,Comoros,3,0,3,3,0,dom
43,73468751,Zimbabwe,Tunisia,0,0,0,0,0,nul
43,73468752,Zambia,DR Congo,1,0,1,1,0,dom
43,73468753,Ivory Coast,Burkina Faso,1,1,2,1,1,nul
43,73468754,Mali,Angola,1,2,3,1,2,ext
43,73468755,Equatorial Guinea,Nigeria,3,1,4,3,1,dom
43,73468756,Mozambique,Benin,0,0,0,0,0,nul
43,73468757,Tanzania,Cameroon,1,0,1,1,0,dom
43,73468758,South Africa,Sudan,1,0,1,1,0,dom
43,73468759,Comoros,Uganda,0,0,0,0,0,nul
43,73468760,Egypt,Gabon,0,0,0,0,0,nul
43,73468761,Algeria,Senegal,1,1,2,1,1,nul
43,73468762,Morocco,Botswana,0,0,0,0,0,nul
44,73468763,Benin,Ivory Coast,0,0,0,0,0,nul
44,73468764,Gabon,Tanzania,1,0,1,1,0,dom
44,73468765,Tunisia,Cameroon,0,0,0,0,0,nul
44,73468766,Nigeria,South Africa,3,1,4,3,1,dom
44,73468767,Mozambique,Mali,1,1,2,1,1,nul
44,73468768,DR Congo,Algeria,3,0,3,3,0,dom
44,73468769,Botswana,Egypt,1,2,3,1,2,ext
44,73468770,Sudan,Zimbabwe,4,0,4,4,0,dom
44,73468771,Senegal,Morocco,0,0,0,0,0,nul
44,73468772,Uganda,Equatorial Guinea,3,1,4,3,1,dom
44,73468773,Angola,Comoros,2,1,3,2,1,dom
44,73468774,Burkina Faso,Zambia,0,1,1,0,1,ext
45,73468775,Zimbabwe,Nigeria,0,0,0,0,0,nul
45,73468776,Tanzania,Tunisia,0,0,0,0,0,nul
45,73468777,Comoros,Mozambique,1,1,2,1,1,nul
45,73468778,Cameroon,Sudan,0,0,0,0,0,nul
45,73468780,Egypt,Senegal,1,2,3,1,2,ext
45,73468782,Equatorial Guinea,Angola,2,0,2,2,0,dom
45,73468783,Zambia,Benin,0,1,1,0,1,ext
45,73468784,Algeria,Burkina Faso,0,0,0,0,0,nul
45,73468785,Ivory Coast,Mali,0,2,2,0,2,ext
45,73468786,South Africa,Uganda,0,0,0,0,0,nul
46,73468787,Burkina Faso,Morocco,0,2,2,0,2,ext
46,73468789,Mali,Zambia,3,0,3,3,0,dom
46,73468790,Mozambique,Equatorial Guinea,1,1,2,1,1,nul
46,73468791,Ivory Coast,Comoros,0,0,0,0,0,nul
46,73468792,Sudan,Tunisia,5,0,5,5,0,dom
46,73468793,Senegal,Gabon,2,2,4,2,2,nul
46,73468794,Uganda,Zimbabwe,3,0,3,3,0,dom
46,73468795,Benin,Algeria,4,0,4,4,0,dom
46,73468796,Nigeria,Cameroon,3,0,3,3,0,dom
46,73468797,Angola,South Africa,2,0,2,2,0,dom
46,73468798,DR Congo,Egypt,1,3,4,1,3,ext
1,73474664,Burkina Faso,Egypt,2,0,2,2,0,dom
1,73474665,Mozambique,Gabon,2,1,3,2,1,dom
1,73474666,Tanzania,Senegal,0,0,0,0,0,nul
1,73474668,Uganda,South Africa,1,1,2,1,1,nul
1,73474669,Benin,Zimbabwe,0,3,3,0,3,ext
1,73474670,Sudan,Nigeria,2,0,2,2,0,dom
1,73474671,Angola,Equatorial Guinea,2,0,2,2,0,dom
1,73474672,Tunisia,Morocco,0,3,3,0,3,ext
1,73474673,DR Congo,Comoros,1,0,1,1,0,dom
1,73474674,Zambia,Botswana,0,0,0,0,0,nul
2,73474676,Gabon,Cameroon,2,1,3,2,1,dom
2,73474677,Senegal,Zambia,0,0,0,0,0,nul
2,73474678,South Africa,Ivory Coast,0,0,0,0,0,nul
2,73474679,Egypt,Benin,2,0,2,2,0,dom
2,73474680,Zimbabwe,Tunisia,2,1,3,2,1,dom
2,73474681,Mali,Uganda,3,0,3,3,0,dom
2,73474682,Equatorial Guinea,DR Congo,2,1,3,2,1,dom
2,73474683,Morocco,Mozambique,0,0,0,0,0,nul
2,73474684,Botswana,Algeria,1,0,1,1,0,dom
2,73474685,Angola,Sudan,2,1,3,2,1,dom
2,73474686,Nigeria,Burkina Faso,4,0,4,4,0,dom
2,73474687,Comoros,Tanzania,4,0,4,4,0,dom
3,73474688,DR Congo,Sudan,4,0,4,4,0,dom
3,73474689,Tunisia,Egypt,0,1,1,0,1,ext
3,73474690,Ivory Coast,Gabon,2,0,2,2,0,dom
3,73474691,Burkina Faso,Angola,2,0,2,2,0,dom
3,73474692,Mozambique,Zimbabwe,0,1,1,0,1,ext
3,73474693,South Africa,Mali,1,0,1,1,0,dom
3,73474694,Algeria,Senegal,1,0,1,1,0,dom
3,73474695,Tanzania,Equatorial Guinea,1,1,2,1,1,nul
3,73474696,Cameroon,Morocco,1,3,4,1,3,ext
3,73474697,Zambia,Comoros,0,0,0,0,0,nul
3,73474699,Benin,Nigeria,0,0,0,0,0,nul
4,73474700,DR Congo,Burkina Faso,1,1,2,1,1,nul
4,73474701,Equatorial Guinea,Zambia,1,0,1,1,0,dom
4,73474702,Zimbabwe,Cameroon,0,2,2,0,2,ext
4,73474703,Senegal,Uganda,3,1,4,3,1,dom
4,73474704,Angola,Benin,2,0,2,2,0,dom
4,73474705,Morocco,Gabon,1,0,1,1,0,dom
4,73474706,Sudan,Tanzania,2,2,4,2,2,nul
4,73474707,Comoros,Algeria,3,0,3,3,0,dom
4,73474708,Nigeria,Tunisia,1,0,1,1,0,dom
4,73474710,Egypt,Mozambique,0,0,0,0,0,nul
4,73474711,Mali,Ivory Coast,0,0,0,0,0,nul
5,73474712,Benin,DR Congo,3,1,4,3,1,dom
5,73474713,Algeria,Equatorial Guinea,4,0,4,4,0,dom
5,73474714,South Africa,Senegal,1,2,3,1,2,ext
5,73474715,Mali,Botswana,1,0,1,1,0,dom
5,73474716,Uganda,Comoros,1,1,2,1,1,nul
5,73474717,Mozambique,Nigeria,0,0,0,0,0,nul
5,73474718,Tunisia,Angola,0,0,0,0,0,nul
5,73474719,Ivory Coast,Morocco,1,1,2,1,1,nul
5,73474720,Zambia,Sudan,1,1,2,1,1,nul
5,73474721,Cameroon,Egypt,0,1,1,0,1,ext
5,73474722,Tanzania,Burkina Faso,1,1,2,1,1,nul
6,73474724,Sudan,Algeria,0,0,0,0,0,nul
6,73474725,Comoros,South Africa,0,0,0,0,0,nul
6,73474726,Equatorial Guinea,Uganda,0,0,0,0,0,nul
6,73474727,Zimbabwe,Morocco,2,0,2,2,0,dom
6,73474728,Senegal,Mali,0,0,0,0,0,nul
6,73474729,Tanzania,Benin,0,1,1,0,1,ext
6,73474730,Angola,Mozambique,6,0,6,6,0,dom
6,73474731,Egypt,Gabon,0,1,1,0,1,ext
6,73474732,DR Congo,Tunisia,0,0,0,0,0,nul
6,73474733,Burkina Faso,Zambia,0,1,1,0,1,ext
6,73474734,Botswana,Ivory Coast,0,0,0,0,0,nul
6,73474735,Nigeria,Cameroon,0,0,0,0,0,nul
25,73474952,Cameroon,Gabon,2,0,2,2,0,dom
25,73474953,Zambia,Senegal,0,0,0,0,0,nul
25,73474954,Ivory Coast,South Africa,2,0,2,2,0,dom
25,73474955,Benin,Egypt,0,0,0,0,0,nul
25,73474956,Tunisia,Zimbabwe,0,1,1,0,1,ext
25,73474957,Uganda,Mali,0,0,0,0,0,nul
25,73474958,DR Congo,Equatorial Guinea,0,0,0,0,0,nul
25,73474959,Mozambique,Morocco,0,3,3,0,3,ext
25,73474960,Algeria,Botswana,1,1,2,1,1,nul
25,73474961,Sudan,Angola,0,2,2,0,2,ext
25,73474962,Burkina Faso,Nigeria,1,0,1,1,0,dom
25,73474963,Tanzania,Comoros,0,1,1,0,1,ext
26,73474964,Sudan,DR Congo,1,0,1,1,0,dom
26,73474965,Egypt,Tunisia,1,0,1,1,0,dom
26,73474966,Gabon,Ivory Coast,4,0,4,4,0,dom
26,73474967,Angola,Burkina Faso,1,0,1,1,0,dom
26,73474968,Zimbabwe,Mozambique,1,0,1,1,0,dom
26,73474969,Mali,South Africa,1,2,3,1,2,ext
26,73474970,Senegal,Algeria,1,1,2,1,1,nul
26,73474971,Equatorial Guinea,Tanzania,0,0,0,0,0,nul
26,73474972,Morocco,Cameroon,0,1,1,0,1,ext
26,73474973,Comoros,Zambia,1,0,1,1,0,dom
26,73474975,Nigeria,Benin,5,0,5,5,0,dom
27,73474976,Burkina Faso,DR Congo,1,1,2,1,1,nul
27,73474977,Zambia,Equatorial Guinea,0,1,1,0,1,ext
27,73474978,Cameroon,Zimbabwe,1,0,1,1,0,dom
27,73474979,Uganda,Senegal,1,1,2,1,1,nul
27,73474980,Benin,Angola,0,3,3,0,3,ext
27,73474981,Gabon,Morocco,0,0,0,0,0,nul
27,73474982,Tanzania,Sudan,2,0,2,2,0,dom
27,73474983,Algeria,Comoros,0,0,0,0,0,nul
27,73474984,Tunisia,Nigeria,0,2,2,0,2,ext
27,73474986,Mozambique,Egypt,2,0,2,2,0,dom
27,73474987,Ivory Coast,Mali,1,0,1,1,0,dom
28,73474988,DR Congo,Benin,0,1,1,0,1,ext
28,73474989,Equatorial Guinea,Algeria,0,0,0,0,0,nul
28,73474990,Senegal,South Africa,1,1,2,1,1,nul
28,73474991,Botswana,Mali,2,0,2,2,0,dom
28,73474992,Comoros,Uganda,0,3,3,0,3,ext
28,73474993,Nigeria,Mozambique,4,0,4,4,0,dom
28,73474994,Angola,Tunisia,0,0,0,0,0,nul
28,73474995,Morocco,Ivory Coast,3,0,3,3,0,dom
28,73474996,Sudan,Zambia,1,1,2,1,1,nul
28,73474998,Burkina Faso,Tanzania,3,0,3,3,0,dom
29,73475000,Algeria,Sudan,2,1,3,2,1,dom
29,73475001,South Africa,Comoros,1,1,2,1,1,nul
29,73475003,Morocco,Zimbabwe,0,0,0,0,0,nul
29,73475004,Mali,Senegal,0,2,2,0,2,ext
29,73475005,Benin,Tanzania,4,1,5,4,1,dom
29,73475006,Mozambique,Angola,1,2,3,1,2,ext
29,73475007,Gabon,Egypt,4,0,4,4,0,dom
29,73475008,Tunisia,DR Congo,2,1,3,2,1,dom
29,73475009,Zambia,Burkina Faso,4,1,5,4,1,dom
29,73475010,Ivory Coast,Botswana,2,1,3,2,1,dom
29,73475011,Cameroon,Nigeria,1,1,2,1,1,nul
30,73475012,Burkina Faso,Algeria,0,0,0,0,0,nul
30,73475013,Egypt,Morocco,0,0,0,0,0,nul
30,73475014,Equatorial Guinea,South Africa,4,0,4,4,0,dom
30,73475015,Angola,Cameroon,1,1,2,1,1,nul
30,73475016,Tanzania,Tunisia,0,1,1,0,1,ext
30,73475017,DR Congo,Mozambique,0,0,0,0,0,nul
30,73475018,Comoros,Mali,1,1,2,1,1,nul
30,73475019,Benin,Zambia,1,1,2,1,1,nul
30,73475020,Senegal,Botswana,0,2,2,0,2,ext
30,73475021,Sudan,Uganda,0,0,0,0,0,nul
30,73475022,Zimbabwe,Ivory Coast,0,0,0,0,0,nul
31,73475024,Mozambique,Tanzania,1,2,3,1,2,ext
31,73475025,Ivory Coast,Senegal,2,1,3,2,1,dom
31,73475026,Botswana,Comoros,1,0,1,1,0,dom
31,73475027,Gabon,Angola,0,1,1,0,1,ext
31,73475028,Uganda,Burkina Faso,2,0,2,2,0,dom
31,73475029,Tunisia,Zambia,1,3,4,1,3,ext
31,73475030,South Africa,Sudan,0,0,0,0,0,nul
31,73475031,Algeria,Benin,6,0,6,6,0,dom
31,73475032,Cameroon,DR Congo,0,0,0,0,0,nul
31,73475033,Morocco,Nigeria,3,1,4,3,1,dom
31,73475034,Zimbabwe,Egypt,0,0,0,0,0,nul
31,73475035,Mali,Equatorial Guinea,0,0,0,0,0,nul
32,73475036,DR Congo,Gabon,0,1,1,0,1,ext
32,73475037,Zambia,Mozambique,0,0,0,0,0,nul
32,73475038,Tunisia,Algeria,0,0,0,0,0,nul
32,73475039,Egypt,Ivory Coast,1,0,1,1,0,dom
32,73475040,Benin,Uganda,0,0,0,0,0,nul
32,73475041,Burkina Faso,South Africa,0,1,1,0,1,ext
32,73475042,Angola,Morocco,4,0,4,4,0,dom
32,73475043,Nigeria,Zimbabwe,0,0,0,0,0,nul
32,73475044,Comoros,Senegal,0,0,0,0,0,nul
32,73475046,Equatorial Guinea,Botswana,0,3,3,0,3,ext
32,73475047,Sudan,Mali,0,1,1,0,1,ext
33,73475048,Zimbabwe,Angola,0,0,0,0,0,nul
33,73475049,Morocco,DR Congo,0,2,2,0,2,ext
33,73475050,Mozambique,Algeria,1,0,1,1,0,dom
33,73475051,Botswana,Sudan,1,0,1,1,0,dom
33,73475052,Cameroon,Zambia,1,0,1,1,0,dom
33,73475053,South Africa,Benin,4,0,4,4,0,dom
33,73475054,Ivory Coast,Comoros,0,0,0,0,0,nul
33,73475057,Uganda,Tunisia,0,0,0,0,0,nul
33,73475058,Mali,Burkina Faso,0,0,0,0,0,nul
33,73475059,Gabon,Tanzania,0,0,0,0,0,nul
34,73475060,Tunisia,South Africa,1,2,3,1,2,ext
34,73475061,Benin,Mali,3,0,3,3,0,dom
34,73475062,Nigeria,Ivory Coast,0,0,0,0,0,nul
34,73475063,Equatorial Guinea,Comoros,0,2,2,0,2,ext
34,73475064,Angola,Egypt,0,0,0,0,0,nul
34,73475065,Burkina Faso,Botswana,1,2,3,1,2,ext
34,73475066,Zambia,Gabon,0,0,0,0,0,nul
34,73475067,Mozambique,Uganda,1,0,1,1,0,dom
34,73475068,Sudan,Senegal,2,1,3,2,1,dom
34,73475069,Algeria,Cameroon,1,2,3,1,2,ext
34,73475071,DR Congo,Zimbabwe,1,1,2,1,1,nul
35,73475072,Botswana,Benin,0,0,0,0,0,nul
35,73475073,Gabon,Algeria,3,0,3,3,0,dom
35,73475074,Egypt,DR Congo,0,0,0,0,0,nul
35,73475075,Nigeria,Angola,0,2,2,0,2,ext
35,73475076,Ivory Coast,Equatorial Guinea,1,2,3,1,2,ext
35,73475077,South Africa,Mozambique,2,1,3,2,1,dom
35,73475078,Cameroon,Uganda,2,1,3,2,1,dom
35,73475079,Senegal,Burkina Faso,0,0,0,0,0,nul
35,73475080,Comoros,Sudan,1,1,2,1,1,nul
35,73475083,Zimbabwe,Tanzania,1,0,1,1,0,dom
36,73475084,Sudan,Equatorial Guinea,0,1,1,0,1,ext
36,73475085,Tunisia,Botswana,2,2,4,2,2,nul
36,73475086,Burkina Faso,Comoros,0,0,0,0,0,nul
36,73475087,Angola,Ivory Coast,1,0,1,1,0,dom
36,73475090,Tanzania,Egypt,1,0,1,1,0,dom
36,73475091,Uganda,Gabon,2,1,3,2,1,dom
36,73475092,DR Congo,Nigeria,0,0,0,0,0,nul
36,73475093,Mozambique,Mali,2,2,4,2,2,nul
36,73475094,Zambia,Zimbabwe,1,1,2,1,1,nul
36,73475095,Algeria,Morocco,1,1,2,1,1,nul
37,73475096,Senegal,Tunisia,1,0,1,1,0,dom
37,73475097,Angola,DR Congo,1,1,2,1,1,nul
37,73475098,Gabon,South Africa,1,0,1,1,0,dom
37,73475099,Mali,Cameroon,1,0,1,1,0,dom
37,73475100,Morocco,Uganda,1,0,1,1,0,dom
37,73475101,Ivory Coast,Sudan,2,1,3,2,1,dom
37,73475102,Egypt,Zambia,1,0,1,1,0,dom
37,73475104,Zimbabwe,Algeria,3,1,4,3,1,dom
37,73475107,Comoros,Benin,0,1,1,0,1,ext
38,73475110,South Africa,Morocco,2,1,3,2,1,dom
38,73475111,Tunisia,Comoros,1,1,2,1,1,nul
38,73475112,DR Congo,Ivory Coast,1,2,3,1,2,ext
38,73475113,Tanzania,Angola,1,4,5,1,4,ext
38,73475114,Algeria,Egypt,0,1,1,0,1,ext
38,73475115,Gabon,Mali,2,1,3,2,1,dom
38,73475116,Mozambique,Senegal,1,0,1,1,0,dom
38,73475117,Uganda,Zimbabwe,1,1,2,1,1,nul
38,73475118,Benin,Equatorial Guinea,0,0,0,0,0,nul
39,73475120,Comoros,Mozambique,0,3,3,0,3,ext
39,73475121,Senegal,Cameroon,1,0,1,1,0,dom
39,73475122,Egypt,Uganda,1,1,2,1,1,nul
39,73475123,Angola,Zambia,0,1,1,0,1,ext
39,73475124,Zimbabwe,South Africa,2,1,3,2,1,dom
39,73475125,Morocco,Mali,0,0,0,0,0,nul
39,73475126,Nigeria,Algeria,0,0,0,0,0,nul
39,73475127,Sudan,Benin,0,3,3,0,3,ext
39,73475128,Equatorial Guinea,Tunisia,3,1,4,3,1,dom
39,73475129,DR Congo,Tanzania,3,0,3,3,0,dom
39,73475130,Botswana,Gabon,0,1,1,0,1,ext
39,73475131,Ivory Coast,Burkina Faso,4,0,4,4,0,dom
40,73475132,South Africa,Egypt,0,0,0,0,0,nul
40,73475133,Zambia,DR Congo,2,0,2,2,0,dom
40,73475135,Tanzania,Ivory Coast,2,1,3,2,1,dom
40,73475136,Benin,Burkina Faso,2,1,3,2,1,dom
40,73475137,Uganda,Nigeria,1,0,1,1,0,dom
40,73475138,Algeria,Angola,4,0,4,4,0,dom
40,73475139,Tunisia,Sudan,4,0,4,4,0,dom
40,73475140,Mali,Zimbabwe,1,1,2,1,1,nul
40,73475141,Gabon,Senegal,0,4,4,0,4,ext
40,73475142,Cameroon,Comoros,1,3,4,1,3,ext
40,73475143,Morocco,Botswana,1,3,4,1,3,ext
41,73475147,Sudan,Mozambique,0,1,1,0,1,ext
41,73475149,Senegal,Morocco,1,0,1,1,0,dom
41,73475150,Comoros,Gabon,0,0,0,0,0,nul
41,73475151,Equatorial Guinea,Cameroon,1,1,2,1,1,nul
41,73475152,Tanzania,Zambia,1,0,1,1,0,dom
41,73475153,Ivory Coast,Benin,0,0,0,0,0,nul
41,73475154,Angola,Uganda,0,0,0,0,0,nul
41,73475155,DR Congo,Algeria,0,3,3,0,3,ext
42,73475157,Zimbabwe,Senegal,2,1,3,2,1,dom
42,73475158,Botswana,Egypt,2,2,4,2,2,nul
42,73475159,Tunisia,Benin,3,1,4,3,1,dom
42,73475160,Mali,Nigeria,0,0,0,0,0,nul
42,73475161,Uganda,DR Congo,3,0,3,3,0,dom
42,73475162,Morocco,Comoros,3,0,3,3,0,dom
42,73475163,Mozambique,Burkina Faso,0,0,0,0,0,nul
42,73475164,Zambia,Ivory Coast,0,0,0,0,0,nul
42,73475166,South Africa,Angola,1,2,3,1,2,ext
42,73475167,Gabon,Equatorial Guinea,3,0,3,3,0,dom
43,73475168,Tanzania,Uganda,0,0,0,0,0,nul
43,73475169,DR Congo,South Africa,1,0,1,1,0,dom
43,73475170,Angola,Mali,1,1,2,1,1,nul
43,73475171,Comoros,Zimbabwe,1,2,3,1,2,ext
43,73475173,Benin,Mozambique,0,0,0,0,0,nul
43,73475174,Equatorial Guinea,Morocco,1,0,1,1,0,dom
43,73475176,Burkina Faso,Cameroon,0,0,0,0,0,nul
43,73475177,Nigeria,Botswana,0,0,0,0,0,nul
43,73475178,Sudan,Gabon,1,1,2,1,1,nul
43,73475179,Ivory Coast,Tunisia,0,0,0,0,0,nul
44,73475180,South Africa,Tanzania,0,0,0,0,0,nul
44,73475181,Morocco,Sudan,1,0,1,1,0,dom
44,73475182,Senegal,Nigeria,0,0,0,0,0,nul
44,73475183,Mozambique,Tunisia,3,1,4,3,1,dom
44,73475184,Botswana,Angola,1,1,2,1,1,nul
44,73475185,Mali,DR Congo,3,0,3,3,0,dom
44,73475186,Zimbabwe,Equatorial Guinea,1,2,3,1,2,ext
44,73475187,Uganda,Zambia,4,0,4,4,0,dom
44,73475188,Cameroon,Benin,0,0,0,0,0,nul
44,73475189,Egypt,Comoros,3,1,4,3,1,dom
44,73475190,Algeria,Ivory Coast,2,1,3,2,1,dom
44,73475191,Gabon,Burkina Faso,0,1,1,0,1,ext
45,73475192,Angola,Senegal,1,1,2,1,1,nul
45,73475193,Equatorial Guinea,Egypt,0,0,0,0,0,nul
45,73475194,Ivory Coast,Mozambique,0,0,0,0,0,nul
45,73475196,Sudan,Zimbabwe,1,1,2,1,1,nul
45,73475197,DR Congo,Botswana,1,0,1,1,0,dom
45,73475198,Algeria,Uganda,0,0,0,0,0,nul
45,73475199,Nigeria,Comoros,0,1,1,0,1,ext
45,73475200,Tanzania,Mali,4,0,4,4,0,dom
45,73475201,Benin,Gabon,0,0,0,0,0,nul
45,73475202,Burkina Faso,Morocco,2,0,2,2,0,dom
45,73475203,Tunisia,Cameroon,2,1,3,2,1,dom
46,73475204,Zimbabwe,Burkina Faso,0,2,2,0,2,ext
46,73475205,Nigeria,Equatorial Guinea,0,0,0,0,0,nul
46,73475206,Cameroon,Mozambique,3,0,3,3,0,dom
46,73475207,South Africa,Algeria,1,1,2,1,1,nul
46,73475208,Senegal,DR Congo,0,0,0,0,0,nul
46,73475211,Morocco,Benin,3,0,3,3,0,dom
46,73475212,Comoros,Angola,4,0,4,4,0,dom
46,73475213,Uganda,Ivory Coast,3,0,3,3,0,dom
46,73475214,Gabon,Tunisia,2,0,2,2,0,dom
46,73475215,Egypt,Sudan,1,3,4,1,3,ext
1,73480028,Cameroon,Sudan,2,0,2,2,0,dom
1,73480029,Tanzania,Equatorial Guinea,2,1,3,2,1,dom
1,73480030,Algeria,Zambia,0,0,0,0,0,nul
1,73480031,Morocco,Uganda,0,0,0,0,0,nul
1,73480032,Comoros,Mozambique,1,1,2,1,1,nul
1,73480033,Nigeria,DR Congo,0,3,3,0,3,ext
1,73480034,Burkina Faso,Angola,2,0,2,2,0,dom
1,73480035,Egypt,Gabon,2,0,2,2,0,dom
1,73480038,Senegal,South Africa,0,0,0,0,0,nul
1,73480039,Ivory Coast,Mali,1,0,1,1,0,dom
2,73480041,Sudan,Nigeria,0,0,0,0,0,nul
2,73480042,Angola,Ivory Coast,0,0,0,0,0,nul
2,73480043,Comoros,Burkina Faso,2,0,2,2,0,dom
2,73480045,Mali,Tanzania,3,0,3,3,0,dom
2,73480046,Gabon,Uganda,2,1,3,2,1,dom
2,73480047,Benin,Morocco,0,0,0,0,0,nul
2,73480048,South Africa,Cameroon,1,0,1,1,0,dom
2,73480050,Zambia,Egypt,4,0,4,4,0,dom
2,73480051,Tunisia,Senegal,4,0,4,4,0,dom
3,73480052,Cameroon,Tunisia,0,0,0,0,0,nul
3,73480053,Benin,DR Congo,0,2,2,0,2,ext
3,73480054,Morocco,Gabon,1,2,3,1,2,ext
3,73480055,Uganda,Zambia,1,2,3,1,2,ext
3,73480056,Egypt,Equatorial Guinea,0,0,0,0,0,nul
3,73480057,Ivory Coast,Comoros,3,0,3,3,0,dom
3,73480058,Senegal,Mozambique,2,0,2,2,0,dom
3,73480059,Zimbabwe,Burkina Faso,0,0,0,0,0,nul
3,73480060,Tanzania,Angola,0,1,1,0,1,ext
3,73480061,Botswana,Sudan,2,1,3,2,1,dom
3,73480063,Algeria,Mali,2,0,2,2,0,dom
4,73480066,Mali,Egypt,1,0,1,1,0,dom
4,73480067,Mozambique,Cameroon,2,2,4,2,2,nul
4,73480068,Sudan,Benin,0,0,0,0,0,nul
4,73480069,South Africa,Botswana,1,0,1,1,0,dom
4,73480070,Tunisia,Nigeria,4,0,4,4,0,dom
4,73480071,Equatorial Guinea,Uganda,0,1,1,0,1,ext
4,73480072,Zimbabwe,Ivory Coast,0,3,3,0,3,ext
4,73480073,Angola,Algeria,1,1,2,1,1,nul
4,73480075,Comoros,Tanzania,0,0,0,0,0,nul
5,73480076,Algeria,Comoros,3,1,4,3,1,dom
5,73480077,Tanzania,Zimbabwe,4,0,4,4,0,dom
5,73480078,Botswana,Tunisia,1,2,3,1,2,ext
5,73480079,Senegal,Ivory Coast,1,0,1,1,0,dom
5,73480080,Benin,South Africa,1,1,2,1,1,nul
5,73480081,Cameroon,Burkina Faso,0,0,0,0,0,nul
5,73480082,Nigeria,Mozambique,0,0,0,0,0,nul
5,73480083,DR Congo,Sudan,1,1,2,1,1,nul
5,73480084,Uganda,Mali,1,1,2,1,1,nul
5,73480085,Gabon,Equatorial Guinea,0,1,1,0,1,ext
5,73480086,Egypt,Angola,1,1,2,1,1,nul
5,73480087,Morocco,Zambia,5,0,5,5,0,dom
6,73480088,Equatorial Guinea,Zambia,0,0,0,0,0,nul
6,73480089,Sudan,Morocco,0,0,0,0,0,nul
6,73480091,Senegal,Tanzania,2,0,2,2,0,dom
6,73480092,Burkina Faso,Nigeria,0,0,0,0,0,nul
6,73480093,South Africa,DR Congo,0,1,1,0,1,ext
6,73480094,Ivory Coast,Cameroon,6,0,6,6,0,dom
6,73480095,Zimbabwe,Algeria,0,1,1,0,1,ext
6,73480096,Mali,Gabon,0,0,0,0,0,nul
6,73480097,Comoros,Egypt,0,1,1,0,1,ext
6,73480098,Mozambique,Botswana,0,0,0,0,0,nul
7,73480101,Sudan,South Africa,2,2,4,2,2,nul
7,73480103,Uganda,Comoros,1,0,1,1,0,dom
7,73480105,Cameroon,Tanzania,2,0,2,2,0,dom
7,73480106,DR Congo,Tunisia,1,0,1,1,0,dom
7,73480108,Benin,Mozambique,0,1,1,0,1,ext
7,73480109,Gabon,Angola,1,1,2,1,1,nul
7,73480110,Algeria,Senegal,1,0,1,1,0,dom
8,73480112,Senegal,Egypt,0,0,0,0,0,nul
8,73480113,Tanzania,Nigeria,0,3,3,0,3,ext
8,73480114,Cameroon,Algeria,1,0,1,1,0,dom
8,73480115,Zimbabwe,Uganda,0,2,2,0,2,ext
8,73480116,South Africa,Morocco,0,0,0,0,0,nul
8,73480117,Mozambique,DR Congo,0,0,0,0,0,nul
8,73480118,Tunisia,Sudan,2,4,6,2,4,ext
8,73480119,Mali,Equatorial Guinea,0,0,0,0,0,nul
8,73480120,Burkina Faso,Benin,1,1,2,1,1,nul
8,73480121,Angola,Zambia,0,0,0,0,0,nul
8,73480122,Comoros,Gabon,0,0,0,0,0,nul
8,73480123,Ivory Coast,Botswana,3,0,3,3,0,dom
9,73480124,South Africa,Tunisia,4,0,4,4,0,dom
9,73480125,Zambia,Comoros,0,1,1,0,1,ext
9,73480126,Sudan,Mozambique,1,0,1,1,0,dom
9,73480127,Benin,Ivory Coast,1,0,1,1,0,dom
9,73480128,DR Congo,Burkina Faso,1,0,1,1,0,dom
9,73480129,Uganda,Senegal,2,0,2,2,0,dom
9,73480130,Botswana,Tanzania,1,1,2,1,1,nul
9,73480131,Gabon,Zimbabwe,0,0,0,0,0,nul
9,73480133,Equatorial Guinea,Angola,2,0,2,2,0,dom
9,73480134,Egypt,Cameroon,2,0,2,2,0,dom
9,73480135,Morocco,Mali,1,1,2,1,1,nul
10,73480136,Comoros,Equatorial Guinea,1,1,2,1,1,nul
10,73480137,Senegal,Gabon,0,1,1,0,1,ext
10,73480138,Angola,Mali,1,1,2,1,1,nul
10,73480139,Algeria,Botswana,0,0,0,0,0,nul
10,73480140,Cameroon,Uganda,1,1,2,1,1,nul
10,73480141,Tanzania,Benin,0,0,0,0,0,nul
10,73480142,Ivory Coast,DR Congo,0,0,0,0,0,nul
10,73480143,Tunisia,Morocco,1,0,1,1,0,dom
10,73480144,Burkina Faso,Sudan,2,0,2,2,0,dom
10,73480145,Zimbabwe,Zambia,1,1,2,1,1,nul
10,73480146,Mozambique,South Africa,0,3,3,0,3,ext
11,73480148,DR Congo,Tanzania,1,1,2,1,1,nul
11,73480149,Tunisia,Mozambique,0,2,2,0,2,ext
11,73480150,Benin,Algeria,3,0,3,3,0,dom
11,73480151,Zambia,Senegal,1,1,2,1,1,nul
11,73480152,Equatorial Guinea,Zimbabwe,3,0,3,3,0,dom
11,73480153,South Africa,Burkina Faso,0,1,1,0,1,ext
11,73480154,Uganda,Nigeria,1,0,1,1,0,dom
11,73480156,Morocco,Angola,4,0,4,4,0,dom
11,73480158,Gabon,Cameroon,0,0,0,0,0,nul
11,73480159,Sudan,Ivory Coast,1,0,1,1,0,dom
12,73480160,Cameroon,Zambia,1,1,2,1,1,nul
12,73480161,Comoros,Angola,1,2,3,1,2,ext
12,73480162,Egypt,Benin,1,1,2,1,1,nul
12,73480163,Burkina Faso,Tunisia,1,3,4,1,3,ext
12,73480164,Zimbabwe,Mali,4,0,4,4,0,dom
12,73480165,Botswana,Uganda,0,1,1,0,1,ext
12,73480166,Mozambique,Morocco,4,0,4,4,0,dom
12,73480167,Ivory Coast,South Africa,0,1,1,0,1,ext
12,73480168,Nigeria,Gabon,0,2,2,0,2,ext
12,73480170,Tanzania,Sudan,0,0,0,0,0,nul
12,73480171,Senegal,Equatorial Guinea,1,0,1,1,0,dom
13,73480172,Equatorial Guinea,Cameroon,0,1,1,0,1,ext
13,73480173,Morocco,Comoros,0,0,0,0,0,nul
13,73480174,South Africa,Tanzania,0,0,0,0,0,nul
13,73480175,Angola,Zimbabwe,0,1,1,0,1,ext
13,73480176,Zambia,Nigeria,4,1,5,4,1,dom
13,73480177,DR Congo,Egypt,2,0,2,2,0,dom
13,73480178,Mali,Senegal,1,0,1,1,0,dom
13,73480180,Tunisia,Ivory Coast,1,1,2,1,1,nul
13,73480181,Gabon,Botswana,2,1,3,2,1,dom
13,73480182,Sudan,Algeria,0,0,0,0,0,nul
14,73480184,Burkina Faso,Morocco,1,1,2,1,1,nul
14,73480185,Senegal,Angola,1,0,1,1,0,dom
14,73480186,Zimbabwe,Comoros,1,1,2,1,1,nul
14,73480187,Tanzania,Tunisia,1,1,2,1,1,nul
14,73480188,Egypt,Sudan,1,1,2,1,1,nul
14,73480189,Botswana,Zambia,2,1,3,2,1,dom
14,73480190,Nigeria,Equatorial Guinea,0,1,1,0,1,ext
14,73480191,Algeria,South Africa,0,0,0,0,0,nul
14,73480192,Ivory Coast,Mozambique,3,1,4,3,1,dom
14,73480194,Benin,Gabon,0,0,0,0,0,nul
14,73480195,Uganda,DR Congo,0,0,0,0,0,nul
15,73480196,Mali,Nigeria,2,0,2,2,0,dom
15,73480197,South Africa,Egypt,2,1,3,2,1,dom
15,73480198,Equatorial Guinea,Botswana,2,0,2,2,0,dom
15,73480199,Angola,Cameroon,1,0,1,1,0,dom
15,73480200,Comoros,Senegal,0,0,0,0,0,nul
15,73480201,Morocco,Zimbabwe,3,0,3,3,0,dom
15,73480202,Burkina Faso,Ivory Coast,0,1,1,0,1,ext
15,73480203,Mozambique,Tanzania,0,1,1,0,1,ext
15,73480204,Zambia,Benin,2,0,2,2,0,dom
15,73480205,Sudan,Uganda,1,2,3,1,2,ext
15,73480206,DR Congo,Gabon,1,1,2,1,1,nul
15,73480207,Tunisia,Algeria,1,1,2,1,1,nul
16,73480208,Uganda,South Africa,4,0,4,4,0,dom
16,73480209,Ivory Coast,Morocco,1,0,1,1,0,dom
16,73480210,Algeria,Mozambique,1,0,1,1,0,dom
16,73480212,Gabon,Sudan,2,1,3,2,1,dom
16,73480213,Benin,Equatorial Guinea,1,1,2,1,1,nul
16,73480215,Tanzania,Burkina Faso,4,0,4,4,0,dom
16,73480216,DR Congo,Zambia,0,0,0,0,0,nul
16,73480218,Egypt,Tunisia,1,3,4,1,3,ext
16,73480219,Senegal,Zimbabwe,0,0,0,0,0,nul
19,73518169,Tunisia,Morocco,2,0,2,2,0,dom
19,73518170,Sudan,Senegal,1,1,2,1,1,nul
19,73518171,Angola,South Africa,5,0,5,5,0,dom
19,73518172,Mozambique,Botswana,1,5,6,1,5,ext
19,73518173,Algeria,Equatorial Guinea,0,0,0,0,0,nul
19,73518174,Zimbabwe,Mali,0,0,0,0,0,nul
19,73518175,DR Congo,Comoros,0,1,1,0,1,ext
19,73518178,Egypt,Tanzania,0,0,0,0,0,nul
19,73518179,Uganda,Nigeria,1,0,1,1,0,dom
19,73518180,Zambia,Ivory Coast,0,0,0,0,0,nul
20,73518181,Nigeria,Angola,2,0,2,2,0,dom
20,73518183,Equatorial Guinea,Sudan,0,3,3,0,3,ext
20,73518184,South Africa,Zimbabwe,0,3,3,0,3,ext
20,73518185,Comoros,Burkina Faso,3,1,4,3,1,dom
20,73518186,Tanzania,DR Congo,1,0,1,1,0,dom
20,73518189,Morocco,Uganda,0,0,0,0,0,nul
20,73518190,Cameroon,Senegal,1,0,1,1,0,dom
20,73518191,Mali,Mozambique,1,0,1,1,0,dom
20,73518192,Gabon,Zambia,2,0,2,2,0,dom
21,73518194,Sudan,Cameroon,1,0,1,1,0,dom
21,73518195,Senegal,Comoros,5,0,5,5,0,dom
21,73518196,Zambia,Tunisia,0,0,0,0,0,nul
21,73518197,Angola,Morocco,1,1,2,1,1,nul
21,73518198,Egypt,Gabon,1,1,2,1,1,nul
21,73518199,Mozambique,South Africa,1,0,1,1,0,dom
21,73518200,DR Congo,Ivory Coast,0,0,0,0,0,nul
21,73518201,Algeria,Mali,0,0,0,0,0,nul
21,73518202,Zimbabwe,Nigeria,0,0,0,0,0,nul
21,73518203,Burkina Faso,Tanzania,0,2,2,0,2,ext
21,73518204,Equatorial Guinea,Botswana,0,2,2,0,2,ext
22,73518205,Comoros,Cameroon,2,0,2,2,0,dom
22,73518206,Tanzania,Senegal,0,0,0,0,0,nul
22,73518207,Benin,Angola,0,0,0,0,0,nul
22,73518208,South Africa,Algeria,1,0,1,1,0,dom
22,73518209,Mali,Equatorial Guinea,0,0,0,0,0,nul
22,73518210,Tunisia,Egypt,0,2,2,0,2,ext
22,73518211,Ivory Coast,Burkina Faso,0,0,0,0,0,nul
22,73518212,Botswana,Sudan,0,0,0,0,0,nul
22,73518213,Nigeria,Mozambique,0,0,0,0,0,nul
22,73518214,Uganda,Zambia,1,1,2,1,1,nul
22,73518215,Morocco,Zimbabwe,0,0,0,0,0,nul
22,73518216,Gabon,DR Congo,3,1,4,3,1,dom
23,73518218,Sudan,Comoros,0,1,1,0,1,ext
23,73518219,Zimbabwe,Benin,2,0,2,2,0,dom
23,73518220,DR Congo,Tunisia,1,0,1,1,0,dom
23,73518221,Algeria,Nigeria,0,0,0,0,0,nul
23,73518222,Cameroon,Tanzania,0,0,0,0,0,nul
23,73518224,Mozambique,Morocco,1,0,1,1,0,dom
23,73518225,Egypt,Uganda,2,0,2,2,0,dom
23,73518226,Burkina Faso,Gabon,1,3,4,1,3,ext
23,73518227,Angola,Zambia,0,2,2,0,2,ext
23,73518228,Botswana,Mali,1,2,3,1,2,ext
24,73518229,Tanzania,Comoros,0,1,1,0,1,ext
24,73518230,Angola,Egypt,2,0,2,2,0,dom
24,73518231,Mali,Sudan,1,0,1,1,0,dom
24,73518232,Gabon,Senegal,0,0,0,0,0,nul
24,73518233,Ivory Coast,Cameroon,1,0,1,1,0,dom
24,73518234,Tunisia,Burkina Faso,4,0,4,4,0,dom
24,73518235,Zambia,Zimbabwe,0,0,0,0,0,nul
24,73518236,Nigeria,Equatorial Guinea,1,0,1,1,0,dom
24,73518237,South Africa,Botswana,0,0,0,0,0,nul
24,73518238,Benin,Mozambique,0,0,0,0,0,nul
24,73518239,Uganda,DR Congo,4,1,5,4,1,dom
24,73518240,Morocco,Algeria,0,1,1,0,1,ext
25,73518241,Burkina Faso,Uganda,1,3,4,1,3,ext
25,73518243,Comoros,Ivory Coast,1,1,2,1,1,nul
25,73518245,Zimbabwe,Egypt,3,1,4,3,1,dom
25,73518246,Mali,South Africa,1,0,1,1,0,dom
25,73518247,DR Congo,Angola,1,1,2,1,1,nul
25,73518248,Mozambique,Zambia,0,0,0,0,0,nul
25,73518249,Senegal,Tunisia,1,2,3,1,2,ext
25,73518250,Equatorial Guinea,Morocco,1,0,1,1,0,dom
25,73518251,Sudan,Tanzania,1,0,1,1,0,dom
25,73518252,Botswana,Nigeria,2,1,3,2,1,dom
26,73518253,South Africa,Sudan,1,0,1,1,0,dom
26,73518254,Zimbabwe,DR Congo,1,0,1,1,0,dom
26,73518255,Tunisia,Cameroon,4,0,4,4,0,dom
26,73518257,Nigeria,Mali,1,0,1,1,0,dom
26,73518258,Gabon,Comoros,1,2,3,1,2,ext
26,73518259,Egypt,Mozambique,1,1,2,1,1,nul
26,73518260,Morocco,Botswana,0,0,0,0,0,nul
26,73518261,Zambia,Algeria,0,1,1,0,1,ext
26,73518262,Benin,Equatorial Guinea,1,0,1,1,0,dom
26,73518263,Ivory Coast,Tanzania,1,0,1,1,0,dom
26,73518264,Uganda,Senegal,5,0,5,5,0,dom
27,73518265,Mozambique,DR Congo,0,0,0,0,0,nul
27,73518267,Equatorial Guinea,Zambia,0,1,1,0,1,ext
27,73518268,Mali,Morocco,2,0,2,2,0,dom
27,73518269,South Africa,Nigeria,0,0,0,0,0,nul
27,73518270,Comoros,Tunisia,0,1,1,0,1,ext
27,73518271,Tanzania,Gabon,0,2,2,0,2,ext
27,73518272,Cameroon,Uganda,1,1,2,1,1,nul
27,73518274,Senegal,Angola,0,0,0,0,0,nul
27,73518275,Sudan,Ivory Coast,2,0,2,2,0,dom
27,73518276,Algeria,Egypt,0,1,1,0,1,ext
28,73518277,Gabon,Ivory Coast,0,1,1,0,1,ext
28,73518278,Benin,Mali,0,0,0,0,0,nul
28,73518279,Zambia,Botswana,1,1,2,1,1,nul
28,73518280,DR Congo,Algeria,2,0,2,2,0,dom
28,73518281,Tunisia,Tanzania,0,3,3,0,3,ext
28,73518282,Nigeria,Sudan,4,0,4,4,0,dom
28,73518283,Morocco,South Africa,0,0,0,0,0,nul
28,73518284,Uganda,Comoros,3,0,3,3,0,dom
28,73518285,Zimbabwe,Senegal,1,1,2,1,1,nul
28,73518286,Mozambique,Burkina Faso,3,0,3,3,0,dom
28,73518287,Egypt,Equatorial Guinea,3,0,3,3,0,dom
29,73518289,Algeria,Burkina Faso,1,1,2,1,1,nul
29,73518290,Nigeria,Morocco,1,0,1,1,0,dom
29,73518291,South Africa,Benin,2,0,2,2,0,dom
29,73518292,Senegal,Mozambique,0,3,3,0,3,ext
29,73518293,Equatorial Guinea,DR Congo,0,0,0,0,0,nul
29,73518294,Tanzania,Uganda,0,0,0,0,0,nul
29,73518296,Sudan,Gabon,0,0,0,0,0,nul
29,73518298,Ivory Coast,Tunisia,1,1,2,1,1,nul
29,73518300,Comoros,Angola,0,1,1,0,1,ext
30,73518301,Burkina Faso,Equatorial Guinea,0,0,0,0,0,nul
30,73518302,Morocco,Sudan,0,0,0,0,0,nul
30,73518303,Mozambique,Cameroon,4,0,4,4,0,dom
30,73518304,Zambia,South Africa,1,1,2,1,1,nul
30,73518305,Zimbabwe,Comoros,0,1,1,0,1,ext
30,73518306,Algeria,Senegal,0,0,0,0,0,nul
30,73518307,Benin,Nigeria,1,1,2,1,1,nul
30,73518308,Tunisia,Gabon,1,1,2,1,1,nul
30,73518309,Uganda,Ivory Coast,0,2,2,0,2,ext
30,73518310,DR Congo,Botswana,0,0,0,0,0,nul
30,73518312,Egypt,Mali,0,0,0,0,0,nul
31,73518313,Botswana,Burkina Faso,1,2,3,1,2,ext
31,73518314,Ivory Coast,Angola,2,1,3,2,1,dom
31,73518315,Tanzania,Zimbabwe,1,0,1,1,0,dom
31,73518316,South Africa,Egypt,0,1,1,0,1,ext
31,73518317,Comoros,Mozambique,2,0,2,2,0,dom
31,73518318,Cameroon,Algeria,1,3,4,1,3,ext
31,73518319,Morocco,Benin,0,0,0,0,0,nul
31,73518320,Gabon,Uganda,6,0,6,6,0,dom
31,73518321,Equatorial Guinea,Senegal,0,0,0,0,0,nul
31,73518322,Sudan,Tunisia,3,1,4,3,1,dom
31,73518323,Mali,DR Congo,0,0,0,0,0,nul
32,73518325,Angola,Gabon,0,1,1,0,1,ext
32,73518326,Senegal,Botswana,0,0,0,0,0,nul
32,73518328,Uganda,Tunisia,1,0,1,1,0,dom
32,73518329,Zimbabwe,Ivory Coast,0,0,0,0,0,nul
32,73518330,Burkina Faso,Mali,0,1,1,0,1,ext
32,73518331,Benin,Sudan,4,0,4,4,0,dom
32,73518333,Equatorial Guinea,Cameroon,0,0,0,0,0,nul
32,73518335,Egypt,Nigeria,0,3,3,0,3,ext
32,73518336,DR Congo,South Africa,0,1,1,0,1,ext
33,73518337,Tunisia,Angola,0,0,0,0,0,nul
33,73518340,Tanzania,Algeria,1,0,1,1,0,dom
33,73518341,Mali,Senegal,1,0,1,1,0,dom
33,73518342,Sudan,Uganda,4,0,4,4,0,dom
33,73518346,Ivory Coast,Mozambique,0,0,0,0,0,nul
33,73518347,Nigeria,DR Congo,0,0,0,0,0,nul
33,73518348,Comoros,Equatorial Guinea,0,0,0,0,0,nul
34,73518349,Senegal,South Africa,1,2,3,1,2,ext
34,73518351,Botswana,Comoros,0,0,0,0,0,nul
34,73518352,DR Congo,Morocco,0,2,2,0,2,ext
34,73518353,Equatorial Guinea,Tanzania,0,0,0,0,0,nul
34,73518354,Angola,Uganda,1,2,3,1,2,ext
34,73518355,Zambia,Sudan,0,0,0,0,0,nul
34,73518356,Egypt,Benin,1,0,1,1,0,dom
34,73518358,Cameroon,Mali,1,2,3,1,2,ext
34,73518359,Mozambique,Gabon,1,0,1,1,0,dom
34,73518360,Burkina Faso,Nigeria,1,1,2,1,1,nul
35,73518362,Uganda,Zimbabwe,1,0,1,1,0,dom
35,73518363,Benin,DR Congo,0,0,0,0,0,nul
35,73518364,Mali,Comoros,2,1,3,2,1,dom
35,73518366,Nigeria,Senegal,0,0,0,0,0,nul
35,73518367,Tunisia,Mozambique,0,0,0,0,0,nul
35,73518368,Sudan,Angola,1,0,1,1,0,dom
35,73518370,South Africa,Cameroon,4,0,4,4,0,dom
35,73518372,Morocco,Burkina Faso,1,0,1,1,0,dom
36,73518373,Botswana,Ivory Coast,0,3,3,0,3,ext
36,73518374,Zimbabwe,Angola,0,0,0,0,0,nul
36,73518375,Senegal,Morocco,1,1,2,1,1,nul
36,73518377,DR Congo,Zambia,1,0,1,1,0,dom
36,73518378,Equatorial Guinea,Gabon,0,0,0,0,0,nul
36,73518379,Algeria,Tunisia,2,0,2,2,0,dom
36,73518380,Mali,Tanzania,1,1,2,1,1,nul
36,73518381,Cameroon,Nigeria,2,0,2,2,0,dom
36,73518382,Mozambique,Uganda,1,1,2,1,1,nul
36,73518383,Comoros,South Africa,0,1,1,0,1,ext
36,73518384,Burkina Faso,Benin,3,1,4,3,1,dom
37,73518385,Zambia,Burkina Faso,4,1,5,4,1,dom
37,73518386,Gabon,Botswana,2,2,4,2,2,nul
37,73518387,Ivory Coast,Mali,0,0,0,0,0,nul
37,73518388,South Africa,Tanzania,2,1,3,2,1,dom
37,73518389,Angola,Mozambique,0,5,5,0,5,ext
37,73518390,Nigeria,Comoros,3,0,3,3,0,dom
37,73518391,Morocco,Cameroon,0,0,0,0,0,nul
37,73518392,Tunisia,Equatorial Guinea,1,0,1,1,0,dom
37,73518393,Sudan,Zimbabwe,1,2,3,1,2,ext
37,73518394,Benin,Senegal,1,0,1,1,0,dom
37,73518385,Zambia,Burkina Faso,4,1,5,4,1,dom
37,73518386,Gabon,Botswana,2,2,4,2,2,nul
37,73518387,Ivory Coast,Mali,0,0,0,0,0,nul
37,73518388,South Africa,Tanzania,2,1,3,2,1,dom
37,73518389,Angola,Mozambique,0,5,5,0,5,ext
37,73518390,Nigeria,Comoros,3,0,3,3,0,dom
37,73518391,Morocco,Cameroon,0,0,0,0,0,nul
37,73518392,Tunisia,Equatorial Guinea,1,0,1,1,0,dom
37,73518393,Sudan,Zimbabwe,1,2,3,1,2,ext
37,73518394,Benin,Senegal,1,0,1,1,0,dom
37,73518395,Egypt,DR Congo,4,1,5,4,1,dom
37,73518396,Uganda,Algeria,2,2,4,2,2,nul
38,73518397,Tanzania,Nigeria,0,0,0,0,0,nul
38,73518398,South Africa,Ivory Coast,0,0,0,0,0,nul
38,73518400,Cameroon,Benin,4,0,4,4,0,dom
38,73518401,DR Congo,Sudan,1,0,1,1,0,dom
38,73518402,Mozambique,Zimbabwe,0,1,1,0,1,ext
38,73518403,Botswana,Tunisia,0,0,0,0,0,nul
38,73518404,Burkina Faso,Egypt,0,4,4,0,4,ext
38,73518405,Senegal,Zambia,2,2,4,2,2,nul
38,73518406,Mali,Gabon,1,0,1,1,0,dom
38,73518408,Comoros,Morocco,2,3,5,2,3,ext
39,73518409,Zambia,Cameroon,0,3,3,0,3,ext
39,73518410,DR Congo,Burkina Faso,1,0,1,1,0,dom
39,73518411,Zimbabwe,Algeria,1,1,2,1,1,nul
39,73518412,Uganda,Botswana,0,1,1,0,1,ext
39,73518413,Sudan,Mozambique,2,1,3,2,1,dom
39,73518414,Morocco,Tanzania,0,0,0,0,0,nul
39,73518415,Gabon,South Africa,0,0,0,0,0,nul
39,73518416,Angola,Equatorial Guinea,0,3,3,0,3,ext
39,73518417,Tunisia,Mali,3,1,4,3,1,dom
39,73518418,Benin,Comoros,3,0,3,3,0,dom
39,73518420,Egypt,Senegal,4,0,4,4,0,dom
40,73518421,Senegal,DR Congo,0,0,0,0,0,nul
40,73518422,Comoros,Zambia,2,0,2,2,0,dom
40,73518423,Tanzania,Benin,0,5,5,0,5,ext
40,73518424,Nigeria,Gabon,2,1,3,2,1,dom
40,73518425,South Africa,Tunisia,2,1,3,2,1,dom
40,73518426,Botswana,Angola,1,0,1,1,0,dom
40,73518427,Ivory Coast,Morocco,4,0,4,4,0,dom
40,73518428,Cameroon,Egypt,4,0,4,4,0,dom
40,73518430,Equatorial Guinea,Zimbabwe,0,4,4,0,4,ext
40,73518431,Mali,Uganda,1,3,4,1,3,ext
40,73518432,Algeria,Mozambique,1,3,4,1,3,ext
41,73518434,Burkina Faso,Senegal,3,0,3,3,0,dom
41,73518435,Sudan,Algeria,0,0,0,0,0,nul
41,73518436,Egypt,Comoros,0,1,1,0,1,ext
41,73518437,Benin,Ivory Coast,0,1,1,0,1,ext
41,73518438,Mozambique,Equatorial Guinea,1,0,1,1,0,dom
41,73518439,Angola,Mali,0,0,0,0,0,nul
41,73518440,Morocco,Gabon,1,1,2,1,1,nul
41,73518441,Tunisia,Nigeria,1,0,1,1,0,dom
41,73518442,DR Congo,Cameroon,0,0,0,0,0,nul
42,73518445,Morocco,Tunisia,2,0,2,2,0,dom
42,73518446,Senegal,Sudan,2,1,3,2,1,dom
42,73518448,Botswana,Mozambique,3,1,4,3,1,dom
42,73518449,Equatorial Guinea,Algeria,0,0,0,0,0,nul
42,73518450,Mali,Zimbabwe,3,0,3,3,0,dom
42,73518451,Comoros,DR Congo,3,0,3,3,0,dom
42,73518452,Gabon,Benin,0,0,0,0,0,nul
42,73518453,Cameroon,Burkina Faso,0,0,0,0,0,nul
42,73518454,Tanzania,Egypt,0,0,0,0,0,nul
42,73518455,Nigeria,Uganda,1,2,3,1,2,ext
42,73518456,Ivory Coast,Zambia,3,0,3,3,0,dom
43,73518457,Angola,Nigeria,0,0,0,0,0,nul
43,73518458,Benin,Tunisia,1,0,1,1,0,dom
43,73518459,Sudan,Equatorial Guinea,1,1,2,1,1,nul
43,73518460,Zimbabwe,South Africa,1,2,3,1,2,ext
43,73518461,Burkina Faso,Comoros,3,1,4,3,1,dom
43,73518462,DR Congo,Tanzania,0,0,0,0,0,nul
43,73518465,Uganda,Morocco,0,0,0,0,0,nul
43,73518466,Senegal,Cameroon,0,0,0,0,0,nul
43,73518467,Mozambique,Mali,1,1,2,1,1,nul
43,73518468,Zambia,Gabon,0,0,0,0,0,nul
44,73518469,Benin,Uganda,0,0,0,0,0,nul
44,73518470,Cameroon,Sudan,1,0,1,1,0,dom
44,73518471,Comoros,Senegal,0,0,0,0,0,nul
44,73518472,Tunisia,Zambia,3,1,4,3,1,dom
44,73518473,Morocco,Angola,1,1,2,1,1,nul
44,73518474,Gabon,Egypt,3,0,3,3,0,dom
44,73518475,South Africa,Mozambique,1,2,3,1,2,ext
44,73518476,Ivory Coast,DR Congo,4,0,4,4,0,dom
44,73518477,Mali,Algeria,0,0,0,0,0,nul
44,73518478,Nigeria,Zimbabwe,3,1,4,3,1,dom
44,73518479,Tanzania,Burkina Faso,2,1,3,2,1,dom
44,73518480,Botswana,Equatorial Guinea,0,1,1,0,1,ext
45,73518481,Cameroon,Comoros,0,0,0,0,0,nul
45,73518482,Senegal,Tanzania,0,0,0,0,0,nul
45,73518483,Angola,Benin,1,1,2,1,1,nul
45,73518484,Algeria,South Africa,0,0,0,0,0,nul
45,73518485,Equatorial Guinea,Mali,4,1,5,4,1,dom
45,73518486,Egypt,Tunisia,1,2,3,1,2,ext
45,73518487,Burkina Faso,Ivory Coast,0,1,1,0,1,ext
45,73518488,Sudan,Botswana,2,0,2,2,0,dom
45,73518489,Mozambique,Nigeria,0,1,1,0,1,ext
45,73518490,Zambia,Uganda,0,0,0,0,0,nul
45,73518491,Zimbabwe,Morocco,0,2,2,0,2,ext
45,73518492,DR Congo,Gabon,0,0,0,0,0,nul
46,73518494,Comoros,Sudan,1,0,1,1,0,dom
46,73518495,Benin,Zimbabwe,0,0,0,0,0,nul
46,73518496,Tunisia,DR Congo,0,0,0,0,0,nul
46,73518497,Nigeria,Algeria,1,2,3,1,2,ext
46,73518498,Tanzania,Cameroon,1,0,1,1,0,dom
46,73518499,Ivory Coast,Senegal,0,1,1,0,1,ext
46,73518500,Morocco,Mozambique,3,0,3,3,0,dom
46,73518501,Uganda,Egypt,0,1,1,0,1,ext
46,73518502,Gabon,Burkina Faso,0,1,1,0,1,ext
46,73518503,Zambia,Angola,4,0,4,4,0,dom
46,73518504,Mali,Botswana,0,0,0,0,0,nul
1,73527450,Zimbabwe,Mali,2,1,3,2,1,dom
1,73527451,Benin,Uganda,0,0,0,0,0,nul
1,73527452,Morocco,Cameroon,0,0,0,0,0,nul
1,73527453,Comoros,Zambia,1,1,2,1,1,nul
1,73527454,Senegal,Tanzania,0,3,3,0,3,ext
1,73527455,Algeria,Ivory Coast,2,0,2,2,0,dom
1,73527456,Angola,Botswana,2,0,2,2,0,dom
1,73527457,Mozambique,South Africa,0,3,3,0,3,ext
1,73527459,Equatorial Guinea,Tunisia,0,0,0,0,0,nul
1,73527460,DR Congo,Burkina Faso,1,0,1,1,0,dom
2,73527461,South Africa,Uganda,4,0,4,4,0,dom
2,73527462,Tanzania,Angola,0,0,0,0,0,nul
2,73527463,Cameroon,Egypt,0,1,1,0,1,ext
2,73527464,Botswana,Morocco,0,3,3,0,3,ext
2,73527465,Gabon,Algeria,2,2,4,2,2,nul
2,73527466,Nigeria,Zimbabwe,1,0,1,1,0,dom
2,73527467,Zambia,Sudan,1,0,1,1,0,dom
2,73527468,Senegal,Equatorial Guinea,4,0,4,4,0,dom
2,73527469,Tunisia,Comoros,2,0,2,2,0,dom
2,73527470,Burkina Faso,Benin,2,0,2,2,0,dom
2,73527471,Mali,Mozambique,1,0,1,1,0,dom
2,73527472,Ivory Coast,DR Congo,1,1,2,1,1,nul
3,73527473,Comoros,Senegal,0,2,2,0,2,ext
3,73527474,DR Congo,Gabon,1,0,1,1,0,dom
3,73527475,Morocco,Tanzania,2,1,3,2,1,dom
3,73527476,Burkina Faso,Ivory Coast,1,0,1,1,0,dom
3,73527477,Zimbabwe,Zambia,0,0,0,0,0,nul
3,73527478,Angola,Equatorial Guinea,1,1,2,1,1,nul
3,73527479,Mozambique,Nigeria,0,2,2,0,2,ext
3,73527480,Algeria,Cameroon,1,0,1,1,0,dom
3,73527481,Sudan,Tunisia,0,1,1,0,1,ext
3,73527482,Benin,South Africa,0,2,2,0,2,ext
3,73527483,Uganda,Mali,0,0,0,0,0,nul
3,73527484,Egypt,Botswana,0,0,0,0,0,nul
4,73527485,Cameroon,DR Congo,1,1,2,1,1,nul
4,73527486,Senegal,Sudan,1,0,1,1,0,dom
4,73527487,Tanzania,Egypt,0,2,2,0,2,ext
4,73527488,Ivory Coast,Benin,3,1,4,3,1,dom
4,73527489,Mali,South Africa,2,0,2,2,0,dom
4,73527490,Tunisia,Zimbabwe,1,0,1,1,0,dom
4,73527491,Botswana,Algeria,2,2,4,2,2,nul
4,73527492,Gabon,Burkina Faso,3,0,3,3,0,dom
4,73527494,Angola,Comoros,1,0,1,1,0,dom
4,73527495,Zambia,Mozambique,0,0,0,0,0,nul
5,73527497,DR Congo,Botswana,0,0,0,0,0,nul
5,73527498,Morocco,Comoros,2,0,2,2,0,dom
5,73527500,Benin,Mali,0,0,0,0,0,nul
5,73527501,Burkina Faso,Cameroon,1,0,1,1,0,dom
5,73527502,Zimbabwe,Senegal,0,0,0,0,0,nul
5,73527505,Mozambique,Tunisia,0,0,0,0,0,nul
5,73527506,Ivory Coast,Gabon,0,0,0,0,0,nul
5,73527507,Sudan,Angola,1,1,2,1,1,nul
5,73527508,Algeria,Tanzania,1,0,1,1,0,dom
6,73527510,Morocco,Sudan,4,0,4,4,0,dom
6,73527511,Tunisia,Uganda,0,0,0,0,0,nul
6,73527512,Botswana,Burkina Faso,2,2,4,2,2,nul
6,73527513,Tanzania,DR Congo,0,1,1,0,1,ext
6,73527515,Gabon,Benin,0,0,0,0,0,nul
6,73527516,Equatorial Guinea,Algeria,0,0,0,0,0,nul
6,73527518,Nigeria,Mali,0,0,0,0,0,nul
6,73527519,Angola,Zimbabwe,2,0,2,2,0,dom
6,73527520,Senegal,Mozambique,2,1,3,2,1,dom
7,73527521,DR Congo,Equatorial Guinea,1,0,1,1,0,dom
7,73527522,Benin,Nigeria,5,1,6,5,1,dom
7,73527523,Ivory Coast,Botswana,0,2,2,0,2,ext
7,73527524,Burkina Faso,Tanzania,1,0,1,1,0,dom
7,73527525,Uganda,Senegal,5,1,6,5,1,dom
7,73527527,Algeria,Comoros,4,0,4,4,0,dom
7,73527528,Zimbabwe,Morocco,2,1,3,2,1,dom
7,73527529,Mozambique,Angola,1,0,1,1,0,dom
7,73527530,Gabon,Cameroon,0,0,0,0,0,nul
7,73527531,Mali,Zambia,2,0,2,2,0,dom
7,73527532,South Africa,Tunisia,1,1,2,1,1,nul
8,73527533,Angola,Uganda,0,0,0,0,0,nul
8,73527534,Tanzania,Ivory Coast,0,3,3,0,3,ext
8,73527535,Equatorial Guinea,Burkina Faso,1,0,1,1,0,dom
8,73527536,Senegal,South Africa,0,2,2,0,2,ext
8,73527537,Tunisia,Mali,0,0,0,0,0,nul
8,73527539,Egypt,Zimbabwe,2,4,6,2,4,ext
8,73527541,Botswana,Gabon,1,1,2,1,1,nul
8,73527543,Morocco,Mozambique,0,0,0,0,0,nul
8,73527544,Cameroon,Benin,3,0,3,3,0,dom
9,73527545,Nigeria,Tunisia,4,0,4,4,0,dom
9,73527549,Ivory Coast,Equatorial Guinea,1,0,1,1,0,dom
9,73527550,South Africa,Angola,2,0,2,2,0,dom
9,73527551,Mozambique,Egypt,1,1,2,1,1,nul
9,73527552,DR Congo,Sudan,0,0,0,0,0,nul
9,73527553,Cameroon,Botswana,2,0,2,2,0,dom
9,73527554,Uganda,Morocco,2,0,2,2,0,dom
9,73527555,Mali,Senegal,2,0,2,2,0,dom
9,73527556,Gabon,Tanzania,1,1,2,1,1,nul
10,73527557,Egypt,Uganda,2,1,3,2,1,dom
10,73527558,Senegal,Nigeria,0,1,1,0,1,ext
10,73527559,Sudan,Burkina Faso,0,3,3,0,3,ext
10,73527560,Tunisia,Zambia,1,0,1,1,0,dom
10,73527561,Equatorial Guinea,Gabon,0,3,3,0,3,ext
10,73527562,Comoros,Ivory Coast,0,1,1,0,1,ext
10,73527563,Algeria,Mozambique,1,0,1,1,0,dom
10,73527565,Tanzania,Cameroon,0,3,3,0,3,ext
10,73527566,Zimbabwe,DR Congo,1,1,2,1,1,nul
10,73527567,Botswana,Benin,2,0,2,2,0,dom
10,73527568,Morocco,South Africa,0,0,0,0,0,nul
11,73527569,DR Congo,Mozambique,0,0,0,0,0,nul
11,73527571,Gabon,Comoros,1,2,3,1,2,ext
11,73527572,Ivory Coast,Sudan,3,0,3,3,0,dom
11,73527573,Cameroon,Equatorial Guinea,3,0,3,3,0,dom
11,73527574,Nigeria,Angola,0,1,1,0,1,ext
11,73527575,Benin,Tunisia,0,0,0,0,0,nul
11,73527576,Mali,Morocco,1,0,1,1,0,dom
11,73527578,Burkina Faso,Zimbabwe,1,1,2,1,1,nul
11,73527579,South Africa,Egypt,1,3,4,1,3,ext
11,73527580,Botswana,Tanzania,0,1,1,0,1,ext
12,73527581,Morocco,Nigeria,1,1,2,1,1,nul
12,73527582,Angola,Zambia,1,2,3,1,2,ext
12,73527583,Comoros,Cameroon,1,1,2,1,1,nul
12,73527584,Sudan,Gabon,1,3,4,1,3,ext
12,73527585,Algeria,South Africa,4,0,4,4,0,dom
12,73527586,DR Congo,Uganda,0,1,1,0,1,ext
12,73527587,Mozambique,Burkina Faso,4,0,4,4,0,dom
12,73527589,Equatorial Guinea,Botswana,0,2,2,0,2,ext
12,73527590,Tanzania,Benin,0,1,1,0,1,ext
12,73527591,Zimbabwe,Ivory Coast,0,0,0,0,0,nul
12,73527592,Senegal,Tunisia,1,0,1,1,0,dom
13,73527594,Tunisia,Angola,0,0,0,0,0,nul
13,73527595,Botswana,Comoros,0,1,1,0,1,ext
13,73527596,Ivory Coast,Mozambique,1,1,2,1,1,nul
13,73527597,Zambia,Morocco,1,1,2,1,1,nul
13,73527599,Nigeria,Egypt,0,1,1,0,1,ext
13,73527601,Benin,Senegal,0,0,0,0,0,nul
13,73527602,South Africa,DR Congo,0,1,1,0,1,ext
13,73527603,Gabon,Zimbabwe,0,0,0,0,0,nul
13,73527604,Burkina Faso,Uganda,0,1,1,0,1,ext
14,73527605,Morocco,Tunisia,1,1,2,1,1,nul
14,73527606,Angola,Senegal,1,0,1,1,0,dom
14,73527607,Equatorial Guinea,Benin,1,1,2,1,1,nul
14,73527609,Sudan,Botswana,1,1,2,1,1,nul
14,73527610,Algeria,Nigeria,2,1,3,2,1,dom
14,73527611,Egypt,Zambia,0,1,1,0,1,ext
14,73527612,DR Congo,Mali,0,0,0,0,0,nul
14,73527613,Uganda,Ivory Coast,3,1,4,3,1,dom
14,73527614,Burkina Faso,South Africa,0,0,0,0,0,nul
14,73527616,Mozambique,Gabon,0,0,0,0,0,nul
15,73527617,Tunisia,Egypt,1,0,1,1,0,dom
15,73527618,Benin,Angola,1,0,1,1,0,dom
15,73527619,Equatorial Guinea,Comoros,0,1,1,0,1,ext
15,73527620,Nigeria,DR Congo,2,0,2,2,0,dom
15,73527622,Zambia,Algeria,0,0,0,0,0,nul
15,73527623,Senegal,Morocco,0,1,1,0,1,ext
15,73527624,Gabon,Uganda,2,0,2,2,0,dom
15,73527625,Botswana,Zimbabwe,3,0,3,3,0,dom
15,73527626,Ivory Coast,South Africa,1,1,2,1,1,nul
15,73527627,Tanzania,Sudan,2,1,3,2,1,dom
16,73527629,Comoros,Benin,4,0,4,4,0,dom
16,73527630,Zimbabwe,Tanzania,1,0,1,1,0,dom
16,73527631,Morocco,Angola,1,0,1,1,0,dom
16,73527633,Algeria,Tunisia,2,1,3,2,1,dom
16,73527634,Uganda,Cameroon,1,1,2,1,1,nul
16,73527635,Ivory Coast,Mali,1,0,1,1,0,dom
16,73527636,Egypt,Senegal,4,0,4,4,0,dom
16,73527637,South Africa,Gabon,0,0,0,0,0,nul
16,73527638,Mozambique,Botswana,1,1,2,1,1,nul
16,73527639,Burkina Faso,Nigeria,1,3,4,1,3,ext
16,73527640,Sudan,Equatorial Guinea,0,0,0,0,0,nul
17,73527641,Botswana,Uganda,0,0,0,0,0,nul
17,73527642,Angola,Egypt,0,2,2,0,2,ext
17,73527644,Nigeria,Ivory Coast,5,0,5,5,0,dom
17,73527645,Cameroon,South Africa,0,0,0,0,0,nul
17,73527646,Senegal,Algeria,1,0,1,1,0,dom
17,73527647,Benin,Morocco,1,0,1,1,0,dom
17,73527648,Tanzania,Mozambique,0,2,2,0,2,ext
17,73527649,Equatorial Guinea,Zimbabwe,1,0,1,1,0,dom
17,73527650,Comoros,Sudan,0,0,0,0,0,nul
17,73527651,Zambia,Burkina Faso,5,0,5,5,0,dom
17,73527652,Gabon,Mali,1,1,2,1,1,nul
18,73527653,Burkina Faso,Tunisia,0,1,1,0,1,ext
18,73527654,Algeria,Angola,0,0,0,0,0,nul
18,73527655,South Africa,Botswana,0,0,0,0,0,nul
18,73527657,Gabon,Nigeria,1,2,3,1,2,ext
18,73527658,Mali,Cameroon,0,0,0,0,0,nul
18,73527660,Zimbabwe,Comoros,1,0,1,1,0,dom
18,73527661,Mozambique,Equatorial Guinea,0,3,3,0,3,ext
18,73527662,DR Congo,Senegal,0,0,0,0,0,nul
18,73527664,Ivory Coast,Zambia,0,0,0,0,0,nul
19,73527665,Morocco,Algeria,2,0,2,2,0,dom
19,73527666,Equatorial Guinea,Uganda,1,1,2,1,1,nul
19,73527667,Tunisia,Ivory Coast,5,0,5,5,0,dom
19,73527668,Comoros,Mozambique,1,5,6,1,5,ext
19,73527669,Angola,DR Congo,0,0,0,0,0,nul
19,73527670,Sudan,Zimbabwe,0,0,0,0,0,nul
19,73527673,Cameroon,Nigeria,0,0,0,0,0,nul
19,73527674,Senegal,Burkina Faso,0,0,0,0,0,nul
19,73527675,Zambia,Gabon,1,0,1,1,0,dom
19,73527676,Botswana,Mali,0,0,0,0,0,nul
20,73527677,Burkina Faso,Angola,1,1,2,1,1,nul
20,73527678,Cameroon,Zambia,2,1,3,2,1,dom
20,73527679,Nigeria,Botswana,1,0,1,1,0,dom
20,73527682,Mozambique,Sudan,1,1,2,1,1,nul
20,73527683,Zimbabwe,Benin,2,0,2,2,0,dom
20,73527686,Ivory Coast,Senegal,1,0,1,1,0,dom
20,73527687,DR Congo,Morocco,0,1,1,0,1,ext
20,73527688,Algeria,Egypt,1,0,1,1,0,dom
21,73527689,Botswana,Zambia,0,0,0,0,0,nul
21,73527690,Benin,Algeria,1,0,1,1,0,dom
21,73527691,Morocco,Burkina Faso,5,0,5,5,0,dom
21,73527692,Tanzania,Nigeria,0,0,0,0,0,nul
21,73527693,Sudan,Uganda,1,1,2,1,1,nul
21,73527694,Angola,Ivory Coast,1,1,2,1,1,nul
21,73527695,Equatorial Guinea,Mali,1,0,1,1,0,dom
21,73527696,Comoros,South Africa,0,0,0,0,0,nul
21,73527697,Senegal,Gabon,0,0,0,0,0,nul
21,73527698,Zimbabwe,Mozambique,0,0,0,0,0,nul
21,73527700,Tunisia,Cameroon,0,2,2,0,2,ext
22,73527701,Cameroon,Senegal,2,0,2,2,0,dom
22,73527702,Zambia,Tanzania,0,0,0,0,0,nul
22,73527704,Nigeria,Equatorial Guinea,1,0,1,1,0,dom
22,73527705,Uganda,Zimbabwe,0,0,0,0,0,nul
22,73527706,South Africa,Sudan,0,2,2,0,2,ext
22,73527707,Burkina Faso,Egypt,0,0,0,0,0,nul
22,73527708,Gabon,Angola,0,0,0,0,0,nul
22,73527709,DR Congo,Algeria,0,0,0,0,0,nul
22,73527710,Mozambique,Benin,1,1,2,1,1,nul
22,73527711,Mali,Comoros,0,0,0,0,0,nul
22,73527712,Ivory Coast,Morocco,3,1,4,3,1,dom
23,73527713,Comoros,Nigeria,1,0,1,1,0,dom
23,73527714,Zimbabwe,South Africa,0,1,1,0,1,ext
23,73527715,Morocco,Gabon,2,0,2,2,0,dom
23,73527716,Mozambique,Uganda,1,0,1,1,0,dom
23,73527717,Angola,Cameroon,0,0,0,0,0,nul
23,73527718,Algeria,Burkina Faso,0,0,0,0,0,nul
23,73527719,Benin,DR Congo,0,0,0,0,0,nul
23,73527720,Egypt,Ivory Coast,1,0,1,1,0,dom
23,73527721,Equatorial Guinea,Zambia,2,0,2,2,0,dom
23,73527722,Tanzania,Tunisia,1,3,4,1,3,ext
23,73527723,Sudan,Mali,0,2,2,0,2,ext
23,73527724,Senegal,Botswana,1,2,3,1,2,ext
24,73527725,Gabon,Egypt,0,1,1,0,1,ext
24,73527726,Mali,Zimbabwe,2,0,2,2,0,dom
24,73527727,Uganda,Benin,1,0,1,1,0,dom
24,73527728,Cameroon,Morocco,0,0,0,0,0,nul
24,73527729,Zambia,Comoros,1,0,1,1,0,dom
24,73527730,Tanzania,Senegal,4,0,4,4,0,dom
24,73527731,Ivory Coast,Algeria,0,0,0,0,0,nul
24,73527732,Botswana,Angola,1,0,1,1,0,dom
24,73527733,South Africa,Mozambique,0,0,0,0,0,nul
24,73527735,Tunisia,Equatorial Guinea,4,1,5,4,1,dom
24,73527736,Burkina Faso,DR Congo,0,1,1,0,1,ext
25,73527737,Uganda,South Africa,0,0,0,0,0,nul
25,73527738,Angola,Tanzania,0,1,1,0,1,ext
25,73527739,Egypt,Cameroon,0,0,0,0,0,nul
25,73527740,Morocco,Botswana,5,0,5,5,0,dom
25,73527741,Algeria,Gabon,2,0,2,2,0,dom
25,73527742,Zimbabwe,Nigeria,0,0,0,0,0,nul
25,73527743,Sudan,Zambia,0,3,3,0,3,ext
25,73527744,Equatorial Guinea,Senegal,0,1,1,0,1,ext
25,73527745,Comoros,Tunisia,0,1,1,0,1,ext
25,73527746,Benin,Burkina Faso,1,0,1,1,0,dom
25,73527747,Mozambique,Mali,0,2,2,0,2,ext
25,73527748,DR Congo,Ivory Coast,0,0,0,0,0,nul
26,73527749,Senegal,Comoros,0,0,0,0,0,nul
26,73527750,Gabon,DR Congo,0,4,4,0,4,ext
26,73527751,Tanzania,Morocco,0,4,4,0,4,ext
26,73527752,Ivory Coast,Burkina Faso,4,0,4,4,0,dom
26,73527753,Zambia,Zimbabwe,1,1,2,1,1,nul
26,73527754,Equatorial Guinea,Angola,2,0,2,2,0,dom
26,73527755,Nigeria,Mozambique,0,0,0,0,0,nul
26,73527756,Cameroon,Algeria,2,0,2,2,0,dom
26,73527757,Tunisia,Sudan,2,0,2,2,0,dom
26,73527758,South Africa,Benin,3,0,3,3,0,dom
26,73527759,Mali,Uganda,0,1,1,0,1,ext
26,73527760,Botswana,Egypt,0,4,4,0,4,ext
27,73527761,DR Congo,Cameroon,1,1,2,1,1,nul
27,73527762,Sudan,Senegal,0,0,0,0,0,nul
27,73527763,Egypt,Tanzania,1,0,1,1,0,dom
27,73527764,Benin,Ivory Coast,0,0,0,0,0,nul
27,73527765,South Africa,Mali,1,0,1,1,0,dom
27,73527766,Zimbabwe,Tunisia,0,2,2,0,2,ext
27,73527767,Algeria,Botswana,3,0,3,3,0,dom
27,73527768,Burkina Faso,Gabon,1,3,4,1,3,ext
27,73527770,Comoros,Angola,0,0,0,0,0,nul
27,73527771,Mozambique,Zambia,2,1,3,2,1,dom
28,73527773,Botswana,DR Congo,0,1,1,0,1,ext
28,73527774,Comoros,Morocco,0,0,0,0,0,nul
28,73527776,Mali,Benin,2,0,2,2,0,dom
28,73527777,Cameroon,Burkina Faso,0,3,3,0,3,ext
28,73527778,Senegal,Zimbabwe,4,0,4,4,0,dom
28,73527781,Tunisia,Mozambique,1,1,2,1,1,nul
28,73527783,Angola,Sudan,3,0,3,3,0,dom
28,73527784,Tanzania,Algeria,1,0,1,1,0,dom
29,73527785,Egypt,Comoros,1,1,2,1,1,nul
29,73527786,Sudan,Morocco,1,0,1,1,0,dom
29,73527787,Uganda,Tunisia,2,0,2,2,0,dom
29,73527788,Burkina Faso,Botswana,0,3,3,0,3,ext
29,73527789,DR Congo,Tanzania,0,0,0,0,0,nul
29,73527791,Benin,Gabon,0,1,1,0,1,ext
29,73527792,Algeria,Equatorial Guinea,0,0,0,0,0,nul
29,73527794,Mali,Nigeria,1,1,2,1,1,nul
29,73527795,Zimbabwe,Angola,3,0,3,3,0,dom
29,73527796,Mozambique,Senegal,0,1,1,0,1,ext
30,73527797,Equatorial Guinea,DR Congo,0,1,1,0,1,ext
30,73527798,Nigeria,Benin,2,0,2,2,0,dom
30,73527799,Botswana,Ivory Coast,0,1,1,0,1,ext
30,73527800,Tanzania,Burkina Faso,1,0,1,1,0,dom
30,73527801,Senegal,Uganda,1,2,3,1,2,ext
30,73527802,Sudan,Egypt,1,2,3,1,2,ext
30,73527803,Comoros,Algeria,1,2,3,1,2,ext
30,73527804,Morocco,Zimbabwe,3,0,3,3,0,dom
30,73527805,Angola,Mozambique,2,2,4,2,2,nul
30,73527806,Cameroon,Gabon,2,0,2,2,0,dom
30,73527807,Zambia,Mali,0,0,0,0,0,nul
30,73527808,Tunisia,South Africa,2,1,3,2,1,dom
31,73527809,Uganda,Angola,0,0,0,0,0,nul
31,73527810,Ivory Coast,Tanzania,2,1,3,2,1,dom
31,73527811,Burkina Faso,Equatorial Guinea,0,2,2,0,2,ext
31,73527812,South Africa,Senegal,2,0,2,2,0,dom
31,73527813,Mali,Tunisia,1,0,1,1,0,dom
31,73527817,Gabon,Botswana,0,1,1,0,1,ext
31,73527819,Mozambique,Morocco,0,1,1,0,1,ext
31,73527820,Benin,Cameroon,1,1,2,1,1,nul
32,73527821,Tunisia,Nigeria,1,1,2,1,1,nul
32,73527825,Equatorial Guinea,Ivory Coast,2,0,2,2,0,dom
32,73527826,Angola,South Africa,0,2,2,0,2,ext
32,73527827,Egypt,Mozambique,1,0,1,1,0,dom
32,73527828,Sudan,DR Congo,0,2,2,0,2,ext
32,73527829,Botswana,Cameroon,2,1,3,2,1,dom
32,73527830,Morocco,Uganda,3,1,4,3,1,dom
32,73527831,Senegal,Mali,1,1,2,1,1,nul
32,73527832,Tanzania,Gabon,0,0,0,0,0,nul
33,73527833,Uganda,Egypt,0,0,0,0,0,nul
33,73527834,Nigeria,Senegal,0,2,2,0,2,ext
33,73527835,Burkina Faso,Sudan,1,0,1,1,0,dom
33,73527836,Zambia,Tunisia,1,0,1,1,0,dom
33,73527840,Mali,Angola,0,0,0,0,0,nul
33,73527841,Cameroon,Tanzania,0,0,0,0,0,nul
33,73527842,DR Congo,Zimbabwe,0,0,0,0,0,nul
33,73527843,Benin,Botswana,0,0,0,0,0,nul
33,73527844,South Africa,Morocco,0,0,0,0,0,nul
34,73527845,Mozambique,DR Congo,1,2,3,1,2,ext
34,73527846,Senegal,Zambia,3,0,3,3,0,dom
34,73527847,Comoros,Gabon,0,0,0,0,0,nul
34,73527848,Sudan,Ivory Coast,0,2,2,0,2,ext
34,73527849,Equatorial Guinea,Cameroon,0,0,0,0,0,nul
34,73527850,Angola,Nigeria,1,2,3,1,2,ext
34,73527851,Tunisia,Benin,0,0,0,0,0,nul
34,73527852,Morocco,Mali,1,0,1,1,0,dom
34,73527853,Algeria,Uganda,2,1,3,2,1,dom
34,73527854,Zimbabwe,Burkina Faso,1,2,3,1,2,ext
34,73527855,Egypt,South Africa,1,0,1,1,0,dom
34,73527856,Tanzania,Botswana,1,1,2,1,1,nul
35,73527857,Nigeria,Morocco,0,0,0,0,0,nul
35,73527858,Zambia,Angola,0,2,2,0,2,ext
35,73527859,Cameroon,Comoros,0,0,0,0,0,nul
35,73527860,Gabon,Sudan,3,0,3,3,0,dom
35,73527862,Uganda,DR Congo,1,0,1,1,0,dom
35,73527863,Burkina Faso,Mozambique,0,1,1,0,1,ext
35,73527865,Botswana,Equatorial Guinea,0,1,1,0,1,ext
35,73527866,Benin,Tanzania,0,3,3,0,3,ext
35,73527867,Ivory Coast,Zimbabwe,1,0,1,1,0,dom
35,73527868,Tunisia,Senegal,0,0,0,0,0,nul
36,73527870,Angola,Tunisia,2,2,4,2,2,nul
36,73527871,Comoros,Botswana,0,0,0,0,0,nul
36,73527872,Mozambique,Ivory Coast,1,0,1,1,0,dom
36,73527873,Morocco,Zambia,2,0,2,2,0,dom
36,73527875,Egypt,Nigeria,1,0,1,1,0,dom
36,73527876,Algeria,Mali,2,1,3,2,1,dom
36,73527877,Senegal,Benin,0,0,0,0,0,nul
36,73527878,DR Congo,South Africa,2,2,4,2,2,nul
36,73527879,Zimbabwe,Gabon,1,1,2,1,1,nul
36,73527880,Uganda,Burkina Faso,1,1,2,1,1,nul
37,73527881,Tunisia,Morocco,1,0,1,1,0,dom
37,73527882,Senegal,Angola,1,1,2,1,1,nul
37,73527883,Benin,Equatorial Guinea,1,0,1,1,0,dom
37,73527885,Botswana,Sudan,1,0,1,1,0,dom
37,73527886,Nigeria,Algeria,2,1,3,2,1,dom
37,73527887,Zambia,Egypt,1,0,1,1,0,dom
37,73527889,Ivory Coast,Uganda,3,1,4,3,1,dom
37,73527890,South Africa,Burkina Faso,3,0,3,3,0,dom
37,73527892,Gabon,Mozambique,0,1,1,0,1,ext
38,73527893,Egypt,Tunisia,1,0,1,1,0,dom
38,73527894,Angola,Benin,3,1,4,3,1,dom
38,73527895,Comoros,Equatorial Guinea,4,2,6,4,2,dom
38,73527896,DR Congo,Nigeria,0,0,0,0,0,nul
38,73527898,Algeria,Zambia,0,0,0,0,0,nul
38,73527899,Morocco,Senegal,2,0,2,2,0,dom
38,73527900,Uganda,Gabon,2,1,3,2,1,dom
38,73527901,Zimbabwe,Botswana,1,0,1,1,0,dom
38,73527903,Sudan,Tanzania,2,3,5,2,3,ext
39,73527906,Tanzania,Zimbabwe,0,0,0,0,0,nul
39,73527907,Angola,Morocco,0,1,1,0,1,ext
39,73527908,Zambia,DR Congo,0,0,0,0,0,nul
39,73527910,Cameroon,Uganda,2,0,2,2,0,dom
39,73527911,Mali,Ivory Coast,0,0,0,0,0,nul
39,73527912,Senegal,Egypt,0,1,1,0,1,ext
39,73527914,Botswana,Mozambique,1,1,2,1,1,nul
39,73527915,Nigeria,Burkina Faso,0,0,0,0,0,nul
39,73527916,Equatorial Guinea,Sudan,0,0,0,0,0,nul
40,73527917,Uganda,Botswana,0,0,0,0,0,nul
40,73527918,Egypt,Angola,2,0,2,2,0,dom
40,73527920,Ivory Coast,Nigeria,2,1,3,2,1,dom
40,73527921,South Africa,Cameroon,2,1,3,2,1,dom
40,73527922,Algeria,Senegal,1,0,1,1,0,dom
40,73527923,Morocco,Benin,4,0,4,4,0,dom
40,73527924,Mozambique,Tanzania,4,0,4,4,0,dom
40,73527925,Zimbabwe,Equatorial Guinea,1,1,2,1,1,nul
40,73527926,Sudan,Comoros,0,4,4,0,4,ext
40,73527927,Burkina Faso,Zambia,1,3,4,1,3,ext
40,73527928,Mali,Gabon,1,3,4,1,3,ext
41,73527929,Tunisia,Burkina Faso,1,1,2,1,1,nul
41,73527930,Angola,Algeria,3,0,3,3,0,dom
41,73527931,Botswana,South Africa,0,0,0,0,0,nul
41,73527934,Cameroon,Mali,1,0,1,1,0,dom
41,73527935,Benin,Sudan,0,0,0,0,0,nul
41,73527936,Comoros,Zimbabwe,1,1,2,1,1,nul
41,73527937,Equatorial Guinea,Mozambique,1,0,1,1,0,dom
41,73527940,Zambia,Ivory Coast,0,3,3,0,3,ext
42,73527941,Algeria,Morocco,2,0,2,2,0,dom
42,73527942,Uganda,Equatorial Guinea,2,1,3,2,1,dom
42,73527943,Ivory Coast,Tunisia,2,2,4,2,2,nul
42,73527944,Mozambique,Comoros,3,1,4,3,1,dom
42,73527945,DR Congo,Angola,0,0,0,0,0,nul
42,73527946,Zimbabwe,Sudan,3,0,3,3,0,dom
42,73527947,Egypt,Benin,3,0,3,3,0,dom
42,73527949,Nigeria,Cameroon,0,0,0,0,0,nul
42,73527950,Burkina Faso,Senegal,0,0,0,0,0,nul
42,73527951,Gabon,Zambia,1,2,3,1,2,ext
42,73527952,Mali,Botswana,3,0,3,3,0,dom
43,73527953,Angola,Burkina Faso,0,0,0,0,0,nul
43,73527954,Zambia,Cameroon,1,0,1,1,0,dom
43,73527955,Botswana,Nigeria,1,1,2,1,1,nul
43,73527956,Equatorial Guinea,South Africa,1,2,3,1,2,ext
43,73527958,Sudan,Mozambique,0,0,0,0,0,nul
43,73527959,Benin,Zimbabwe,1,0,1,1,0,dom
43,73527960,Tunisia,Gabon,1,0,1,1,0,dom
43,73527962,Senegal,Ivory Coast,0,0,0,0,0,nul
43,73527963,Morocco,DR Congo,1,1,2,1,1,nul
43,73527964,Egypt,Algeria,0,0,0,0,0,nul
15,73543667,Ivory Coast,Botswana,1,0,1,1,0,dom
15,73543668,South Africa,Mozambique,1,0,1,1,0,dom
15,73543669,Uganda,Gabon,0,1,1,0,1,ext
15,73543670,Equatorial Guinea,Nigeria,2,0,2,2,0,dom
15,73543671,Egypt,Algeria,0,1,1,0,1,ext
15,73543672,Sudan,Comoros,0,0,0,0,0,nul
15,73543673,DR Congo,Zambia,0,1,1,0,1,ext
15,73543674,Senegal,Tanzania,2,0,2,2,0,dom
15,73543676,Zimbabwe,Cameroon,1,1,2,1,1,nul
15,73543677,Mali,Morocco,2,1,3,2,1,dom
15,73543678,Burkina Faso,Benin,0,0,0,0,0,nul
15,73543667,Ivory Coast,Botswana,1,0,1,1,0,dom
15,73543668,South Africa,Mozambique,1,0,1,1,0,dom
15,73543669,Uganda,Gabon,0,1,1,0,1,ext
15,73543670,Equatorial Guinea,Nigeria,2,0,2,2,0,dom
15,73543671,Egypt,Algeria,0,1,1,0,1,ext
15,73543672,Sudan,Comoros,0,0,0,0,0,nul
15,73543673,DR Congo,Zambia,0,1,1,0,1,ext
15,73543674,Senegal,Tanzania,2,0,2,2,0,dom
15,73543676,Zimbabwe,Cameroon,1,1,2,1,1,nul
15,73543677,Mali,Morocco,2,1,3,2,1,dom
15,73543678,Burkina Faso,Benin,0,0,0,0,0,nul
43,73544003,Mali,Zimbabwe,2,0,2,2,0,dom
43,73544004,Egypt,Botswana,3,0,3,3,0,dom
43,73544005,Algeria,Benin,4,0,4,4,0,dom
43,73544007,Sudan,Burkina Faso,1,1,2,1,1,nul
43,73544008,Equatorial Guinea,Angola,2,0,2,2,0,dom
43,73544009,Uganda,Ivory Coast,1,0,1,1,0,dom
43,73544011,Senegal,South Africa,3,0,3,3,0,dom
43,73544012,Morocco,Tunisia,0,0,0,0,0,nul
43,73544013,Gabon,Mozambique,2,3,5,2,3,ext
44,73544015,Ivory Coast,Zambia,0,0,0,0,0,nul
44,73544016,Zimbabwe,Egypt,1,0,1,1,0,dom
44,73544019,Mozambique,Comoros,1,1,2,1,1,nul
44,73544020,Cameroon,Gabon,3,0,3,3,0,dom
44,73544021,Botswana,Algeria,1,2,3,1,2,ext
44,73544022,South Africa,Mali,4,0,4,4,0,dom
44,73544023,Nigeria,DR Congo,0,0,0,0,0,nul
44,73544024,Tunisia,Tanzania,3,1,4,3,1,dom
44,73544025,Burkina Faso,Uganda,2,1,3,2,1,dom
44,73544026,Angola,Sudan,0,1,1,0,1,ext
45,73544027,Comoros,Cameroon,0,0,0,0,0,nul
45,73544028,Mali,Equatorial Guinea,0,0,0,0,0,nul
45,73544030,Sudan,Senegal,0,0,0,0,0,nul
45,73544031,Tanzania,Benin,4,1,5,4,1,dom
45,73544032,DR Congo,Tunisia,1,2,3,1,2,ext
45,73544033,Nigeria,Mozambique,0,1,1,0,1,ext
45,73544034,Morocco,Botswana,2,0,2,2,0,dom
45,73544035,Egypt,South Africa,0,1,1,0,1,ext
45,73544036,Uganda,Angola,0,0,0,0,0,nul
45,73544037,Zambia,Burkina Faso,0,2,2,0,2,ext
45,73544038,Gabon,Ivory Coast,0,0,0,0,0,nul
1,73549930,Burkina Faso,Nigeria,2,0,2,2,0,dom
1,73549931,South Africa,Tunisia,2,1,3,2,1,dom
1,73549932,Zambia,Benin,0,0,0,0,0,nul
1,73549933,Mali,Mozambique,0,0,0,0,0,nul
1,73549934,Equatorial Guinea,Tanzania,1,1,2,1,1,nul
1,73549935,Angola,Ivory Coast,0,3,3,0,3,ext
1,73549936,Egypt,Botswana,2,0,2,2,0,dom
1,73549937,Uganda,Zimbabwe,2,0,2,2,0,dom
1,73549938,Gabon,Sudan,0,3,3,0,3,ext
1,73549939,Morocco,Algeria,1,0,1,1,0,dom
1,73549940,Comoros,Senegal,0,0,0,0,0,nul
1,73549941,DR Congo,Cameroon,1,0,1,1,0,dom
2,73549942,Tunisia,Morocco,0,3,3,0,3,ext
2,73549943,Zimbabwe,South Africa,3,1,4,3,1,dom
2,73549944,Senegal,DR Congo,3,1,4,3,1,dom
2,73549945,Botswana,Tanzania,0,4,4,0,4,ext
2,73549946,Nigeria,Angola,2,1,3,2,1,dom
2,73549947,Ivory Coast,Mali,1,3,4,1,3,ext
2,73549948,Benin,Equatorial Guinea,3,2,5,3,2,dom
2,73549949,Burkina Faso,Uganda,2,3,5,2,3,ext
2,73549950,Mozambique,Comoros,0,0,0,0,0,nul
2,73549951,Sudan,Egypt,1,1,2,1,1,nul
2,73549952,Algeria,Gabon,2,1,3,2,1,dom
3,73549954,Comoros,Ivory Coast,0,0,0,0,0,nul
3,73549955,Mali,Nigeria,0,2,2,0,2,ext
3,73549956,Gabon,Tunisia,1,2,3,1,2,ext
3,73549957,Tanzania,Sudan,1,2,3,1,2,ext
3,73549958,Egypt,Algeria,0,0,0,0,0,nul
3,73549959,South Africa,Burkina Faso,3,0,3,3,0,dom
3,73549960,DR Congo,Mozambique,2,0,2,2,0,dom
3,73549962,Morocco,Zimbabwe,0,1,1,0,1,ext
3,73549963,Angola,Uganda,2,1,3,2,1,dom
3,73549964,Benin,Cameroon,0,0,0,0,0,nul
3,73549965,Equatorial Guinea,Botswana,2,0,2,2,0,dom
4,73549966,Nigeria,Comoros,0,0,0,0,0,nul
4,73549967,Algeria,Tanzania,0,0,0,0,0,nul
4,73549968,Mozambique,Zambia,0,2,2,0,2,ext
4,73549969,Burkina Faso,Morocco,0,1,1,0,1,ext
4,73549970,Uganda,Mali,0,1,1,0,1,ext
4,73549971,Ivory Coast,DR Congo,2,0,2,2,0,dom
4,73549972,Tunisia,Egypt,0,1,1,0,1,ext
4,73549973,Angola,South Africa,0,0,0,0,0,nul
4,73549974,Cameroon,Equatorial Guinea,5,0,5,5,0,dom
4,73549975,Zimbabwe,Gabon,1,0,1,1,0,dom
4,73549976,Sudan,Botswana,0,1,1,0,1,ext
4,73549977,Senegal,Benin,3,0,3,3,0,dom
5,73549978,Morocco,Angola,3,1,4,3,1,dom
5,73549980,Cameroon,Senegal,1,2,3,1,2,ext
5,73549981,Benin,Mozambique,1,0,1,1,0,dom
5,73549982,Egypt,Zimbabwe,1,1,2,1,1,nul
5,73549983,Gabon,Burkina Faso,0,0,0,0,0,nul
5,73549984,Comoros,Uganda,0,0,0,0,0,nul
5,73549985,Zambia,Ivory Coast,1,1,2,1,1,nul
5,73549986,Mali,South Africa,1,1,2,1,1,nul
5,73549987,Equatorial Guinea,Sudan,0,1,1,0,1,ext
5,73549988,Tanzania,Tunisia,1,1,2,1,1,nul
5,73549989,Botswana,Algeria,5,0,5,5,0,dom
6,73549990,Ivory Coast,Benin,0,0,0,0,0,nul
6,73549991,Algeria,Sudan,0,0,0,0,0,nul
6,73549992,Angola,Gabon,0,0,0,0,0,nul
6,73549993,Zimbabwe,Tanzania,2,0,2,2,0,dom
6,73549994,Burkina Faso,Egypt,0,0,0,0,0,nul
6,73549995,Uganda,DR Congo,0,1,1,0,1,ext
6,73549996,Tunisia,Botswana,6,0,6,6,0,dom
6,73549997,Nigeria,Zambia,0,1,1,0,1,ext
6,73549998,Mozambique,Cameroon,0,0,0,0,0,nul
6,73549999,Senegal,Equatorial Guinea,0,1,1,0,1,ext
7,73550002,DR Congo,South Africa,1,0,1,1,0,dom
7,73550003,Egypt,Angola,5,1,6,5,1,dom
7,73550004,Cameroon,Ivory Coast,0,2,2,0,2,ext
7,73550005,Comoros,Morocco,1,0,1,1,0,dom
7,73550006,Equatorial Guinea,Algeria,5,1,6,5,1,dom
7,73550007,Botswana,Zimbabwe,0,0,0,0,0,nul
7,73550008,Zambia,Uganda,4,0,4,4,0,dom
7,73550009,Tanzania,Burkina Faso,2,1,3,2,1,dom
7,73550010,Gabon,Mali,1,0,1,1,0,dom
7,73550011,Senegal,Mozambique,0,0,0,0,0,nul
7,73550012,Sudan,Tunisia,2,0,2,2,0,dom
8,73550015,South Africa,Zambia,0,3,3,0,3,ext
8,73550016,Zimbabwe,Sudan,1,0,1,1,0,dom
8,73550017,Burkina Faso,Botswana,0,2,2,0,2,ext
8,73550018,Mali,Egypt,0,0,0,0,0,nul
8,73550019,Ivory Coast,Senegal,0,0,0,0,0,nul
8,73550020,Uganda,Benin,2,4,6,2,4,ext
8,73550021,Angola,Tanzania,0,0,0,0,0,nul
8,73550022,Nigeria,Cameroon,1,1,2,1,1,nul
8,73550023,Mozambique,Equatorial Guinea,0,0,0,0,0,nul
8,73550024,Tunisia,Algeria,0,0,0,0,0,nul
8,73550025,Morocco,DR Congo,3,0,3,3,0,dom
9,73550027,Sudan,Burkina Faso,0,1,1,0,1,ext
9,73550028,Equatorial Guinea,Tunisia,1,0,1,1,0,dom
9,73550029,Tanzania,Mali,1,0,1,1,0,dom
9,73550030,DR Congo,Gabon,1,0,1,1,0,dom
9,73550031,Cameroon,Uganda,2,0,2,2,0,dom
9,73550032,Botswana,Angola,1,1,2,1,1,nul
9,73550033,Mozambique,Ivory Coast,0,0,0,0,0,nul
9,73550034,Zambia,Morocco,2,0,2,2,0,dom
9,73550035,Benin,South Africa,2,0,2,2,0,dom
9,73550036,Egypt,Comoros,2,0,2,2,0,dom
9,73550037,Senegal,Nigeria,1,1,2,1,1,nul
10,73550039,Ivory Coast,Equatorial Guinea,0,1,1,0,1,ext
10,73550040,South Africa,Cameroon,0,3,3,0,3,ext
10,73550041,Morocco,Benin,1,0,1,1,0,dom
10,73550042,Zimbabwe,Tunisia,0,3,3,0,3,ext
10,73550043,DR Congo,Egypt,0,1,1,0,1,ext
10,73550044,Burkina Faso,Algeria,1,0,1,1,0,dom
10,73550045,Uganda,Senegal,0,1,1,0,1,ext
10,73550046,Gabon,Zambia,0,3,3,0,3,ext
10,73550047,Comoros,Tanzania,1,1,2,1,1,nul
10,73550048,Angola,Sudan,2,0,2,2,0,dom
10,73550049,Mali,Botswana,0,0,0,0,0,nul
11,73550050,Benin,Gabon,1,1,2,1,1,nul
11,73550051,Botswana,Comoros,0,2,2,0,2,ext
11,73550052,Senegal,South Africa,3,0,3,3,0,dom
11,73550054,Ivory Coast,Nigeria,3,0,3,3,0,dom
11,73550055,Cameroon,Morocco,0,1,1,0,1,ext
11,73550056,Algeria,Angola,1,0,1,1,0,dom
11,73550057,Tunisia,Burkina Faso,1,0,1,1,0,dom
11,73550058,Mozambique,Uganda,4,0,4,4,0,dom
11,73550060,Sudan,Mali,0,0,0,0,0,nul
11,73550061,Tanzania,DR Congo,1,0,1,1,0,dom
12,73550062,Morocco,Senegal,1,1,2,1,1,nul
12,73550063,Comoros,Sudan,1,2,3,1,2,ext
12,73550065,Uganda,Ivory Coast,1,3,4,1,3,ext
12,73550066,Burkina Faso,Zimbabwe,4,0,4,4,0,dom
12,73550067,Mali,Algeria,0,1,1,0,1,ext
12,73550068,Zambia,Tanzania,4,0,4,4,0,dom
12,73550069,Angola,Tunisia,0,1,1,0,1,ext
12,73550070,South Africa,Mozambique,0,2,2,0,2,ext
12,73550071,Nigeria,Equatorial Guinea,0,1,1,0,1,ext
12,73550072,Gabon,Cameroon,0,0,0,0,0,nul
12,73550073,DR Congo,Botswana,1,0,1,1,0,dom
13,73550074,Senegal,Gabon,0,1,1,0,1,ext
13,73550075,Equatorial Guinea,Burkina Faso,0,0,0,0,0,nul
13,73550076,Tunisia,Mali,0,0,0,0,0,nul
13,73550078,Botswana,Zambia,4,1,5,4,1,dom
13,73550079,Nigeria,Uganda,2,0,2,2,0,dom
13,73550080,Zimbabwe,Angola,1,0,1,1,0,dom
13,73550081,Algeria,Comoros,1,2,3,1,2,ext
13,73550082,Benin,Tanzania,1,1,2,1,1,nul
13,73550083,Sudan,DR Congo,2,1,3,2,1,dom
13,73550084,Cameroon,Egypt,0,0,0,0,0,nul
13,73550085,Ivory Coast,South Africa,0,1,1,0,1,ext
14,73550086,Zambia,Sudan,2,0,2,2,0,dom
14,73550087,South Africa,Nigeria,0,1,1,0,1,ext
14,73550088,Tanzania,Cameroon,0,0,0,0,0,nul
14,73550089,Egypt,Senegal,0,0,0,0,0,nul
14,73550090,Comoros,Tunisia,0,0,0,0,0,nul
14,73550092,Gabon,Mozambique,0,1,1,0,1,ext
14,73550093,Uganda,Equatorial Guinea,2,0,2,2,0,dom
14,73550094,Mali,Zimbabwe,2,0,2,2,0,dom
14,73550095,DR Congo,Algeria,1,0,1,1,0,dom
14,73550096,Benin,Botswana,2,0,2,2,0,dom
14,73550097,Angola,Burkina Faso,2,0,2,2,0,dom
15,73550098,Ivory Coast,Gabon,2,0,2,2,0,dom
15,73550100,Nigeria,Morocco,0,0,0,0,0,nul
15,73550101,Burkina Faso,Mali,1,1,2,1,1,nul
15,73550102,Tunisia,DR Congo,0,1,1,0,1,ext
15,73550103,Sudan,Benin,0,0,0,0,0,nul
15,73550104,Equatorial Guinea,Angola,0,2,2,0,2,ext
15,73550105,Uganda,South Africa,0,0,0,0,0,nul
15,73550107,Zimbabwe,Comoros,2,1,3,2,1,dom
15,73550108,Algeria,Zambia,2,1,3,2,1,dom
15,73550109,Mozambique,Egypt,0,0,0,0,0,nul
16,73550110,Morocco,Uganda,5,1,6,5,1,dom
16,73550111,Tanzania,Mozambique,1,1,2,1,1,nul
16,73550113,Benin,Algeria,0,0,0,0,0,nul
16,73550114,DR Congo,Zimbabwe,3,0,3,3,0,dom
16,73550115,Egypt,Ivory Coast,0,3,3,0,3,ext
16,73550116,Zambia,Tunisia,1,1,2,1,1,nul
16,73550117,Comoros,Burkina Faso,0,0,0,0,0,nul
16,73550118,Mali,Angola,0,1,1,0,1,ext
16,73550120,Cameroon,Sudan,4,0,4,4,0,dom
17,73550123,Angola,Comoros,1,0,1,1,0,dom
17,73550124,Ivory Coast,Tanzania,1,1,2,1,1,nul
17,73550125,South Africa,Morocco,1,1,2,1,1,nul
17,73550127,Mozambique,Botswana,0,0,0,0,0,nul
17,73550128,Zimbabwe,Zambia,1,1,2,1,1,nul
17,73550129,Burkina Faso,DR Congo,2,0,2,2,0,dom
17,73550130,Senegal,Sudan,4,0,4,4,0,dom
17,73550131,Equatorial Guinea,Mali,0,0,0,0,0,nul
17,73550132,Algeria,Cameroon,0,0,0,0,0,nul
17,73550133,Nigeria,Egypt,0,0,0,0,0,nul
18,73550134,Zambia,Burkina Faso,0,1,1,0,1,ext
18,73550135,Cameroon,Tunisia,0,0,0,0,0,nul
18,73550136,Botswana,Ivory Coast,0,0,0,0,0,nul
18,73550137,Benin,Zimbabwe,1,0,1,1,0,dom
18,73550138,Sudan,Mozambique,1,2,3,1,2,ext
18,73550140,DR Congo,Angola,1,2,3,1,2,ext
18,73550141,Morocco,Equatorial Guinea,1,0,1,1,0,dom
18,73550142,Tanzania,Nigeria,0,3,3,0,3,ext
18,73550143,Senegal,Algeria,0,0,0,0,0,nul
18,73550144,Egypt,Uganda,1,0,1,1,0,dom
18,73550145,Gabon,South Africa,0,0,0,0,0,nul
19,73550147,Burkina Faso,Benin,1,1,2,1,1,nul
19,73550150,Equatorial Guinea,Comoros,0,0,0,0,0,nul
19,73550152,South Africa,Egypt,0,1,1,0,1,ext
19,73550153,Mozambique,Algeria,2,0,2,2,0,dom
19,73550154,Angola,Zambia,0,0,0,0,0,nul
19,73550156,Ivory Coast,Sudan,1,0,1,1,0,dom
19,73550157,Uganda,Tanzania,0,0,0,0,0,nul
20,73550158,Algeria,Ivory Coast,0,0,0,0,0,nul
20,73550159,Senegal,Zimbabwe,0,1,1,0,1,ext
20,73550160,DR Congo,Comoros,1,0,1,1,0,dom
20,73550161,Zambia,Mali,1,0,1,1,0,dom
20,73550162,Tanzania,South Africa,0,2,2,0,2,ext
20,73550163,Benin,Angola,0,0,0,0,0,nul
20,73550164,Botswana,Uganda,0,0,0,0,0,nul
20,73550165,Cameroon,Burkina Faso,3,0,3,3,0,dom
20,73550166,Gabon,Equatorial Guinea,2,0,2,2,0,dom
20,73550167,Egypt,Morocco,0,0,0,0,0,nul
20,73550168,Mozambique,Tunisia,0,2,2,0,2,ext
20,73550169,Sudan,Nigeria,0,0,0,0,0,nul
21,73550170,Uganda,Sudan,1,0,1,1,0,dom
21,73550171,Morocco,Tanzania,4,1,5,4,1,dom
21,73550172,Ivory Coast,Tunisia,1,0,1,1,0,dom
21,73550174,Angola,Cameroon,1,0,1,1,0,dom
21,73550176,Gabon,Egypt,0,1,1,0,1,ext
21,73550177,Mali,Benin,4,0,4,4,0,dom
21,73550178,Burkina Faso,Senegal,0,0,0,0,0,nul
21,73550179,Comoros,Zambia,2,0,2,2,0,dom
21,73550181,Equatorial Guinea,DR Congo,0,0,0,0,0,nul
22,73550182,Zambia,DR Congo,2,0,2,2,0,dom
22,73550183,Tunisia,Nigeria,0,0,0,0,0,nul
22,73550184,Cameroon,Mali,0,0,0,0,0,nul
22,73550185,Sudan,South Africa,1,0,1,1,0,dom
22,73550186,Mozambique,Burkina Faso,0,0,0,0,0,nul
22,73550187,Botswana,Morocco,0,2,2,0,2,ext
22,73550188,Benin,Comoros,0,0,0,0,0,nul
22,73550189,Senegal,Angola,0,0,0,0,0,nul
22,73550190,Tanzania,Gabon,0,0,0,0,0,nul
22,73550193,Egypt,Equatorial Guinea,3,1,4,3,1,dom
23,73550194,Egypt,Tanzania,1,0,1,1,0,dom
23,73550195,Morocco,Sudan,4,0,4,4,0,dom
23,73550196,Nigeria,Zimbabwe,0,0,0,0,0,nul
23,73550197,DR Congo,Benin,0,1,1,0,1,ext
23,73550198,Uganda,Tunisia,0,0,0,0,0,nul
23,73550199,Gabon,Botswana,2,0,2,2,0,dom
23,73550200,Comoros,Cameroon,1,0,1,1,0,dom
23,73550201,South Africa,Algeria,2,1,3,2,1,dom
23,73550202,Mali,Senegal,0,1,1,0,1,ext
23,73550204,Angola,Mozambique,2,1,3,2,1,dom
23,73550205,Burkina Faso,Ivory Coast,1,1,2,1,1,nul
24,73550206,Nigeria,Burkina Faso,0,0,0,0,0,nul
24,73550207,Tunisia,South Africa,3,1,4,3,1,dom
24,73550208,Benin,Zambia,1,1,2,1,1,nul
24,73550209,Mozambique,Mali,0,1,1,0,1,ext
24,73550210,Tanzania,Equatorial Guinea,0,0,0,0,0,nul
24,73550211,Ivory Coast,Angola,0,0,0,0,0,nul
24,73550213,Zimbabwe,Uganda,0,0,0,0,0,nul
24,73550214,Sudan,Gabon,1,4,5,1,4,ext
24,73550215,Algeria,Morocco,2,1,3,2,1,dom
24,73550216,Senegal,Comoros,0,2,2,0,2,ext
24,73550217,Cameroon,DR Congo,2,2,4,2,2,nul
25,73550218,Morocco,Tunisia,0,1,1,0,1,ext
25,73550219,South Africa,Zimbabwe,4,0,4,4,0,dom
25,73550220,DR Congo,Senegal,1,0,1,1,0,dom
25,73550222,Angola,Nigeria,0,0,0,0,0,nul
25,73550224,Equatorial Guinea,Benin,5,0,5,5,0,dom
25,73550225,Uganda,Burkina Faso,1,0,1,1,0,dom
25,73550226,Comoros,Mozambique,0,1,1,0,1,ext
25,73550227,Egypt,Sudan,3,0,3,3,0,dom
25,73550228,Gabon,Algeria,0,2,2,0,2,ext
26,73550230,Ivory Coast,Comoros,4,1,5,4,1,dom
26,73550232,Tunisia,Gabon,2,0,2,2,0,dom
26,73550233,Sudan,Tanzania,0,4,4,0,4,ext
26,73550234,Algeria,Egypt,1,1,2,1,1,nul
26,73550235,Burkina Faso,South Africa,3,2,5,3,2,dom
26,73550236,Mozambique,DR Congo,0,2,2,0,2,ext
26,73550238,Zimbabwe,Morocco,1,1,2,1,1,nul
26,73550240,Cameroon,Benin,1,0,1,1,0,dom
26,73550241,Botswana,Equatorial Guinea,1,1,2,1,1,nul
27,73550242,Comoros,Nigeria,0,1,1,0,1,ext
27,73550243,Tanzania,Algeria,0,0,0,0,0,nul
27,73550244,Zambia,Mozambique,3,1,4,3,1,dom
27,73550245,Morocco,Burkina Faso,5,0,5,5,0,dom
27,73550246,Mali,Uganda,1,1,2,1,1,nul
27,73550247,DR Congo,Ivory Coast,1,0,1,1,0,dom
27,73550248,Egypt,Tunisia,0,0,0,0,0,nul
27,73550249,South Africa,Angola,3,0,3,3,0,dom
27,73550250,Equatorial Guinea,Cameroon,0,0,0,0,0,nul
27,73550251,Gabon,Zimbabwe,1,0,1,1,0,dom
27,73550252,Botswana,Sudan,3,0,3,3,0,dom
27,73550253,Benin,Senegal,0,0,0,0,0,nul
28,73550254,Angola,Morocco,0,1,1,0,1,ext
28,73550256,Senegal,Cameroon,1,1,2,1,1,nul
28,73550257,Mozambique,Benin,2,0,2,2,0,dom
28,73550258,Zimbabwe,Egypt,0,3,3,0,3,ext
28,73550259,Burkina Faso,Gabon,4,0,4,4,0,dom
28,73550261,Ivory Coast,Zambia,3,0,3,3,0,dom
28,73550262,South Africa,Mali,1,1,2,1,1,nul
28,73550263,Sudan,Equatorial Guinea,3,0,3,3,0,dom
28,73550265,Algeria,Botswana,1,0,1,1,0,dom
29,73550266,Benin,Ivory Coast,1,1,2,1,1,nul
29,73550267,Sudan,Algeria,1,0,1,1,0,dom
29,73550268,Gabon,Angola,2,0,2,2,0,dom
29,73550269,Tanzania,Zimbabwe,0,3,3,0,3,ext
29,73550270,Egypt,Burkina Faso,0,0,0,0,0,nul
29,73550271,DR Congo,Uganda,0,0,0,0,0,nul
29,73550272,Botswana,Tunisia,0,1,1,0,1,ext
29,73550273,Zambia,Nigeria,0,0,0,0,0,nul
29,73550274,Cameroon,Mozambique,6,0,6,6,0,dom
29,73550275,Equatorial Guinea,Senegal,1,1,2,1,1,nul
30,73550278,South Africa,DR Congo,1,0,1,1,0,dom
30,73550279,Angola,Egypt,1,1,2,1,1,nul
30,73550280,Ivory Coast,Cameroon,1,0,1,1,0,dom
30,73550281,Morocco,Comoros,0,0,0,0,0,nul
30,73550282,Algeria,Equatorial Guinea,6,0,6,6,0,dom
30,73550283,Zimbabwe,Botswana,1,0,1,1,0,dom
30,73550284,Uganda,Zambia,0,0,0,0,0,nul
30,73550285,Burkina Faso,Tanzania,0,0,0,0,0,nul
30,73550286,Mali,Gabon,3,1,4,3,1,dom
30,73550287,Mozambique,Senegal,1,1,2,1,1,nul
30,73550288,Tunisia,Sudan,0,0,0,0,0,nul
31,73550290,Gabon,Comoros,0,2,2,0,2,ext
31,73550291,Zambia,South Africa,0,1,1,0,1,ext
31,73550292,Sudan,Zimbabwe,0,2,2,0,2,ext
31,73550294,Egypt,Mali,0,1,1,0,1,ext
31,73550295,Senegal,Ivory Coast,0,0,0,0,0,nul
31,73550296,Benin,Uganda,1,1,2,1,1,nul
31,73550297,Tanzania,Angola,0,0,0,0,0,nul
31,73550298,Cameroon,Nigeria,0,1,1,0,1,ext
31,73550299,Equatorial Guinea,Mozambique,1,1,2,1,1,nul
31,73550300,Algeria,Tunisia,5,1,6,5,1,dom
31,73550301,DR Congo,Morocco,0,2,2,0,2,ext
32,73550303,Burkina Faso,Sudan,2,0,2,2,0,dom
32,73550304,Tunisia,Equatorial Guinea,4,0,4,4,0,dom
32,73550305,Mali,Tanzania,1,1,2,1,1,nul
32,73550306,Gabon,DR Congo,0,1,1,0,1,ext
32,73550307,Uganda,Cameroon,0,0,0,0,0,nul
32,73550308,Angola,Botswana,1,0,1,1,0,dom
32,73550310,Morocco,Zambia,3,0,3,3,0,dom
32,73550311,South Africa,Benin,5,0,5,5,0,dom
32,73550312,Comoros,Egypt,1,2,3,1,2,ext
32,73550313,Nigeria,Senegal,0,1,1,0,1,ext
33,73550315,Equatorial Guinea,Ivory Coast,1,2,3,1,2,ext
33,73550316,Cameroon,South Africa,0,0,0,0,0,nul
33,73550317,Benin,Morocco,1,0,1,1,0,dom
33,73550319,Egypt,DR Congo,0,2,2,0,2,ext
33,73550321,Senegal,Uganda,3,1,4,3,1,dom
33,73550322,Zambia,Gabon,0,0,0,0,0,nul
33,73550323,Tanzania,Comoros,0,1,1,0,1,ext
33,73550324,Sudan,Angola,0,1,1,0,1,ext
33,73550325,Botswana,Mali,0,0,0,0,0,nul
34,73550326,Gabon,Benin,2,2,4,2,2,nul
34,73550328,South Africa,Senegal,1,0,1,1,0,dom
34,73550329,Egypt,Zambia,2,0,2,2,0,dom
34,73550331,Morocco,Cameroon,3,0,3,3,0,dom
34,73550332,Angola,Algeria,1,0,1,1,0,dom
34,73550333,Burkina Faso,Tunisia,0,0,0,0,0,nul
34,73550335,Zimbabwe,Equatorial Guinea,0,0,0,0,0,nul
34,73550336,Mali,Sudan,3,1,4,3,1,dom
34,73550337,DR Congo,Tanzania,1,3,4,1,3,ext
35,73550338,Senegal,Morocco,1,2,3,1,2,ext
35,73550340,Benin,Egypt,0,0,0,0,0,nul
35,73550341,Ivory Coast,Uganda,2,1,3,2,1,dom
35,73550342,Zimbabwe,Burkina Faso,5,0,5,5,0,dom
35,73550343,Algeria,Mali,0,0,0,0,0,nul
35,73550344,Tanzania,Zambia,0,0,0,0,0,nul
35,73550345,Tunisia,Angola,1,0,1,1,0,dom
35,73550346,Mozambique,South Africa,1,0,1,1,0,dom
35,73550347,Equatorial Guinea,Nigeria,4,0,4,4,0,dom
35,73550348,Cameroon,Gabon,0,0,0,0,0,nul
35,73550349,Botswana,DR Congo,1,0,1,1,0,dom
36,73550350,Gabon,Senegal,0,2,2,0,2,ext
36,73550351,Burkina Faso,Equatorial Guinea,1,0,1,1,0,dom
36,73550355,Uganda,Nigeria,0,1,1,0,1,ext
36,73550356,Angola,Zimbabwe,3,0,3,3,0,dom
36,73550357,Comoros,Algeria,0,1,1,0,1,ext
36,73550358,Tanzania,Benin,0,1,1,0,1,ext
36,73550359,DR Congo,Sudan,2,0,2,2,0,dom
36,73550360,Egypt,Cameroon,1,0,1,1,0,dom
36,73550361,South Africa,Ivory Coast,0,0,0,0,0,nul
37,73550362,Sudan,Zambia,1,2,3,1,2,ext
37,73550363,Nigeria,South Africa,2,0,2,2,0,dom
37,73550364,Cameroon,Tanzania,4,1,5,4,1,dom
37,73550365,Senegal,Egypt,0,1,1,0,1,ext
37,73550366,Tunisia,Comoros,1,1,2,1,1,nul
37,73550368,Mozambique,Gabon,0,0,0,0,0,nul
37,73550369,Equatorial Guinea,Uganda,0,2,2,0,2,ext
37,73550370,Zimbabwe,Mali,2,0,2,2,0,dom
37,73550371,Algeria,DR Congo,2,0,2,2,0,dom
37,73550372,Botswana,Benin,1,0,1,1,0,dom
37,73550373,Burkina Faso,Angola,1,1,2,1,1,nul
38,73550374,Gabon,Ivory Coast,2,2,4,2,2,nul
38,73550376,Morocco,Nigeria,0,0,0,0,0,nul
38,73550377,Mali,Burkina Faso,0,1,1,0,1,ext
38,73550378,DR Congo,Tunisia,5,1,6,5,1,dom
38,73550379,Benin,Sudan,3,0,3,3,0,dom
38,73550380,Angola,Equatorial Guinea,0,3,3,0,3,ext
38,73550381,South Africa,Uganda,4,1,5,4,1,dom
38,73550382,Tanzania,Senegal,1,3,4,1,3,ext
38,73550383,Comoros,Zimbabwe,3,2,5,3,2,dom
38,73550384,Zambia,Algeria,2,2,4,2,2,nul
38,73550385,Egypt,Mozambique,1,3,4,1,3,ext
39,73550386,Uganda,Morocco,1,4,5,1,4,ext
39,73550387,Mozambique,Tanzania,1,2,3,1,2,ext
39,73550389,Algeria,Benin,2,0,2,2,0,dom
39,73550390,Zimbabwe,DR Congo,0,0,0,0,0,nul
39,73550391,Ivory Coast,Egypt,2,0,2,2,0,dom
39,73550392,Tunisia,Zambia,1,1,2,1,1,nul
39,73550393,Burkina Faso,Comoros,3,0,3,3,0,dom
39,73550394,Angola,Mali,0,0,0,0,0,nul
39,73550396,Sudan,Cameroon,0,0,0,0,0,nul
40,73550398,Gabon,Uganda,1,1,2,1,1,nul
40,73550399,Comoros,Angola,0,0,0,0,0,nul
40,73550401,Morocco,South Africa,4,1,5,4,1,dom
40,73550403,Botswana,Mozambique,1,2,3,1,2,ext
40,73550404,Zambia,Zimbabwe,0,0,0,0,0,nul
40,73550405,DR Congo,Burkina Faso,0,0,0,0,0,nul
40,73550406,Sudan,Senegal,1,0,1,1,0,dom
40,73550407,Mali,Equatorial Guinea,3,2,5,3,2,dom
40,73550408,Cameroon,Algeria,1,1,2,1,1,nul
40,73550409,Egypt,Nigeria,1,1,2,1,1,nul
41,73550410,Burkina Faso,Zambia,1,1,2,1,1,nul
41,73550411,Tunisia,Cameroon,3,0,3,3,0,dom
41,73550412,Ivory Coast,Botswana,0,0,0,0,0,nul
41,73550413,Zimbabwe,Benin,0,1,1,0,1,ext
41,73550414,Mozambique,Sudan,0,1,1,0,1,ext
41,73550416,Angola,DR Congo,0,0,0,0,0,nul
41,73550417,Equatorial Guinea,Morocco,1,1,2,1,1,nul
41,73550418,Nigeria,Tanzania,1,0,1,1,0,dom
41,73550419,Algeria,Senegal,0,0,0,0,0,nul
41,73550420,Uganda,Egypt,0,0,0,0,0,nul
41,73550421,South Africa,Gabon,0,3,3,0,3,ext
42,73550423,Benin,Burkina Faso,0,0,0,0,0,nul
42,73550426,Comoros,Equatorial Guinea,1,1,2,1,1,nul
42,73550428,Egypt,South Africa,1,1,2,1,1,nul
42,73550429,Algeria,Mozambique,0,2,2,0,2,ext
42,73550430,Zambia,Angola,0,0,0,0,0,nul
42,73550432,Sudan,Ivory Coast,3,1,4,3,1,dom
42,73550433,Tanzania,Uganda,0,1,1,0,1,ext
43,73550434,Ivory Coast,Algeria,2,1,3,2,1,dom
43,73550435,Zimbabwe,Senegal,0,1,1,0,1,ext
43,73550436,Comoros,DR Congo,0,1,1,0,1,ext
43,73550437,Mali,Zambia,3,0,3,3,0,dom
43,73550438,South Africa,Tanzania,1,1,2,1,1,nul
43,73550439,Angola,Benin,1,1,2,1,1,nul
43,73550440,Uganda,Botswana,0,1,1,0,1,ext
43,73550442,Equatorial Guinea,Gabon,0,3,3,0,3,ext
43,73550443,Morocco,Egypt,2,1,3,2,1,dom
43,73550444,Tunisia,Mozambique,3,1,4,3,1,dom
43,73550445,Nigeria,Sudan,3,0,3,3,0,dom
44,73550446,Sudan,Uganda,0,1,1,0,1,ext
44,73550447,Tanzania,Morocco,1,1,2,1,1,nul
44,73550448,Tunisia,Ivory Coast,1,1,2,1,1,nul
44,73550450,Cameroon,Angola,1,1,2,1,1,nul
44,73550451,Mozambique,Zimbabwe,1,1,2,1,1,nul
44,73550452,Egypt,Gabon,2,1,3,2,1,dom
44,73550453,Benin,Mali,0,1,1,0,1,ext
44,73550454,Senegal,Burkina Faso,1,1,2,1,1,nul
44,73550455,Zambia,Comoros,0,0,0,0,0,nul
44,73550456,Algeria,Nigeria,0,0,0,0,0,nul
44,73550457,DR Congo,Equatorial Guinea,5,0,5,5,0,dom
45,73550458,DR Congo,Zambia,0,0,0,0,0,nul
45,73550459,Nigeria,Tunisia,0,0,0,0,0,nul
45,73550460,Mali,Cameroon,1,1,2,1,1,nul
45,73550461,South Africa,Sudan,0,0,0,0,0,nul
45,73550462,Burkina Faso,Mozambique,4,1,5,4,1,dom
45,73550464,Comoros,Benin,0,1,1,0,1,ext
45,73550466,Gabon,Tanzania,0,1,1,0,1,ext
46,73550470,Tanzania,Egypt,0,0,0,0,0,nul
46,73550471,Sudan,Morocco,1,1,2,1,1,nul
46,73550472,Zimbabwe,Nigeria,1,0,1,1,0,dom
46,73550473,Benin,DR Congo,0,0,0,0,0,nul
46,73550474,Tunisia,Uganda,4,0,4,4,0,dom
46,73550475,Botswana,Gabon,0,1,1,0,1,ext
46,73550476,Cameroon,Comoros,2,1,3,2,1,dom
46,73550477,Algeria,South Africa,2,1,3,2,1,dom
46,73550478,Senegal,Mali,0,0,0,0,0,nul
46,73550479,Zambia,Equatorial Guinea,1,0,1,1,0,dom
46,73550480,Mozambique,Angola,1,0,1,1,0,dom
46,73550481,Ivory Coast,Burkina Faso,2,0,2,2,0,dom
1,73556257,Algeria,Equatorial Guinea,2,0,2,2,0,dom
1,73556258,Morocco,Gabon,2,1,3,2,1,dom
1,73556259,Cameroon,Nigeria,0,0,0,0,0,nul
1,73556262,Senegal,DR Congo,0,3,3,0,3,ext
1,73556263,Comoros,Burkina Faso,2,0,2,2,0,dom
1,73556264,Angola,Zimbabwe,2,0,2,2,0,dom
1,73556265,Tunisia,Mozambique,0,3,3,0,3,ext
1,73556267,Benin,Zambia,0,0,0,0,0,nul
2,73556269,DR Congo,Tunisia,2,1,3,2,1,dom
2,73556270,Burkina Faso,Angola,0,0,0,0,0,nul
2,73556271,Gabon,Egypt,0,0,0,0,0,nul
2,73556272,Mali,Algeria,2,0,2,2,0,dom
2,73556273,Morocco,Uganda,2,1,3,2,1,dom
2,73556274,Botswana,Benin,3,0,3,3,0,dom
2,73556275,Mozambique,South Africa,2,1,3,2,1,dom
2,73556276,Nigeria,Senegal,0,0,0,0,0,nul
2,73556277,Sudan,Tanzania,1,0,1,1,0,dom
2,73556278,Zambia,Cameroon,2,1,3,2,1,dom
2,73556280,Equatorial Guinea,Comoros,4,0,4,4,0,dom
3,73556281,Tanzania,Morocco,0,0,0,0,0,nul
3,73556282,Egypt,Uganda,2,0,2,2,0,dom
3,73556283,Comoros,Mali,0,0,0,0,0,nul
3,73556284,South Africa,Zimbabwe,0,1,1,0,1,ext
3,73556285,Tunisia,Nigeria,0,0,0,0,0,nul
3,73556286,Senegal,Zambia,5,0,5,5,0,dom
3,73556287,Cameroon,Botswana,3,1,4,3,1,dom
3,73556288,Algeria,Sudan,3,0,3,3,0,dom
3,73556290,Ivory Coast,Burkina Faso,3,0,3,3,0,dom
3,73556291,Benin,Gabon,1,0,1,1,0,dom
3,73556292,Mozambique,DR Congo,1,2,3,1,2,ext
4,73556293,Morocco,Algeria,3,0,3,3,0,dom
4,73556294,Equatorial Guinea,Ivory Coast,0,1,1,0,1,ext
4,73556295,Nigeria,Mozambique,1,2,3,1,2,ext
4,73556296,Mali,Angola,0,0,0,0,0,nul
4,73556297,Egypt,Tanzania,1,0,1,1,0,dom
4,73556298,Sudan,Comoros,0,2,2,0,2,ext
4,73556299,Burkina Faso,Zimbabwe,1,0,1,1,0,dom
4,73556300,DR Congo,South Africa,1,2,3,1,2,ext
4,73556301,Gabon,Cameroon,1,1,2,1,1,nul
4,73556302,Uganda,Benin,1,0,1,1,0,dom
4,73556303,Botswana,Senegal,1,1,2,1,1,nul
4,73556304,Zambia,Tunisia,0,0,0,0,0,nul
5,73556305,Ivory Coast,Mali,0,0,0,0,0,nul
5,73556306,Benin,Tanzania,1,0,1,1,0,dom
5,73556307,Tunisia,Botswana,1,0,1,1,0,dom
5,73556308,South Africa,Burkina Faso,3,1,4,3,1,dom
5,73556309,Algeria,Egypt,2,1,3,2,1,dom
5,73556310,Mozambique,Zambia,0,5,5,0,5,ext
5,73556311,Angola,Sudan,2,0,2,2,0,dom
5,73556313,Senegal,Gabon,3,2,5,3,2,dom
5,73556314,Comoros,Morocco,1,0,1,1,0,dom
5,73556315,Zimbabwe,Equatorial Guinea,1,0,1,1,0,dom
5,73556316,Cameroon,Uganda,1,1,2,1,1,nul
6,73556317,Uganda,Senegal,0,0,0,0,0,nul
6,73556318,Equatorial Guinea,Burkina Faso,2,0,2,2,0,dom
6,73556319,Tanzania,Cameroon,0,0,0,0,0,nul
6,73556320,Zambia,DR Congo,1,0,1,1,0,dom
6,73556321,Egypt,Comoros,0,0,0,0,0,nul
6,73556322,Sudan,Ivory Coast,0,0,0,0,0,nul
6,73556323,Botswana,Mozambique,0,3,3,0,3,ext
6,73556324,Mali,Zimbabwe,0,0,0,0,0,nul
6,73556325,Benin,Algeria,0,0,0,0,0,nul
6,73556326,Nigeria,South Africa,2,0,2,2,0,dom
6,73556327,Gabon,Tunisia,0,0,0,0,0,nul
6,73556328,Morocco,Angola,0,0,0,0,0,nul
7,73556329,Ivory Coast,Morocco,1,2,3,1,2,ext
7,73556330,DR Congo,Botswana,0,0,0,0,0,nul
7,73556331,Cameroon,Algeria,0,0,0,0,0,nul
7,73556332,Mozambique,Gabon,0,3,3,0,3,ext
7,73556333,South Africa,Equatorial Guinea,3,1,4,3,1,dom
7,73556334,Angola,Egypt,0,3,3,0,3,ext
7,73556335,Nigeria,Zambia,2,0,2,2,0,dom
7,73556336,Zimbabwe,Sudan,0,0,0,0,0,nul
7,73556337,Comoros,Benin,2,1,3,2,1,dom
7,73556339,Tunisia,Uganda,4,2,6,4,2,dom
7,73556340,Burkina Faso,Mali,0,0,0,0,0,nul
8,73556341,Zambia,South Africa,0,0,0,0,0,nul
8,73556342,Sudan,Burkina Faso,0,3,3,0,3,ext
8,73556343,Uganda,Mozambique,1,0,1,1,0,dom
8,73556344,Algeria,Senegal,0,2,2,0,2,ext
8,73556345,Gabon,DR Congo,0,0,0,0,0,nul
8,73556347,Morocco,Zimbabwe,2,4,6,2,4,ext
8,73556349,Benin,Angola,1,1,2,1,1,nul
8,73556350,Botswana,Nigeria,0,0,0,0,0,nul
8,73556351,Tanzania,Tunisia,0,0,0,0,0,nul
8,73556352,Cameroon,Comoros,3,0,3,3,0,dom
9,73556353,Nigeria,Gabon,0,0,0,0,0,nul
9,73556354,Tunisia,Algeria,1,0,1,1,0,dom
9,73556355,Zimbabwe,Egypt,0,0,0,0,0,nul
9,73556356,Zambia,Botswana,0,0,0,0,0,nul
9,73556357,Ivory Coast,Benin,3,0,3,3,0,dom
9,73556359,South Africa,Mali,0,0,0,0,0,nul
9,73556360,Angola,Cameroon,1,0,1,1,0,dom
9,73556361,DR Congo,Uganda,1,1,2,1,1,nul
9,73556362,Burkina Faso,Morocco,0,0,0,0,0,nul
9,73556363,Equatorial Guinea,Sudan,3,0,3,3,0,dom
9,73556364,Senegal,Comoros,0,0,0,0,0,nul
10,73556365,Benin,Zimbabwe,2,1,3,2,1,dom
10,73556367,Comoros,Tunisia,0,3,3,0,3,ext
10,73556368,Morocco,Equatorial Guinea,1,0,1,1,0,dom
10,73556369,Sudan,Mali,0,3,3,0,3,ext
10,73556371,Senegal,Angola,1,0,1,1,0,dom
10,73556372,Uganda,Nigeria,0,1,1,0,1,ext
10,73556373,Cameroon,Ivory Coast,0,3,3,0,3,ext
10,73556374,Botswana,South Africa,1,1,2,1,1,nul
10,73556376,Tanzania,DR Congo,0,0,0,0,0,nul
11,73556377,Nigeria,Tanzania,1,1,2,1,1,nul
11,73556378,DR Congo,Algeria,1,3,4,1,3,ext
11,73556379,South Africa,Sudan,4,0,4,4,0,dom
11,73556380,Mozambique,Comoros,1,2,3,1,2,ext
11,73556382,Zimbabwe,Cameroon,0,0,0,0,0,nul
11,73556384,Zambia,Uganda,0,1,1,0,1,ext
11,73556385,Tunisia,Angola,2,0,2,2,0,dom
11,73556387,Burkina Faso,Benin,2,0,2,2,0,dom
11,73556388,Botswana,Gabon,1,4,5,1,4,ext
12,73556389,Tanzania,Zambia,0,0,0,0,0,nul
12,73556390,Senegal,Zimbabwe,0,0,0,0,0,nul
12,73556391,Cameroon,Burkina Faso,2,2,4,2,2,nul
12,73556392,Angola,Mozambique,0,0,0,0,0,nul
12,73556393,Algeria,Nigeria,0,0,0,0,0,nul
12,73556394,Comoros,DR Congo,1,1,2,1,1,nul
12,73556395,Gabon,South Africa,2,2,4,2,2,nul
12,73556396,Uganda,Botswana,0,1,1,0,1,ext
12,73556397,Morocco,Sudan,2,0,2,2,0,dom
12,73556398,Benin,Equatorial Guinea,2,0,2,2,0,dom
12,73556400,Tunisia,Ivory Coast,1,0,1,1,0,dom
13,73556401,Botswana,Tanzania,0,0,0,0,0,nul
13,73556402,DR Congo,Angola,0,0,0,0,0,nul
13,73556403,Gabon,Uganda,0,1,1,0,1,ext
13,73556404,Burkina Faso,Senegal,1,0,1,1,0,dom
13,73556405,Mali,Benin,5,0,5,5,0,dom
13,73556407,Nigeria,Comoros,0,1,1,0,1,ext
13,73556408,South Africa,Morocco,1,2,3,1,2,ext
13,73556410,Mozambique,Ivory Coast,1,0,1,1,0,dom
13,73556412,Zambia,Algeria,1,1,2,1,1,nul
14,73556413,Algeria,Botswana,4,1,5,4,1,dom
14,73556416,Egypt,Morocco,1,0,1,1,0,dom
14,73556417,Mozambique,Zimbabwe,3,0,3,3,0,dom
14,73556418,Angola,Nigeria,0,1,1,0,1,ext
14,73556419,Tanzania,Gabon,0,0,0,0,0,nul
14,73556421,Comoros,Zambia,0,0,0,0,0,nul
14,73556422,Ivory Coast,DR Congo,0,1,1,0,1,ext
14,73556424,Uganda,South Africa,3,0,3,3,0,dom
15,73556425,Uganda,Tanzania,0,0,0,0,0,nul
15,73556426,Morocco,Benin,4,0,4,4,0,dom
15,73556427,Sudan,Cameroon,0,1,1,0,1,ext
15,73556428,Nigeria,Ivory Coast,1,0,1,1,0,dom
15,73556430,Botswana,Comoros,1,1,2,1,1,nul
15,73556431,Burkina Faso,Mozambique,1,2,3,1,2,ext
15,73556432,Equatorial Guinea,Tunisia,0,1,1,0,1,ext
15,73556434,Gabon,Algeria,0,3,3,0,3,ext
15,73556435,Zambia,Angola,0,1,1,0,1,ext
15,73556436,DR Congo,Zimbabwe,0,0,0,0,0,nul
16,73556437,Senegal,Sudan,5,1,6,5,1,dom
16,73556438,Comoros,Gabon,0,0,0,0,0,nul
16,73556439,Tanzania,South Africa,0,1,1,0,1,ext
16,73556440,Mozambique,Equatorial Guinea,0,1,1,0,1,ext
16,73556442,Algeria,Uganda,4,0,4,4,0,dom
16,73556443,Benin,Egypt,1,1,2,1,1,nul
16,73556445,Angola,Botswana,2,1,3,2,1,dom
16,73556446,DR Congo,Burkina Faso,1,1,2,1,1,nul
16,73556447,Cameroon,Morocco,1,2,3,1,2,ext
16,73556448,Ivory Coast,Zambia,0,0,0,0,0,nul
17,73556449,Morocco,Senegal,0,0,0,0,0,nul
17,73556450,Nigeria,Burkina Faso,0,2,2,0,2,ext
17,73556451,Zambia,Zimbabwe,1,1,2,1,1,nul
17,73556452,Egypt,Cameroon,5,0,5,5,0,dom
17,73556454,Uganda,Comoros,1,0,1,1,0,dom
17,73556455,South Africa,Benin,1,0,1,1,0,dom
17,73556456,Gabon,Angola,0,2,2,0,2,ext
17,73556457,Sudan,Tunisia,1,0,1,1,0,dom
17,73556458,Botswana,Ivory Coast,0,0,0,0,0,nul
17,73556460,Equatorial Guinea,DR Congo,1,1,2,1,1,nul
18,73556461,Zimbabwe,Botswana,2,1,3,2,1,dom
18,73556462,Cameroon,Benin,3,0,3,3,0,dom
18,73556464,Angola,Uganda,1,0,1,1,0,dom
18,73556465,Tunisia,Morocco,3,1,4,3,1,dom
18,73556466,Senegal,Egypt,2,2,4,2,2,nul
18,73556467,Ivory Coast,Gabon,6,0,6,6,0,dom
18,73556468,Algeria,South Africa,2,1,3,2,1,dom
18,73556469,DR Congo,Mali,2,0,2,2,0,dom
18,73556470,Comoros,Tanzania,0,0,0,0,0,nul
18,73556471,Mozambique,Sudan,0,0,0,0,0,nul
19,73556473,Botswana,Burkina Faso,0,2,2,0,2,ext
19,73556474,Sudan,DR Congo,0,5,5,0,5,ext
19,73556475,South Africa,Cameroon,1,0,1,1,0,dom
19,73556476,Egypt,Tunisia,1,0,1,1,0,dom
19,73556477,Uganda,Ivory Coast,1,0,1,1,0,dom
19,73556478,Tanzania,Angola,0,0,0,0,0,nul
19,73556479,Mali,Nigeria,1,1,2,1,1,nul
19,73556480,Algeria,Comoros,3,0,3,3,0,dom
19,73556481,Zambia,Equatorial Guinea,2,0,2,2,0,dom
19,73556482,Gabon,Zimbabwe,0,1,1,0,1,ext
19,73556483,Morocco,Mozambique,2,2,4,2,2,nul
19,73556484,Benin,Senegal,0,0,0,0,0,nul
20,73556485,Senegal,Cameroon,2,0,2,2,0,dom
20,73556486,Equatorial Guinea,Botswana,0,0,0,0,0,nul
20,73556488,Angola,Algeria,0,3,3,0,3,ext
20,73556489,Nigeria,Sudan,3,1,4,3,1,dom
20,73556490,Comoros,South Africa,1,0,1,1,0,dom
20,73556491,Zimbabwe,Uganda,3,0,3,3,0,dom
20,73556494,Burkina Faso,Gabon,1,0,1,1,0,dom
20,73556495,Ivory Coast,Tanzania,1,0,1,1,0,dom
20,73556496,Mozambique,Egypt,2,0,2,2,0,dom
21,73556499,Gabon,Equatorial Guinea,5,0,5,5,0,dom
21,73556500,South Africa,Senegal,0,0,0,0,0,nul
21,73556501,Uganda,Burkina Faso,1,1,2,1,1,nul
21,73556502,Algeria,Ivory Coast,1,1,2,1,1,nul
21,73556503,Tanzania,Zimbabwe,1,0,1,1,0,dom
21,73556504,Benin,Mozambique,0,0,0,0,0,nul
21,73556505,Botswana,Mali,0,0,0,0,0,nul
21,73556507,Morocco,Nigeria,0,2,2,0,2,ext
21,73556508,Sudan,Zambia,0,2,2,0,2,ext
22,73556510,Nigeria,Egypt,1,2,3,1,2,ext
22,73556512,DR Congo,Benin,2,0,2,2,0,dom
22,73556513,Mali,Gabon,2,0,2,2,0,dom
22,73556514,Equatorial Guinea,Uganda,1,1,2,1,1,nul
22,73556515,Mozambique,Cameroon,0,0,0,0,0,nul
22,73556516,Tunisia,Senegal,1,0,1,1,0,dom
22,73556517,Zambia,Morocco,0,1,1,0,1,ext
22,73556518,Burkina Faso,Tanzania,1,2,3,1,2,ext
22,73556519,Angola,South Africa,2,0,2,2,0,dom
22,73556520,Ivory Coast,Comoros,0,0,0,0,0,nul
23,73556521,Cameroon,DR Congo,1,1,2,1,1,nul
23,73556522,Gabon,Sudan,1,0,1,1,0,dom
23,73556523,Tanzania,Equatorial Guinea,1,0,1,1,0,dom
23,73556524,South Africa,Tunisia,0,0,0,0,0,nul
23,73556526,Benin,Nigeria,0,1,1,0,1,ext
23,73556528,Egypt,Zambia,1,0,1,1,0,dom
23,73556529,Comoros,Zimbabwe,0,1,1,0,1,ext
23,73556530,Morocco,Botswana,0,0,0,0,0,nul
23,73556531,Uganda,Mali,0,0,0,0,0,nul
23,73556532,Angola,Ivory Coast,2,0,2,2,0,dom
24,73556533,Equatorial Guinea,Algeria,2,1,3,2,1,dom
24,73556534,Gabon,Morocco,0,3,3,0,3,ext
24,73556535,Nigeria,Cameroon,0,0,0,0,0,nul
24,73556538,DR Congo,Senegal,0,2,2,0,2,ext
24,73556539,Burkina Faso,Comoros,2,0,2,2,0,dom
24,73556540,Zimbabwe,Angola,0,0,0,0,0,nul
24,73556541,Mozambique,Tunisia,0,0,0,0,0,nul
24,73556543,Zambia,Benin,3,0,3,3,0,dom
25,73556545,Tunisia,DR Congo,3,0,3,3,0,dom
25,73556546,Angola,Burkina Faso,2,0,2,2,0,dom
25,73556547,Egypt,Gabon,3,1,4,3,1,dom
25,73556548,Algeria,Mali,0,0,0,0,0,nul
25,73556549,Uganda,Morocco,0,2,2,0,2,ext
25,73556551,South Africa,Mozambique,3,0,3,3,0,dom
25,73556553,Tanzania,Sudan,0,1,1,0,1,ext
25,73556554,Cameroon,Zambia,0,0,0,0,0,nul
25,73556556,Comoros,Equatorial Guinea,1,0,1,1,0,dom
26,73556557,Morocco,Tanzania,0,0,0,0,0,nul
26,73556558,Uganda,Egypt,0,1,1,0,1,ext
26,73556559,Mali,Comoros,1,0,1,1,0,dom
26,73556560,Zimbabwe,South Africa,1,1,2,1,1,nul
26,73556562,Zambia,Senegal,0,1,1,0,1,ext
26,73556563,Botswana,Cameroon,1,0,1,1,0,dom
26,73556564,Sudan,Algeria,1,0,1,1,0,dom
26,73556566,Burkina Faso,Ivory Coast,3,1,4,3,1,dom
26,73556567,Gabon,Benin,1,0,1,1,0,dom
26,73556568,DR Congo,Mozambique,0,1,1,0,1,ext
27,73556569,Algeria,Morocco,2,1,3,2,1,dom
27,73556570,Ivory Coast,Equatorial Guinea,2,1,3,2,1,dom
27,73556572,Angola,Mali,0,1,1,0,1,ext
27,73556573,Tanzania,Egypt,0,0,0,0,0,nul
27,73556574,Comoros,Sudan,3,0,3,3,0,dom
27,73556575,Zimbabwe,Burkina Faso,0,0,0,0,0,nul
27,73556576,South Africa,DR Congo,0,1,1,0,1,ext
27,73556577,Cameroon,Gabon,5,0,5,5,0,dom
27,73556578,Benin,Uganda,1,0,1,1,0,dom
27,73556579,Senegal,Botswana,2,0,2,2,0,dom
27,73556580,Tunisia,Zambia,3,0,3,3,0,dom
28,73556581,Mali,Ivory Coast,1,0,1,1,0,dom
28,73556582,Tanzania,Benin,1,0,1,1,0,dom
28,73556583,Botswana,Tunisia,1,0,1,1,0,dom
28,73556584,Burkina Faso,South Africa,1,1,2,1,1,nul
28,73556585,Egypt,Algeria,2,0,2,2,0,dom
28,73556589,Gabon,Senegal,0,2,2,0,2,ext
28,73556591,Equatorial Guinea,Zimbabwe,0,0,0,0,0,nul
28,73556592,Uganda,Cameroon,1,0,1,1,0,dom
29,73556593,Senegal,Uganda,0,0,0,0,0,nul
29,73556594,Burkina Faso,Equatorial Guinea,2,0,2,2,0,dom
29,73556595,Cameroon,Tanzania,0,1,1,0,1,ext
29,73556596,DR Congo,Zambia,1,0,1,1,0,dom
29,73556597,Comoros,Egypt,1,1,2,1,1,nul
29,73556598,Ivory Coast,Sudan,4,0,4,4,0,dom
29,73556599,Mozambique,Botswana,0,0,0,0,0,nul
29,73556600,Zimbabwe,Mali,1,0,1,1,0,dom
29,73556601,Algeria,Benin,4,1,5,4,1,dom
29,73556602,South Africa,Nigeria,2,1,3,2,1,dom
29,73556603,Tunisia,Gabon,2,0,2,2,0,dom
29,73556604,Angola,Morocco,0,2,2,0,2,ext
30,73556605,Morocco,Ivory Coast,1,0,1,1,0,dom
30,73556607,Algeria,Cameroon,1,0,1,1,0,dom
30,73556608,Gabon,Mozambique,1,2,3,1,2,ext
30,73556610,Egypt,Angola,2,1,3,2,1,dom
30,73556611,Zambia,Nigeria,0,1,1,0,1,ext
30,73556612,Sudan,Zimbabwe,1,1,2,1,1,nul
30,73556613,Benin,Comoros,1,0,1,1,0,dom
30,73556615,Uganda,Tunisia,1,1,2,1,1,nul
31,73556618,Burkina Faso,Sudan,2,1,3,2,1,dom
31,73556619,Mozambique,Uganda,1,0,1,1,0,dom
31,73556620,Senegal,Algeria,0,1,1,0,1,ext
31,73556623,Zimbabwe,Morocco,0,0,0,0,0,nul
31,73556624,Equatorial Guinea,Mali,6,0,6,6,0,dom
31,73556625,Angola,Benin,0,0,0,0,0,nul
31,73556626,Nigeria,Botswana,3,1,4,3,1,dom
31,73556627,Tunisia,Tanzania,0,0,0,0,0,nul
31,73556628,Comoros,Cameroon,0,0,0,0,0,nul
32,73556629,Gabon,Nigeria,0,2,2,0,2,ext
32,73556630,Algeria,Tunisia,2,0,2,2,0,dom
32,73556631,Egypt,Zimbabwe,1,0,1,1,0,dom
32,73556632,Botswana,Zambia,0,1,1,0,1,ext
32,73556633,Benin,Ivory Coast,3,0,3,3,0,dom
32,73556635,Mali,South Africa,2,0,2,2,0,dom
32,73556636,Cameroon,Angola,3,0,3,3,0,dom
32,73556637,Uganda,DR Congo,0,0,0,0,0,nul
32,73556638,Morocco,Burkina Faso,2,0,2,2,0,dom
32,73556639,Sudan,Equatorial Guinea,1,2,3,1,2,ext
33,73556641,Zimbabwe,Benin,0,0,0,0,0,nul
33,73556643,Tunisia,Comoros,1,0,1,1,0,dom
33,73556645,Mali,Sudan,4,0,4,4,0,dom
33,73556647,Angola,Senegal,0,1,1,0,1,ext
33,73556648,Nigeria,Uganda,0,1,1,0,1,ext
33,73556649,Ivory Coast,Cameroon,1,0,1,1,0,dom
33,73556650,South Africa,Botswana,3,0,3,3,0,dom
33,73556652,DR Congo,Tanzania,0,0,0,0,0,nul
34,73556653,Tanzania,Nigeria,0,2,2,0,2,ext
34,73556654,Algeria,DR Congo,0,1,1,0,1,ext
34,73556655,Sudan,South Africa,0,2,2,0,2,ext
34,73556656,Comoros,Mozambique,0,0,0,0,0,nul
34,73556658,Cameroon,Zimbabwe,0,0,0,0,0,nul
34,73556660,Uganda,Zambia,0,0,0,0,0,nul
34,73556661,Angola,Tunisia,0,0,0,0,0,nul
34,73556662,Senegal,Ivory Coast,4,1,5,4,1,dom
34,73556663,Benin,Burkina Faso,2,2,4,2,2,nul
34,73556664,Gabon,Botswana,0,1,1,0,1,ext
35,73556665,Zambia,Tanzania,1,2,3,1,2,ext
35,73556667,Burkina Faso,Cameroon,0,0,0,0,0,nul
35,73556668,Mozambique,Angola,2,1,3,2,1,dom
35,73556669,Nigeria,Algeria,5,0,5,5,0,dom
35,73556670,DR Congo,Comoros,0,0,0,0,0,nul
35,73556671,South Africa,Gabon,0,0,0,0,0,nul
35,73556672,Botswana,Uganda,1,0,1,1,0,dom
35,73556673,Sudan,Morocco,1,0,1,1,0,dom
35,73556674,Equatorial Guinea,Benin,4,0,4,4,0,dom
35,73556676,Ivory Coast,Tunisia,1,0,1,1,0,dom
36,73556677,Tanzania,Botswana,0,2,2,0,2,ext
36,73556678,Angola,DR Congo,0,0,0,0,0,nul
36,73556680,Senegal,Burkina Faso,3,0,3,3,0,dom
36,73556681,Benin,Mali,0,0,0,0,0,nul
36,73556683,Comoros,Nigeria,0,1,1,0,1,ext
36,73556685,Cameroon,Equatorial Guinea,3,0,3,3,0,dom
36,73556686,Ivory Coast,Mozambique,3,1,4,3,1,dom
36,73556688,Algeria,Zambia,3,1,4,3,1,dom
37,73556689,Botswana,Algeria,4,1,5,4,1,dom
37,73556692,Morocco,Egypt,2,1,3,2,1,dom
37,73556693,Zimbabwe,Mozambique,0,5,5,0,5,ext
37,73556694,Nigeria,Angola,3,0,3,3,0,dom
37,73556695,Gabon,Tanzania,0,0,0,0,0,nul
37,73556697,Zambia,Comoros,1,2,3,1,2,ext
37,73556698,DR Congo,Ivory Coast,1,0,1,1,0,dom
37,73556700,South Africa,Uganda,4,1,5,4,1,dom
38,73556701,Tanzania,Uganda,1,2,3,1,2,ext
38,73556702,Benin,Morocco,2,1,3,2,1,dom
38,73556703,Cameroon,Sudan,1,1,2,1,1,nul
38,73556704,Ivory Coast,Nigeria,1,0,1,1,0,dom
38,73556706,Comoros,Botswana,0,5,5,0,5,ext
38,73556707,Mozambique,Burkina Faso,1,2,3,1,2,ext
38,73556708,Tunisia,Equatorial Guinea,2,1,3,2,1,dom
38,73556710,Algeria,Gabon,2,1,3,2,1,dom
38,73556711,Angola,Zambia,1,2,3,1,2,ext
38,73556712,Zimbabwe,DR Congo,2,1,3,2,1,dom
39,73556713,Sudan,Senegal,0,3,3,0,3,ext
39,73556714,Gabon,Comoros,1,1,2,1,1,nul
39,73556715,South Africa,Tanzania,0,1,1,0,1,ext
39,73556716,Equatorial Guinea,Mozambique,0,0,0,0,0,nul
39,73556718,Uganda,Algeria,2,0,2,2,0,dom
39,73556719,Egypt,Benin,1,0,1,1,0,dom
39,73556721,Botswana,Angola,1,1,2,1,1,nul
39,73556722,Burkina Faso,DR Congo,0,4,4,0,4,ext
39,73556723,Morocco,Cameroon,3,0,3,3,0,dom
39,73556724,Zambia,Ivory Coast,0,1,1,0,1,ext
40,73556725,Senegal,Morocco,1,0,1,1,0,dom
40,73556726,Burkina Faso,Nigeria,0,1,1,0,1,ext
40,73556727,Zimbabwe,Zambia,1,0,1,1,0,dom
40,73556730,Comoros,Uganda,0,2,2,0,2,ext
40,73556731,Benin,South Africa,3,1,4,3,1,dom
40,73556732,Angola,Gabon,1,1,2,1,1,nul
40,73556734,Ivory Coast,Botswana,2,0,2,2,0,dom
40,73556736,DR Congo,Equatorial Guinea,0,0,0,0,0,nul
41,73556737,Botswana,Zimbabwe,1,1,2,1,1,nul
41,73556738,Benin,Cameroon,1,0,1,1,0,dom
41,73556740,Uganda,Angola,0,0,0,0,0,nul
41,73556741,Morocco,Tunisia,0,0,0,0,0,nul
41,73556742,Egypt,Senegal,0,2,2,0,2,ext
41,73556743,Gabon,Ivory Coast,1,2,3,1,2,ext
41,73556744,South Africa,Algeria,1,0,1,1,0,dom
41,73556745,Mali,DR Congo,0,0,0,0,0,nul
41,73556746,Tanzania,Comoros,0,0,0,0,0,nul
41,73556748,Equatorial Guinea,Nigeria,0,1,1,0,1,ext
42,73556749,Burkina Faso,Botswana,2,0,2,2,0,dom
42,73556750,DR Congo,Sudan,2,1,3,2,1,dom
42,73556751,Cameroon,South Africa,2,2,4,2,2,nul
42,73556752,Tunisia,Egypt,3,1,4,3,1,dom
42,73556753,Ivory Coast,Uganda,0,0,0,0,0,nul
42,73556754,Angola,Tanzania,3,0,3,3,0,dom
42,73556755,Nigeria,Mali,3,0,3,3,0,dom
42,73556756,Comoros,Algeria,0,0,0,0,0,nul
42,73556757,Equatorial Guinea,Zambia,0,0,0,0,0,nul
42,73556758,Zimbabwe,Gabon,0,0,0,0,0,nul
42,73556759,Mozambique,Morocco,1,2,3,1,2,ext
42,73556760,Senegal,Benin,3,0,3,3,0,dom
43,73556761,Cameroon,Senegal,0,0,0,0,0,nul
43,73556762,Botswana,Equatorial Guinea,1,0,1,1,0,dom
43,73556765,Sudan,Nigeria,3,1,4,3,1,dom
43,73556766,South Africa,Comoros,0,0,0,0,0,nul
43,73556767,Uganda,Zimbabwe,1,0,1,1,0,dom
43,73556770,Gabon,Burkina Faso,0,0,0,0,0,nul
43,73556771,Tanzania,Ivory Coast,1,1,2,1,1,nul
43,73556772,Egypt,Mozambique,0,0,0,0,0,nul
44,73556775,Equatorial Guinea,Gabon,0,0,0,0,0,nul
44,73556776,Senegal,South Africa,3,1,4,3,1,dom
44,73556778,Ivory Coast,Algeria,3,0,3,3,0,dom
44,73556779,Zimbabwe,Tanzania,1,2,3,1,2,ext
44,73556780,Mozambique,Benin,4,0,4,4,0,dom
44,73556781,Mali,Botswana,0,0,0,0,0,nul
44,73556783,Nigeria,Morocco,2,1,3,2,1,dom
44,73556784,Zambia,Sudan,0,1,1,0,1,ext
45,73556786,Egypt,Nigeria,0,2,2,0,2,ext
45,73556788,Benin,DR Congo,2,0,2,2,0,dom
45,73556789,Gabon,Mali,0,0,0,0,0,nul
45,73556790,Uganda,Equatorial Guinea,0,0,0,0,0,nul
45,73556791,Cameroon,Mozambique,3,0,3,3,0,dom
45,73556792,Senegal,Tunisia,1,1,2,1,1,nul
45,73556793,Morocco,Zambia,2,1,3,2,1,dom
45,73556794,Tanzania,Burkina Faso,0,0,0,0,0,nul
45,73556795,South Africa,Angola,0,0,0,0,0,nul
45,73556796,Comoros,Ivory Coast,0,0,0,0,0,nul
46,73556797,DR Congo,Cameroon,0,0,0,0,0,nul
46,73556798,Sudan,Gabon,1,0,1,1,0,dom
46,73556799,Equatorial Guinea,Tanzania,2,1,3,2,1,dom
46,73556800,Tunisia,South Africa,0,0,0,0,0,nul
46,73556802,Nigeria,Benin,1,2,3,1,2,ext
46,73556803,Burkina Faso,Algeria,2,1,3,2,1,dom
46,73556804,Zambia,Egypt,0,0,0,0,0,nul
46,73556805,Zimbabwe,Comoros,1,1,2,1,1,nul
46,73556806,Botswana,Morocco,1,0,1,1,0,dom
46,73556807,Mali,Uganda,3,1,4,3,1,dom
46,73556808,Ivory Coast,Angola,1,1,2,1,1,nul
1,73564689,Equatorial Guinea,Comoros,2,0,2,2,0,dom
1,73564690,Zimbabwe,Benin,2,1,3,2,1,dom
1,73564693,Cameroon,Ivory Coast,1,1,2,1,1,nul
1,73564694,DR Congo,Nigeria,0,3,3,0,3,ext
1,73564696,Mozambique,Sudan,2,0,2,2,0,dom
1,73564697,Gabon,Algeria,0,3,3,0,3,ext
1,73564698,Angola,Zambia,1,0,1,1,0,dom
1,73564699,Mali,Senegal,0,0,0,0,0,nul
1,73564700,Burkina Faso,Tanzania,1,0,1,1,0,dom
2,73564702,Zimbabwe,DR Congo,0,0,0,0,0,nul
2,73564704,Tanzania,Cameroon,2,0,2,2,0,dom
2,73564706,Tunisia,Equatorial Guinea,3,0,3,3,0,dom
2,73564708,Uganda,Mozambique,0,0,0,0,0,nul
2,73564709,Sudan,Senegal,1,0,1,1,0,dom
2,73564710,Zambia,Gabon,2,1,3,2,1,dom
2,73564711,Algeria,Morocco,4,0,4,4,0,dom
2,73564712,Comoros,Mali,4,0,4,4,0,dom
3,73564715,Equatorial Guinea,Ivory Coast,1,2,3,1,2,ext
3,73564716,Mozambique,Algeria,1,2,3,1,2,ext
3,73564717,Burkina Faso,Benin,0,0,0,0,0,nul
3,73564718,Gabon,Nigeria,3,0,3,3,0,dom
3,73564720,South Africa,Tanzania,0,0,0,0,0,nul
3,73564721,Morocco,Zambia,0,1,1,0,1,ext
3,73564722,Comoros,Tunisia,2,1,3,2,1,dom
3,73564723,Angola,Zimbabwe,0,0,0,0,0,nul
3,73564724,Egypt,DR Congo,2,0,2,2,0,dom
4,73564725,Uganda,Sudan,1,1,2,1,1,nul
4,73564726,Nigeria,Morocco,0,1,1,0,1,ext
4,73564727,Tunisia,Mali,1,1,2,1,1,nul
4,73564729,Algeria,Senegal,0,1,1,0,1,ext
4,73564730,Egypt,Angola,0,0,0,0,0,nul
4,73564731,Ivory Coast,Comoros,1,2,3,1,2,ext
4,73564734,Tanzania,Equatorial Guinea,2,0,2,2,0,dom
4,73564735,Benin,Cameroon,1,0,1,1,0,dom
5,73564737,South Africa,Benin,0,0,0,0,0,nul
5,73564738,Comoros,Tanzania,0,0,0,0,0,nul
5,73564739,Sudan,Algeria,1,1,2,1,1,nul
5,73564740,Senegal,Zambia,2,0,2,2,0,dom
5,73564741,Burkina Faso,Angola,0,0,0,0,0,nul
5,73564742,Cameroon,DR Congo,2,2,4,2,2,nul
5,73564743,Equatorial Guinea,Botswana,2,0,2,2,0,dom
5,73564745,Morocco,Zimbabwe,2,0,2,2,0,dom
5,73564746,Mali,Uganda,4,2,6,4,2,dom
5,73564748,Gabon,Egypt,2,0,2,2,0,dom
6,73564749,Zambia,Sudan,4,0,4,4,0,dom
6,73564750,Egypt,Morocco,3,0,3,3,0,dom
6,73564751,Burkina Faso,Gabon,1,1,2,1,1,nul
6,73564752,Botswana,Comoros,0,2,2,0,2,ext
6,73564753,Angola,Cameroon,1,0,1,1,0,dom
6,73564754,Ivory Coast,Mali,3,0,3,3,0,dom
6,73564755,DR Congo,South Africa,0,0,0,0,0,nul
6,73564756,Tanzania,Tunisia,0,0,0,0,0,nul
6,73564757,Zimbabwe,Mozambique,1,2,3,1,2,ext
6,73564758,Benin,Equatorial Guinea,4,0,4,4,0,dom
6,73564759,Nigeria,Senegal,1,1,2,1,1,nul
6,73564760,Algeria,Uganda,4,1,5,4,1,dom
7,73564762,Sudan,Nigeria,2,2,4,2,2,nul
7,73564764,Tunisia,Botswana,2,0,2,2,0,dom
7,73564765,Cameroon,Gabon,2,0,2,2,0,dom
7,73564766,South Africa,Angola,3,1,4,3,1,dom
7,73564767,Equatorial Guinea,DR Congo,0,0,0,0,0,nul
7,73564768,Mozambique,Egypt,0,1,1,0,1,ext
7,73564769,Uganda,Zambia,0,0,0,0,0,nul
7,73564770,Morocco,Burkina Faso,2,0,2,2,0,dom
7,73564772,Mali,Algeria,1,2,3,1,2,ext
8,73564773,Burkina Faso,Mozambique,1,1,2,1,1,nul
8,73564774,Benin,Tunisia,0,0,0,0,0,nul
8,73564776,Nigeria,Uganda,0,0,0,0,0,nul
8,73564777,Tanzania,Mali,0,0,0,0,0,nul
8,73564778,Zambia,Algeria,2,0,2,2,0,dom
8,73564779,Angola,Equatorial Guinea,1,0,1,1,0,dom
8,73564780,Gabon,South Africa,3,3,6,3,3,nul
8,73564781,Cameroon,Morocco,2,1,3,2,1,dom
8,73564783,DR Congo,Comoros,0,1,1,0,1,ext
8,73564784,Egypt,Senegal,0,0,0,0,0,nul
9,73564786,Mali,Zambia,0,0,0,0,0,nul
9,73564787,Sudan,Egypt,0,6,6,0,6,ext
9,73564788,Tunisia,DR Congo,0,0,0,0,0,nul
9,73564789,Tanzania,Botswana,0,0,0,0,0,nul
9,73564790,Mozambique,Cameroon,1,1,2,1,1,nul
9,73564791,Equatorial Guinea,Gabon,0,0,0,0,0,nul
9,73564792,Comoros,Angola,1,0,1,1,0,dom
9,73564793,Algeria,Nigeria,2,0,2,2,0,dom
9,73564794,Uganda,Zimbabwe,0,0,0,0,0,nul
9,73564795,Senegal,Burkina Faso,4,0,4,4,0,dom
10,73564797,Angola,Tunisia,2,1,3,2,1,dom
10,73564799,Nigeria,Zambia,0,3,3,0,3,ext
10,73564800,South Africa,Mozambique,1,0,1,1,0,dom
10,73564803,Botswana,Mali,1,0,1,1,0,dom
10,73564804,Cameroon,Senegal,0,1,1,0,1,ext
10,73564806,Gabon,Comoros,1,1,2,1,1,nul
10,73564807,DR Congo,Ivory Coast,2,0,2,2,0,dom
10,73564808,Benin,Tanzania,0,0,0,0,0,nul
11,73564809,Uganda,Burkina Faso,2,2,4,2,2,nul
11,73564810,Equatorial Guinea,Mozambique,0,2,2,0,2,ext
11,73564811,Mali,Nigeria,1,0,1,1,0,dom
11,73564812,Sudan,Cameroon,0,1,1,0,1,ext
11,73564813,Algeria,Egypt,0,0,0,0,0,nul
11,73564814,Ivory Coast,Angola,0,0,0,0,0,nul
11,73564815,Comoros,Morocco,0,0,0,0,0,nul
11,73564818,Tunisia,Gabon,0,0,0,0,0,nul
11,73564819,Botswana,Benin,0,0,0,0,0,nul
11,73564820,Zambia,Zimbabwe,0,0,0,0,0,nul
12,73564821,Angola,Tanzania,0,3,3,0,3,ext
12,73564822,Egypt,Zambia,1,0,1,1,0,dom
12,73564823,Burkina Faso,Algeria,0,3,3,0,3,ext
12,73564824,Equatorial Guinea,Senegal,0,1,1,0,1,ext
12,73564826,Zimbabwe,Nigeria,0,0,0,0,0,nul
12,73564828,Morocco,Tunisia,1,0,1,1,0,dom
12,73564829,South Africa,Sudan,2,0,2,2,0,dom
12,73564830,Gabon,Ivory Coast,1,0,1,1,0,dom
12,73564831,Benin,Mali,0,0,0,0,0,nul
12,73564832,Mozambique,Comoros,1,2,3,1,2,ext
13,73564833,Comoros,Senegal,1,1,2,1,1,nul
13,73564834,Mali,Zimbabwe,3,0,3,3,0,dom
13,73564835,Algeria,Cameroon,1,0,1,1,0,dom
13,73564836,Zambia,Burkina Faso,4,0,4,4,0,dom
13,73564837,Tanzania,Gabon,0,1,1,0,1,ext
13,73564839,Uganda,South Africa,0,1,1,0,1,ext
13,73564841,Tunisia,Mozambique,1,2,3,1,2,ext
13,73564842,Benin,DR Congo,1,1,2,1,1,nul
13,73564843,Ivory Coast,Morocco,2,0,2,2,0,dom
13,73564844,Sudan,Equatorial Guinea,2,0,2,2,0,dom
14,73564846,Equatorial Guinea,Uganda,0,1,1,0,1,ext
14,73564847,Egypt,Zimbabwe,1,0,1,1,0,dom
14,73564848,Morocco,Tanzania,2,0,2,2,0,dom
14,73564849,South Africa,Algeria,0,2,2,0,2,ext
14,73564850,Cameroon,Zambia,2,0,2,2,0,dom
14,73564851,Senegal,Tunisia,0,0,0,0,0,nul
14,73564852,Angola,Benin,4,0,4,4,0,dom
14,73564853,Gabon,Botswana,1,2,3,1,2,ext
14,73564854,Mozambique,Ivory Coast,0,1,1,0,1,ext
14,73564855,Burkina Faso,Nigeria,2,0,2,2,0,dom
14,73564856,Comoros,Sudan,0,1,1,0,1,ext
15,73564857,Zimbabwe,Burkina Faso,2,1,3,2,1,dom
15,73564858,Algeria,Equatorial Guinea,2,0,2,2,0,dom
15,73564859,Tanzania,Mozambique,0,1,1,0,1,ext
15,73564860,Nigeria,Cameroon,0,0,0,0,0,nul
15,73564862,Botswana,Morocco,0,2,2,0,2,ext
15,73564863,Tunisia,Sudan,6,0,6,6,0,dom
15,73564864,Benin,Gabon,2,1,3,2,1,dom
15,73564866,Ivory Coast,Senegal,1,0,1,1,0,dom
15,73564867,Zambia,South Africa,1,1,2,1,1,nul
15,73564868,Uganda,Comoros,2,0,2,2,0,dom
16,73564869,Tunisia,Uganda,4,0,4,4,0,dom
16,73564870,Equatorial Guinea,Zambia,1,0,1,1,0,dom
16,73564871,Burkina Faso,Egypt,1,0,1,1,0,dom
16,73564872,Morocco,Benin,0,2,2,0,2,ext
16,73564873,Cameroon,Zimbabwe,2,1,3,2,1,dom
16,73564874,Sudan,Ivory Coast,1,1,2,1,1,nul
16,73564876,Gabon,DR Congo,4,0,4,4,0,dom
16,73564878,South Africa,Nigeria,1,1,2,1,1,nul
16,73564879,Senegal,Tanzania,1,3,4,1,3,ext
16,73564880,Comoros,Algeria,0,0,0,0,0,nul
17,73564882,Zambia,Comoros,0,0,0,0,0,nul
17,73564884,Angola,Gabon,1,0,1,1,0,dom
17,73564885,Benin,Mozambique,0,0,0,0,0,nul
17,73564886,Tanzania,Sudan,0,0,0,0,0,nul
17,73564889,DR Congo,Morocco,0,2,2,0,2,ext
17,73564890,Mali,Burkina Faso,2,0,2,2,0,dom
17,73564891,Ivory Coast,Uganda,2,0,2,2,0,dom
17,73564892,Algeria,Tunisia,1,0,1,1,0,dom
18,73564893,Morocco,Angola,1,0,1,1,0,dom
18,73564894,Gabon,Mali,1,1,2,1,1,nul
18,73564895,Tunisia,Zambia,1,1,2,1,1,nul
18,73564896,Mozambique,DR Congo,0,4,4,0,4,ext
18,73564897,Comoros,Nigeria,0,0,0,0,0,nul
18,73564898,Sudan,Botswana,1,0,1,1,0,dom
18,73564899,Senegal,Benin,2,0,2,2,0,dom
18,73564900,Cameroon,Burkina Faso,2,0,2,2,0,dom
18,73564901,Equatorial Guinea,Zimbabwe,0,0,0,0,0,nul
18,73564903,Ivory Coast,Algeria,2,1,3,2,1,dom
18,73564904,South Africa,Egypt,1,3,4,1,3,ext
19,73564905,Zimbabwe,Comoros,2,0,2,2,0,dom
19,73564906,Benin,Sudan,3,0,3,3,0,dom
19,73564908,Gabon,Morocco,1,0,1,1,0,dom
19,73564909,Burkina Faso,South Africa,1,1,2,1,1,nul
19,73564911,Egypt,Equatorial Guinea,4,0,4,4,0,dom
19,73564912,Angola,Mozambique,3,3,6,3,3,nul
19,73564913,Nigeria,Tunisia,0,0,0,0,0,nul
19,73564914,Botswana,Uganda,1,0,1,1,0,dom
19,73564916,Mali,Cameroon,3,0,3,3,0,dom
20,73564917,Sudan,DR Congo,0,3,3,0,3,ext
20,73564918,Mozambique,Gabon,1,0,1,1,0,dom
20,73564919,Senegal,Angola,3,0,3,3,0,dom
20,73564920,Morocco,Mali,3,0,3,3,0,dom
20,73564921,Ivory Coast,Nigeria,2,0,2,2,0,dom
20,73564923,South Africa,Cameroon,4,0,4,4,0,dom
20,73564924,Tanzania,Zambia,0,0,0,0,0,nul
20,73564925,Comoros,Egypt,0,0,0,0,0,nul
20,73564926,Uganda,Benin,2,0,2,2,0,dom
20,73564927,Equatorial Guinea,Burkina Faso,4,0,4,4,0,dom
21,73564929,Angola,Sudan,0,0,0,0,0,nul
21,73564930,Nigeria,Tanzania,1,0,1,1,0,dom
21,73564931,Egypt,Tunisia,5,0,5,5,0,dom
21,73564932,Gabon,Senegal,0,0,0,0,0,nul
21,73564933,Cameroon,Equatorial Guinea,1,1,2,1,1,nul
21,73564935,Burkina Faso,Comoros,1,0,1,1,0,dom
21,73564936,Morocco,Mozambique,0,0,0,0,0,nul
21,73564938,DR Congo,Uganda,0,0,0,0,0,nul
21,73564939,Mali,South Africa,0,2,2,0,2,ext
22,73564941,Senegal,Morocco,2,0,2,2,0,dom
22,73564942,Uganda,Angola,0,0,0,0,0,nul
22,73564944,Algeria,DR Congo,1,0,1,1,0,dom
22,73564945,Tunisia,Burkina Faso,0,0,0,0,0,nul
22,73564946,Zambia,Benin,0,2,2,0,2,ext
22,73564947,Equatorial Guinea,South Africa,0,0,0,0,0,nul
22,73564948,Mozambique,Mali,0,0,0,0,0,nul
22,73564949,Botswana,Nigeria,0,0,0,0,0,nul
22,73564950,Tanzania,Zimbabwe,1,1,2,1,1,nul
22,73564951,Sudan,Gabon,0,0,0,0,0,nul
23,73564953,Cameroon,Tunisia,0,0,0,0,0,nul
23,73564956,Gabon,Uganda,0,2,2,0,2,ext
23,73564957,DR Congo,Zambia,0,0,0,0,0,nul
23,73564959,Mozambique,Senegal,1,0,1,1,0,dom
23,73564962,Angola,Algeria,0,0,0,0,0,nul
23,73564963,Zimbabwe,Botswana,0,0,0,0,0,nul
23,73564964,South Africa,Comoros,0,0,0,0,0,nul
24,73564965,Comoros,Equatorial Guinea,0,1,1,0,1,ext
24,73564966,Benin,Zimbabwe,2,0,2,2,0,dom
24,73564967,Uganda,Morocco,1,0,1,1,0,dom
24,73564970,Nigeria,DR Congo,4,0,4,4,0,dom
24,73564972,Sudan,Mozambique,1,0,1,1,0,dom
24,73564973,Algeria,Gabon,0,0,0,0,0,nul
24,73564974,Zambia,Angola,0,0,0,0,0,nul
24,73564976,Tanzania,Burkina Faso,0,1,1,0,1,ext
25,73564978,DR Congo,Zimbabwe,1,0,1,1,0,dom
25,73564980,Cameroon,Tanzania,2,2,4,2,2,nul
25,73564982,Equatorial Guinea,Tunisia,1,0,1,1,0,dom
25,73564984,Mozambique,Uganda,0,0,0,0,0,nul
25,73564985,Senegal,Sudan,3,0,3,3,0,dom
25,73564986,Gabon,Zambia,0,1,1,0,1,ext
25,73564987,Morocco,Algeria,2,0,2,2,0,dom
25,73564988,Mali,Comoros,0,0,0,0,0,nul
26,73564991,Ivory Coast,Equatorial Guinea,4,1,5,4,1,dom
26,73564992,Algeria,Mozambique,4,0,4,4,0,dom
26,73564993,Benin,Burkina Faso,5,0,5,5,0,dom
26,73564994,Nigeria,Gabon,2,1,3,2,1,dom
26,73564996,Tanzania,South Africa,0,1,1,0,1,ext
26,73564997,Zambia,Morocco,0,1,1,0,1,ext
26,73564998,Tunisia,Comoros,1,0,1,1,0,dom
26,73564999,Zimbabwe,Angola,3,0,3,3,0,dom
26,73565000,DR Congo,Egypt,0,1,1,0,1,ext
27,73565001,Sudan,Uganda,1,1,2,1,1,nul
27,73565002,Morocco,Nigeria,0,1,1,0,1,ext
27,73565003,Mali,Tunisia,1,0,1,1,0,dom
27,73565005,Senegal,Algeria,0,3,3,0,3,ext
27,73565006,Angola,Egypt,0,0,0,0,0,nul
27,73565007,Comoros,Ivory Coast,2,0,2,2,0,dom
27,73565010,Equatorial Guinea,Tanzania,0,0,0,0,0,nul
27,73565011,Cameroon,Benin,2,0,2,2,0,dom
28,73565013,Benin,South Africa,2,1,3,2,1,dom
28,73565014,Tanzania,Comoros,0,1,1,0,1,ext
28,73565015,Algeria,Sudan,4,0,4,4,0,dom
28,73565016,Zambia,Senegal,1,0,1,1,0,dom
28,73565017,Angola,Burkina Faso,1,0,1,1,0,dom
28,73565018,DR Congo,Cameroon,0,0,0,0,0,nul
28,73565019,Botswana,Equatorial Guinea,0,2,2,0,2,ext
28,73565021,Zimbabwe,Morocco,0,3,3,0,3,ext
28,73565022,Uganda,Mali,0,0,0,0,0,nul
28,73565024,Egypt,Gabon,4,1,5,4,1,dom
29,73565025,Sudan,Zambia,1,1,2,1,1,nul
29,73565026,Morocco,Egypt,1,0,1,1,0,dom
29,73565027,Gabon,Burkina Faso,2,0,2,2,0,dom
29,73565028,Comoros,Botswana,0,3,3,0,3,ext
29,73565029,Cameroon,Angola,0,0,0,0,0,nul
29,73565030,Mali,Ivory Coast,0,0,0,0,0,nul
29,73565031,South Africa,DR Congo,0,1,1,0,1,ext
29,73565032,Tunisia,Tanzania,0,0,0,0,0,nul
29,73565033,Mozambique,Zimbabwe,6,0,6,6,0,dom
29,73565034,Equatorial Guinea,Benin,1,1,2,1,1,nul
29,73565035,Senegal,Nigeria,3,0,3,3,0,dom
29,73565036,Uganda,Algeria,0,1,1,0,1,ext
30,73565038,Nigeria,Sudan,2,0,2,2,0,dom
30,73565040,Botswana,Tunisia,0,1,1,0,1,ext
30,73565041,Gabon,Cameroon,0,0,0,0,0,nul
30,73565042,Angola,South Africa,2,0,2,2,0,dom
30,73565043,DR Congo,Equatorial Guinea,1,1,2,1,1,nul
30,73565045,Zambia,Uganda,0,0,0,0,0,nul
30,73565046,Burkina Faso,Morocco,1,3,4,1,3,ext
30,73565048,Algeria,Mali,1,0,1,1,0,dom
31,73565049,Mozambique,Burkina Faso,0,1,1,0,1,ext
31,73565050,Tunisia,Benin,4,0,4,4,0,dom
31,73565052,Uganda,Nigeria,0,1,1,0,1,ext
31,73565053,Mali,Tanzania,0,0,0,0,0,nul
31,73565054,Algeria,Zambia,3,1,4,3,1,dom
31,73565055,Equatorial Guinea,Angola,0,0,0,0,0,nul
31,73565056,South Africa,Gabon,3,2,5,3,2,dom
31,73565057,Morocco,Cameroon,2,0,2,2,0,dom
31,73565059,Comoros,DR Congo,2,2,4,2,2,nul
32,73565061,Morocco,South Africa,0,1,1,0,1,ext
32,73565062,Zambia,Mali,0,0,0,0,0,nul
32,73565063,Egypt,Sudan,0,0,0,0,0,nul
32,73565064,DR Congo,Tunisia,1,0,1,1,0,dom
32,73565065,Botswana,Tanzania,0,0,0,0,0,nul
32,73565066,Cameroon,Mozambique,0,1,1,0,1,ext
32,73565067,Gabon,Equatorial Guinea,4,0,4,4,0,dom
32,73565068,Angola,Comoros,0,0,0,0,0,nul
32,73565069,Nigeria,Algeria,0,0,0,0,0,nul
32,73565070,Zimbabwe,Uganda,0,1,1,0,1,ext
32,73565071,Burkina Faso,Senegal,0,3,3,0,3,ext
33,73565075,Zambia,Nigeria,0,0,0,0,0,nul
33,73565078,Sudan,Burkina Faso,1,4,5,1,4,ext
33,73565079,Mali,Botswana,0,0,0,0,0,nul
33,73565080,Senegal,Cameroon,0,0,0,0,0,nul
33,73565082,Comoros,Gabon,3,3,6,3,3,nul
33,73565083,Ivory Coast,DR Congo,3,0,3,3,0,dom
33,73565084,Tanzania,Benin,0,0,0,0,0,nul
34,73565085,Burkina Faso,Uganda,0,2,2,0,2,ext
34,73565086,Mozambique,Equatorial Guinea,2,3,5,2,3,ext
34,73565087,Nigeria,Mali,0,0,0,0,0,nul
34,73565089,Egypt,Algeria,1,0,1,1,0,dom
34,73565090,Angola,Ivory Coast,2,1,3,2,1,dom
34,73565091,Morocco,Comoros,1,1,2,1,1,nul
34,73565094,Gabon,Tunisia,0,1,1,0,1,ext
34,73565095,Benin,Botswana,0,2,2,0,2,ext
34,73565096,Zimbabwe,Zambia,2,3,5,2,3,ext
35,73565097,Tanzania,Angola,1,2,3,1,2,ext
35,73565099,Algeria,Burkina Faso,0,0,0,0,0,nul
35,73565100,Senegal,Equatorial Guinea,2,1,3,2,1,dom
35,73565102,Nigeria,Zimbabwe,0,0,0,0,0,nul
35,73565105,Sudan,South Africa,1,0,1,1,0,dom
35,73565106,Ivory Coast,Gabon,4,0,4,4,0,dom
35,73565107,Mali,Benin,0,0,0,0,0,nul
35,73565108,Comoros,Mozambique,1,0,1,1,0,dom
36,73565109,Senegal,Comoros,6,0,6,6,0,dom
36,73565110,Zimbabwe,Mali,0,1,1,0,1,ext
36,73565111,Cameroon,Algeria,2,1,3,2,1,dom
36,73565112,Burkina Faso,Zambia,0,0,0,0,0,nul
36,73565113,Gabon,Tanzania,1,1,2,1,1,nul
36,73565115,South Africa,Uganda,2,1,3,2,1,dom
36,73565117,Mozambique,Tunisia,0,0,0,0,0,nul
36,73565118,DR Congo,Benin,1,0,1,1,0,dom
36,73565119,Morocco,Ivory Coast,1,1,2,1,1,nul
36,73565120,Equatorial Guinea,Sudan,2,0,2,2,0,dom
37,73565122,Uganda,Equatorial Guinea,2,2,4,2,2,nul
37,73565123,Zimbabwe,Egypt,0,0,0,0,0,nul
37,73565124,Tanzania,Morocco,2,1,3,2,1,dom
37,73565125,Algeria,South Africa,0,5,5,0,5,ext
37,73565126,Zambia,Cameroon,3,0,3,3,0,dom
37,73565127,Tunisia,Senegal,0,0,0,0,0,nul
37,73565128,Benin,Angola,1,0,1,1,0,dom
37,73565130,Ivory Coast,Mozambique,1,0,1,1,0,dom
37,73565131,Nigeria,Burkina Faso,1,0,1,1,0,dom
37,73565132,Sudan,Comoros,1,0,1,1,0,dom
38,73565133,Burkina Faso,Zimbabwe,2,2,4,2,2,nul
38,73565134,Equatorial Guinea,Algeria,1,3,4,1,3,ext
38,73565135,Mozambique,Tanzania,0,0,0,0,0,nul
38,73565136,Cameroon,Nigeria,0,1,1,0,1,ext
38,73565138,Morocco,Botswana,3,0,3,3,0,dom
38,73565139,Sudan,Tunisia,0,3,3,0,3,ext
38,73565140,Gabon,Benin,4,1,5,4,1,dom
38,73565141,Egypt,Mali,1,3,4,1,3,ext
38,73565142,Senegal,Ivory Coast,3,2,5,3,2,dom
38,73565143,South Africa,Zambia,1,1,2,1,1,nul
38,73565144,Comoros,Uganda,1,1,2,1,1,nul
39,73565145,Uganda,Tunisia,0,1,1,0,1,ext
39,73565147,Egypt,Burkina Faso,3,0,3,3,0,dom
39,73565148,Benin,Morocco,1,1,2,1,1,nul
39,73565149,Zimbabwe,Cameroon,1,0,1,1,0,dom
39,73565150,Ivory Coast,Sudan,5,0,5,5,0,dom
39,73565152,DR Congo,Gabon,1,1,2,1,1,nul
39,73565154,Nigeria,South Africa,2,0,2,2,0,dom
39,73565155,Tanzania,Senegal,0,1,1,0,1,ext
40,73565160,Gabon,Angola,0,1,1,0,1,ext
40,73565161,Mozambique,Benin,0,1,1,0,1,ext
40,73565162,Sudan,Tanzania,1,4,5,1,4,ext
40,73565165,Morocco,DR Congo,0,0,0,0,0,nul
40,73565166,Burkina Faso,Mali,0,0,0,0,0,nul
40,73565167,Uganda,Ivory Coast,1,0,1,1,0,dom
40,73565168,Tunisia,Algeria,2,1,3,2,1,dom
41,73565169,Angola,Morocco,1,3,4,1,3,ext
41,73565170,Mali,Gabon,3,0,3,3,0,dom
41,73565171,Zambia,Tunisia,0,0,0,0,0,nul
41,73565172,DR Congo,Mozambique,0,0,0,0,0,nul
41,73565173,Nigeria,Comoros,1,0,1,1,0,dom
41,73565174,Botswana,Sudan,2,0,2,2,0,dom
41,73565175,Benin,Senegal,0,0,0,0,0,nul
41,73565176,Burkina Faso,Cameroon,1,2,3,1,2,ext
41,73565177,Zimbabwe,Equatorial Guinea,4,0,4,4,0,dom
41,73565179,Algeria,Ivory Coast,2,1,3,2,1,dom
41,73565180,Egypt,South Africa,1,0,1,1,0,dom
42,73565181,Comoros,Zimbabwe,0,1,1,0,1,ext
42,73565182,Sudan,Benin,2,3,5,2,3,ext
42,73565184,Morocco,Gabon,4,1,5,4,1,dom
42,73565185,South Africa,Burkina Faso,3,0,3,3,0,dom
42,73565187,Equatorial Guinea,Egypt,0,2,2,0,2,ext
42,73565188,Mozambique,Angola,0,0,0,0,0,nul
42,73565189,Tunisia,Nigeria,1,0,1,1,0,dom
42,73565190,Uganda,Botswana,1,1,2,1,1,nul
42,73565192,Cameroon,Mali,0,1,1,0,1,ext
43,73565193,DR Congo,Sudan,3,0,3,3,0,dom
43,73565195,Angola,Senegal,0,2,2,0,2,ext
43,73565196,Mali,Morocco,1,0,1,1,0,dom
43,73565197,Nigeria,Ivory Coast,1,0,1,1,0,dom
43,73565199,Cameroon,South Africa,6,0,6,6,0,dom
43,73565200,Zambia,Tanzania,0,1,1,0,1,ext
43,73565201,Egypt,Comoros,0,0,0,0,0,nul
43,73565202,Benin,Uganda,2,2,4,2,2,nul
43,73565203,Burkina Faso,Equatorial Guinea,0,1,1,0,1,ext
44,73565205,Sudan,Angola,1,0,1,1,0,dom
44,73565206,Tanzania,Nigeria,0,0,0,0,0,nul
44,73565207,Tunisia,Egypt,0,0,0,0,0,nul
44,73565208,Senegal,Gabon,1,0,1,1,0,dom
44,73565209,Equatorial Guinea,Cameroon,0,0,0,0,0,nul
44,73565210,Ivory Coast,Zimbabwe,1,0,1,1,0,dom
44,73565211,Comoros,Burkina Faso,1,1,2,1,1,nul
44,73565212,Mozambique,Morocco,0,1,1,0,1,ext
44,73565213,Zambia,Botswana,0,1,1,0,1,ext
44,73565214,Uganda,DR Congo,0,0,0,0,0,nul
44,73565216,Algeria,Benin,2,0,2,2,0,dom
45,73565217,Morocco,Senegal,1,0,1,1,0,dom
45,73565218,Angola,Uganda,1,1,2,1,1,nul
45,73565220,DR Congo,Algeria,0,0,0,0,0,nul
45,73565221,Burkina Faso,Tunisia,0,0,0,0,0,nul
45,73565222,Benin,Zambia,2,0,2,2,0,dom
45,73565223,South Africa,Equatorial Guinea,1,0,1,1,0,dom
45,73565224,Mali,Mozambique,3,0,3,3,0,dom
45,73565225,Nigeria,Botswana,2,1,3,2,1,dom
45,73565226,Zimbabwe,Tanzania,1,0,1,1,0,dom
45,73565227,Gabon,Sudan,1,0,1,1,0,dom
45,73565228,Egypt,Ivory Coast,0,0,0,0,0,nul
46,73565229,Tunisia,Cameroon,0,1,1,0,1,ext
46,73565230,Equatorial Guinea,Mali,1,0,1,1,0,dom
46,73565232,Uganda,Gabon,2,0,2,2,0,dom
46,73565233,Zambia,DR Congo,2,0,2,2,0,dom
46,73565235,Senegal,Mozambique,3,2,5,3,2,dom
46,73565238,Algeria,Angola,1,1,2,1,1,nul
46,73565239,Botswana,Zimbabwe,1,3,4,1,3,ext
1,73568796,Mali,Angola,2,0,2,2,0,dom
1,73568797,Nigeria,Ivory Coast,2,1,3,2,1,dom
1,73568798,Tanzania,Algeria,0,0,0,0,0,nul
1,73568799,Morocco,Sudan,0,0,0,0,0,nul
1,73568800,Equatorial Guinea,Uganda,1,1,2,1,1,nul
1,73568803,Zambia,Zimbabwe,2,0,2,2,0,dom
1,73568804,Gabon,South Africa,0,3,3,0,3,ext
1,73568805,DR Congo,Egypt,1,0,1,1,0,dom
1,73568806,Cameroon,Tunisia,0,0,0,0,0,nul
1,73568807,Benin,Botswana,1,0,1,1,0,dom
2,73568810,Algeria,Mali,0,0,0,0,0,nul
2,73568811,Burkina Faso,Equatorial Guinea,2,0,2,2,0,dom
2,73568813,Angola,Comoros,3,0,3,3,0,dom
2,73568814,Egypt,Tanzania,2,1,3,2,1,dom
2,73568815,Botswana,Cameroon,0,0,0,0,0,nul
2,73568816,Zambia,DR Congo,1,0,1,1,0,dom
2,73568817,Zimbabwe,Senegal,2,1,3,2,1,dom
2,73568818,Ivory Coast,Gabon,4,0,4,4,0,dom
2,73568819,South Africa,Benin,4,0,4,4,0,dom
3,73568822,Nigeria,Mozambique,1,2,3,1,2,ext
3,73568823,Botswana,South Africa,1,2,3,1,2,ext
3,73568824,Equatorial Guinea,Angola,0,0,0,0,0,nul
3,73568825,Cameroon,Uganda,3,0,3,3,0,dom
3,73568827,Mali,Egypt,0,0,0,0,0,nul
3,73568828,Gabon,Sudan,0,1,1,0,1,ext
3,73568829,Tunisia,Burkina Faso,2,1,3,2,1,dom
3,73568831,Comoros,Algeria,2,0,2,2,0,dom
4,73568833,Angola,Tunisia,1,0,1,1,0,dom
4,73568835,Zimbabwe,Nigeria,3,1,4,3,1,dom
4,73568836,Zambia,Mali,2,0,2,2,0,dom
4,73568837,Egypt,Comoros,1,0,1,1,0,dom
4,73568838,Burkina Faso,Uganda,2,2,4,2,2,nul
4,73568840,Senegal,Tanzania,1,0,1,1,0,dom
4,73568841,Ivory Coast,Botswana,1,0,1,1,0,dom
4,73568842,South Africa,Cameroon,0,0,0,0,0,nul
4,73568843,Algeria,Equatorial Guinea,0,0,0,0,0,nul
5,73568844,Morocco,Tanzania,3,0,3,3,0,dom
5,73568846,Mali,Senegal,2,0,2,2,0,dom
5,73568847,Uganda,Angola,0,0,0,0,0,nul
5,73568848,Comoros,Zambia,1,0,1,1,0,dom
5,73568849,Nigeria,DR Congo,1,0,1,1,0,dom
5,73568850,South Africa,Ivory Coast,0,0,0,0,0,nul
5,73568853,Equatorial Guinea,Egypt,0,1,1,0,1,ext
5,73568854,Tunisia,Algeria,0,0,0,0,0,nul
6,73568856,Senegal,Comoros,2,0,2,2,0,dom
6,73568858,Morocco,Mali,2,0,2,2,0,dom
6,73568859,Sudan,South Africa,2,3,5,2,3,ext
6,73568861,Tanzania,Nigeria,0,0,0,0,0,nul
6,73568862,Angola,Burkina Faso,1,0,1,1,0,dom
6,73568864,Zimbabwe,Benin,2,0,2,2,0,dom
6,73568867,Egypt,Tunisia,0,0,0,0,0,nul
7,73568868,Benin,DR Congo,1,1,2,1,1,nul
7,73568870,Uganda,Egypt,0,0,0,0,0,nul
7,73568871,Cameroon,Angola,0,1,1,0,1,ext
7,73568872,Gabon,Tanzania,1,2,3,1,2,ext
7,73568873,Ivory Coast,Sudan,0,0,0,0,0,nul
7,73568874,Burkina Faso,Algeria,2,0,2,2,0,dom
7,73568875,Tunisia,Zambia,2,0,2,2,0,dom
7,73568876,Equatorial Guinea,Senegal,0,0,0,0,0,nul
7,73568877,Nigeria,Mali,0,0,0,0,0,nul
7,73568879,South Africa,Mozambique,2,0,2,2,0,dom
8,73568880,Egypt,Burkina Faso,3,1,4,3,1,dom
8,73568881,Zimbabwe,South Africa,2,2,4,2,2,nul
8,73568882,Mozambique,Ivory Coast,0,0,0,0,0,nul
8,73568883,Mali,Gabon,1,1,2,1,1,nul
8,73568884,Sudan,Cameroon,0,0,0,0,0,nul
8,73568886,Morocco,Equatorial Guinea,1,0,1,1,0,dom
8,73568887,Zambia,Uganda,1,0,1,1,0,dom
8,73568888,DR Congo,Botswana,1,1,2,1,1,nul
8,73568889,Senegal,Tunisia,0,0,0,0,0,nul
8,73568890,Tanzania,Benin,1,0,1,1,0,dom
8,73568891,Algeria,Angola,1,0,1,1,0,dom
9,73568892,Ivory Coast,Zimbabwe,3,0,3,3,0,dom
9,73568895,Cameroon,Algeria,2,1,3,2,1,dom
9,73568898,Burkina Faso,Zambia,5,0,5,5,0,dom
9,73568901,South Africa,DR Congo,1,1,2,1,1,nul
9,73568902,Equatorial Guinea,Nigeria,0,1,1,0,1,ext
9,73568903,Tunisia,Morocco,2,1,3,2,1,dom
10,73568905,Tanzania,South Africa,0,1,1,0,1,ext
10,73568906,Zimbabwe,Sudan,0,3,3,0,3,ext
10,73568907,Mozambique,Cameroon,1,0,1,1,0,dom
10,73568908,Senegal,Burkina Faso,0,3,3,0,3,ext
10,73568909,Gabon,Equatorial Guinea,0,1,1,0,1,ext
10,73568911,Nigeria,Tunisia,0,1,1,0,1,ext
10,73568912,Egypt,Algeria,0,3,3,0,3,ext
11,73568916,Algeria,Zambia,1,1,2,1,1,nul
11,73568917,Ivory Coast,Tanzania,0,2,2,0,2,ext
11,73568918,South Africa,Mali,3,0,3,3,0,dom
11,73568923,Burkina Faso,Morocco,1,0,1,1,0,dom
11,73568925,Cameroon,Egypt,0,0,0,0,0,nul
11,73568926,Mozambique,Zimbabwe,0,0,0,0,0,nul
11,73568927,Sudan,DR Congo,1,0,1,1,0,dom
12,73568928,Nigeria,Burkina Faso,2,2,4,2,2,nul
12,73568929,DR Congo,Mozambique,0,1,1,0,1,ext
12,73568930,Gabon,Uganda,1,1,2,1,1,nul
12,73568932,Zimbabwe,Cameroon,1,1,2,1,1,nul
12,73568935,Comoros,South Africa,0,1,1,0,1,ext
12,73568936,Benin,Tunisia,0,0,0,0,0,nul
12,73568937,Senegal,Algeria,1,0,1,1,0,dom
12,73568939,Zambia,Egypt,0,1,1,0,1,ext
13,73568940,Mozambique,Tanzania,0,0,0,0,0,nul
13,73568941,Uganda,Benin,2,0,2,2,0,dom
13,73568943,Egypt,Senegal,0,0,0,0,0,nul
13,73568944,Sudan,Mali,0,0,0,0,0,nul
13,73568945,South Africa,Equatorial Guinea,5,1,6,5,1,dom
13,73568946,Zimbabwe,DR Congo,0,0,0,0,0,nul
13,73568947,Angola,Nigeria,0,0,0,0,0,nul
13,73568948,Cameroon,Zambia,3,0,3,3,0,dom
13,73568949,Burkina Faso,Gabon,0,0,0,0,0,nul
13,73568950,Botswana,Tunisia,0,1,1,0,1,ext
13,73568951,Ivory Coast,Comoros,0,1,1,0,1,ext
14,73568952,Benin,Burkina Faso,1,1,2,1,1,nul
14,73568953,Tunisia,South Africa,1,0,1,1,0,dom
14,73568954,Equatorial Guinea,Ivory Coast,1,1,2,1,1,nul
14,73568955,Morocco,Egypt,1,1,2,1,1,nul
14,73568956,Nigeria,Algeria,1,1,2,1,1,nul
14,73568958,Senegal,Zambia,0,1,1,0,1,ext
14,73568959,Mali,Mozambique,0,0,0,0,0,nul
14,73568961,Tanzania,Zimbabwe,0,0,0,0,0,nul
14,73568962,DR Congo,Cameroon,0,0,0,0,0,nul
15,73568964,Sudan,Equatorial Guinea,2,2,4,2,2,nul
15,73568965,Burkina Faso,Botswana,2,2,4,2,2,nul
15,73568966,Zimbabwe,Mali,2,2,4,2,2,nul
15,73568968,South Africa,Uganda,2,2,4,2,2,nul
15,73568969,Egypt,Nigeria,0,1,1,0,1,ext
15,73568970,Algeria,Gabon,1,0,1,1,0,dom
15,73568971,Angola,Benin,3,1,4,3,1,dom
15,73568972,Ivory Coast,Tunisia,1,0,1,1,0,dom
15,73568973,Mozambique,Comoros,1,0,1,1,0,dom
15,73568975,DR Congo,Tanzania,0,1,1,0,1,ext
16,73568976,Uganda,Ivory Coast,0,0,0,0,0,nul
16,73568977,Morocco,Senegal,1,1,2,1,1,nul
16,73568978,Gabon,Egypt,1,1,2,1,1,nul
16,73568979,Nigeria,Zambia,1,1,2,1,1,nul
16,73568980,Botswana,Angola,2,1,3,2,1,dom
16,73568981,Tunisia,Sudan,4,0,4,4,0,dom
16,73568982,South Africa,Burkina Faso,1,0,1,1,0,dom
16,73568983,Comoros,Zimbabwe,0,0,0,0,0,nul
16,73568984,Tanzania,Cameroon,0,0,0,0,0,nul
16,73568985,Equatorial Guinea,Mozambique,1,1,2,1,1,nul
16,73568987,Mali,DR Congo,0,0,0,0,0,nul
17,73568988,DR Congo,Comoros,3,0,3,3,0,dom
17,73568989,Mozambique,Tunisia,0,1,1,0,1,ext
17,73568990,Angola,South Africa,1,0,1,1,0,dom
17,73568991,Egypt,Benin,3,0,3,3,0,dom
17,73568992,Algeria,Botswana,2,0,2,2,0,dom
17,73568993,Tanzania,Mali,0,0,0,0,0,nul
17,73568994,Cameroon,Morocco,0,0,0,0,0,nul
17,73568995,Zimbabwe,Equatorial Guinea,2,0,2,2,0,dom
17,73568996,Ivory Coast,Burkina Faso,4,0,4,4,0,dom
17,73568998,Sudan,Uganda,1,1,2,1,1,nul
17,73568999,Senegal,Nigeria,0,0,0,0,0,nul
18,73569000,Burkina Faso,Sudan,5,0,5,5,0,dom
18,73569001,Tunisia,Zimbabwe,0,0,0,0,0,nul
18,73569002,Nigeria,Morocco,0,2,2,0,2,ext
18,73569004,Benin,Zambia,2,1,3,2,1,dom
18,73569005,Ivory Coast,Angola,1,0,1,1,0,dom
18,73569007,Gabon,Senegal,0,3,3,0,3,ext
18,73569008,South Africa,Algeria,1,2,3,1,2,ext
18,73569009,Botswana,Egypt,1,2,3,1,2,ext
18,73569010,Equatorial Guinea,DR Congo,0,0,0,0,0,nul
18,73569011,Uganda,Mozambique,0,1,1,0,1,ext
19,73569012,Mali,Comoros,0,0,0,0,0,nul
19,73569014,Sudan,Angola,2,1,3,2,1,dom
19,73569016,Zimbabwe,Uganda,0,1,1,0,1,ext
19,73569017,DR Congo,Tunisia,2,1,3,2,1,dom
19,73569018,Egypt,South Africa,3,1,4,3,1,dom
19,73569019,Senegal,Benin,2,0,2,2,0,dom
19,73569023,Zambia,Botswana,0,1,1,0,1,ext
20,73569024,Tunisia,Tanzania,2,0,2,2,0,dom
20,73569025,Gabon,Nigeria,0,0,0,0,0,nul
20,73569026,Botswana,Senegal,0,3,3,0,3,ext
20,73569027,Sudan,Algeria,0,3,3,0,3,ext
20,73569028,Burkina Faso,Zimbabwe,3,1,4,3,1,dom
20,73569029,South Africa,Zambia,1,0,1,1,0,dom
20,73569030,Equatorial Guinea,Mali,3,0,3,3,0,dom
20,73569032,Angola,Mozambique,0,0,0,0,0,nul
20,73569033,Uganda,DR Congo,1,0,1,1,0,dom
20,73569034,Comoros,Cameroon,1,0,1,1,0,dom
20,73569035,Benin,Morocco,2,0,2,2,0,dom
21,73569036,Mali,Tunisia,2,0,2,2,0,dom
21,73569037,Egypt,Sudan,1,0,1,1,0,dom
21,73569038,Nigeria,Benin,1,0,1,1,0,dom
21,73569039,Morocco,Botswana,0,0,0,0,0,nul
21,73569040,Tanzania,Uganda,1,0,1,1,0,dom
21,73569041,Senegal,South Africa,2,0,2,2,0,dom
21,73569042,DR Congo,Burkina Faso,4,0,4,4,0,dom
21,73569043,Cameroon,Gabon,0,0,0,0,0,nul
21,73569044,Comoros,Equatorial Guinea,3,1,4,3,1,dom
21,73569045,Zimbabwe,Angola,3,0,3,3,0,dom
21,73569046,Zambia,Ivory Coast,1,0,1,1,0,dom
21,73569047,Mozambique,Algeria,0,0,0,0,0,nul
22,73569049,Benin,Gabon,0,0,0,0,0,nul
22,73569050,Algeria,Zimbabwe,0,0,0,0,0,nul
22,73569051,Angola,DR Congo,1,0,1,1,0,dom
22,73569053,South Africa,Morocco,0,2,2,0,2,ext
22,73569055,Uganda,Mali,0,0,0,0,0,nul
22,73569056,Equatorial Guinea,Cameroon,0,0,0,0,0,nul
22,73569058,Ivory Coast,Senegal,0,0,0,0,0,nul
22,73569059,Sudan,Zambia,3,1,4,3,1,dom
23,73569061,Nigeria,South Africa,3,2,5,3,2,dom
23,73569062,Mali,Burkina Faso,4,0,4,4,0,dom
23,73569063,Cameroon,Benin,1,0,1,1,0,dom
23,73569064,Comoros,Uganda,1,2,3,1,2,ext
23,73569065,Morocco,Ivory Coast,1,0,1,1,0,dom
23,73569066,DR Congo,Algeria,0,2,2,0,2,ext
23,73569068,Zambia,Mozambique,0,1,1,0,1,ext
23,73569069,Senegal,Sudan,3,0,3,3,0,dom
23,73569070,Zimbabwe,Egypt,0,2,2,0,2,ext
24,73569072,Angola,Mali,0,0,0,0,0,nul
24,73569073,Ivory Coast,Nigeria,1,1,2,1,1,nul
24,73569074,Algeria,Tanzania,1,0,1,1,0,dom
24,73569075,Sudan,Morocco,0,5,5,0,5,ext
24,73569076,Uganda,Equatorial Guinea,3,0,3,3,0,dom
24,73569079,Zimbabwe,Zambia,1,1,2,1,1,nul
24,73569080,South Africa,Gabon,2,2,4,2,2,nul
24,73569081,Egypt,DR Congo,1,0,1,1,0,dom
24,73569082,Tunisia,Cameroon,0,0,0,0,0,nul
24,73569083,Botswana,Benin,1,1,2,1,1,nul
25,73569086,Mali,Algeria,1,1,2,1,1,nul
25,73569087,Equatorial Guinea,Burkina Faso,1,2,3,1,2,ext
25,73569088,Nigeria,Sudan,3,1,4,3,1,dom
25,73569089,Comoros,Angola,1,0,1,1,0,dom
25,73569090,Tanzania,Egypt,1,1,2,1,1,nul
25,73569091,Cameroon,Botswana,0,0,0,0,0,nul
25,73569092,DR Congo,Zambia,1,2,3,1,2,ext
25,73569093,Senegal,Zimbabwe,1,0,1,1,0,dom
25,73569094,Gabon,Ivory Coast,1,0,1,1,0,dom
25,73569095,Benin,South Africa,2,1,3,2,1,dom
26,73569098,Mozambique,Nigeria,1,0,1,1,0,dom
26,73569099,South Africa,Botswana,0,2,2,0,2,ext
26,73569100,Angola,Equatorial Guinea,3,0,3,3,0,dom
26,73569101,Uganda,Cameroon,2,0,2,2,0,dom
26,73569103,Egypt,Mali,0,0,0,0,0,nul
26,73569104,Sudan,Gabon,1,1,2,1,1,nul
26,73569105,Burkina Faso,Tunisia,1,1,2,1,1,nul
26,73569107,Algeria,Comoros,1,1,2,1,1,nul
27,73569109,Tunisia,Angola,1,0,1,1,0,dom
27,73569110,Benin,Sudan,0,0,0,0,0,nul
27,73569111,Nigeria,Zimbabwe,1,0,1,1,0,dom
27,73569112,Mali,Zambia,3,0,3,3,0,dom
27,73569113,Comoros,Egypt,0,0,0,0,0,nul
27,73569114,Uganda,Burkina Faso,0,0,0,0,0,nul
27,73569116,Tanzania,Senegal,0,1,1,0,1,ext
27,73569117,Botswana,Ivory Coast,1,0,1,1,0,dom
27,73569118,Cameroon,South Africa,3,2,5,3,2,dom
27,73569119,Equatorial Guinea,Algeria,2,2,4,2,2,nul
28,73569120,Tanzania,Morocco,0,1,1,0,1,ext
28,73569122,Senegal,Mali,0,0,0,0,0,nul
28,73569123,Angola,Uganda,1,1,2,1,1,nul
28,73569124,Zambia,Comoros,0,0,0,0,0,nul
28,73569125,DR Congo,Nigeria,0,0,0,0,0,nul
28,73569126,Ivory Coast,South Africa,1,1,2,1,1,nul
28,73569130,Algeria,Tunisia,0,0,0,0,0,nul
28,73569131,Burkina Faso,Cameroon,1,1,2,1,1,nul
29,73569132,Comoros,Senegal,0,1,1,0,1,ext
29,73569134,Mali,Morocco,1,3,4,1,3,ext
29,73569135,South Africa,Sudan,6,0,6,6,0,dom
29,73569137,Nigeria,Tanzania,2,1,3,2,1,dom
29,73569138,Burkina Faso,Angola,1,2,3,1,2,ext
29,73569139,Cameroon,Ivory Coast,2,0,2,2,0,dom
29,73569140,Benin,Zimbabwe,0,0,0,0,0,nul
29,73569141,Botswana,Mozambique,1,3,4,1,3,ext
29,73569143,Tunisia,Egypt,0,0,0,0,0,nul
30,73569144,DR Congo,Benin,0,0,0,0,0,nul
30,73569146,Egypt,Uganda,2,2,4,2,2,nul
30,73569148,Tanzania,Gabon,1,1,2,1,1,nul
30,73569149,Sudan,Ivory Coast,0,1,1,0,1,ext
30,73569150,Algeria,Burkina Faso,3,0,3,3,0,dom
30,73569151,Zambia,Tunisia,0,1,1,0,1,ext
30,73569152,Senegal,Equatorial Guinea,2,0,2,2,0,dom
30,73569153,Mali,Nigeria,0,0,0,0,0,nul
30,73569155,Mozambique,South Africa,1,1,2,1,1,nul
31,73569156,Burkina Faso,Egypt,1,2,3,1,2,ext
31,73569157,South Africa,Zimbabwe,2,0,2,2,0,dom
31,73569158,Ivory Coast,Mozambique,2,2,4,2,2,nul
31,73569159,Gabon,Mali,0,0,0,0,0,nul
31,73569160,Cameroon,Sudan,1,0,1,1,0,dom
31,73569162,Equatorial Guinea,Morocco,0,0,0,0,0,nul
31,73569164,Botswana,DR Congo,0,1,1,0,1,ext
31,73569165,Tunisia,Senegal,1,0,1,1,0,dom
31,73569166,Benin,Tanzania,0,0,0,0,0,nul
31,73569167,Angola,Algeria,1,1,2,1,1,nul
32,73569169,Mozambique,Sudan,0,0,0,0,0,nul
32,73569171,Algeria,Cameroon,1,0,1,1,0,dom
32,73569172,Tanzania,Botswana,0,0,0,0,0,nul
32,73569173,Comoros,Gabon,0,1,1,0,1,ext
32,73569174,Zambia,Burkina Faso,4,0,4,4,0,dom
32,73569175,Senegal,Uganda,0,0,0,0,0,nul
32,73569178,Nigeria,Equatorial Guinea,0,3,3,0,3,ext
32,73569179,Morocco,Tunisia,0,1,1,0,1,ext
33,73569181,South Africa,Tanzania,2,1,3,2,1,dom
33,73569182,Sudan,Zimbabwe,0,1,1,0,1,ext
33,73569183,Cameroon,Mozambique,1,0,1,1,0,dom
33,73569184,Burkina Faso,Senegal,0,3,3,0,3,ext
33,73569185,Equatorial Guinea,Gabon,2,0,2,2,0,dom
33,73569187,Tunisia,Nigeria,0,0,0,0,0,nul
33,73569188,Algeria,Egypt,1,2,3,1,2,ext
33,73569189,Uganda,Morocco,1,3,4,1,3,ext
34,73569192,Zambia,Algeria,1,0,1,1,0,dom
34,73569193,Tanzania,Ivory Coast,0,0,0,0,0,nul
34,73569194,Mali,South Africa,2,1,3,2,1,dom
34,73569197,Nigeria,Uganda,1,0,1,1,0,dom
34,73569199,Morocco,Burkina Faso,2,0,2,2,0,dom
34,73569201,Egypt,Cameroon,1,0,1,1,0,dom
34,73569202,Zimbabwe,Mozambique,0,0,0,0,0,nul
34,73569203,DR Congo,Sudan,1,0,1,1,0,dom
35,73569204,Burkina Faso,Nigeria,0,0,0,0,0,nul
35,73569205,Mozambique,DR Congo,0,1,1,0,1,ext
35,73569206,Uganda,Gabon,1,1,2,1,1,nul
35,73569207,Sudan,Tanzania,1,3,4,1,3,ext
35,73569208,Cameroon,Zimbabwe,2,1,3,2,1,dom
35,73569211,South Africa,Comoros,3,1,4,3,1,dom
35,73569212,Tunisia,Benin,5,0,5,5,0,dom
35,73569213,Algeria,Senegal,2,0,2,2,0,dom
35,73569215,Egypt,Zambia,2,1,3,2,1,dom
36,73569216,Tanzania,Mozambique,0,0,0,0,0,nul
36,73569217,Benin,Uganda,0,0,0,0,0,nul
36,73569219,Senegal,Egypt,0,1,1,0,1,ext
36,73569220,Mali,Sudan,2,0,2,2,0,dom
36,73569221,Equatorial Guinea,South Africa,3,0,3,3,0,dom
36,73569222,DR Congo,Zimbabwe,2,0,2,2,0,dom
36,73569223,Nigeria,Angola,1,0,1,1,0,dom
36,73569224,Zambia,Cameroon,1,0,1,1,0,dom
37,73569228,Burkina Faso,Benin,2,0,2,2,0,dom
37,73569229,South Africa,Tunisia,2,0,2,2,0,dom
37,73569230,Ivory Coast,Equatorial Guinea,5,0,5,5,0,dom
37,73569231,Egypt,Morocco,0,1,1,0,1,ext
37,73569232,Algeria,Nigeria,0,2,2,0,2,ext
37,73569235,Mozambique,Mali,0,1,1,0,1,ext
37,73569237,Zimbabwe,Tanzania,0,3,3,0,3,ext
37,73569238,Cameroon,DR Congo,0,1,1,0,1,ext
38,73569240,Equatorial Guinea,Sudan,0,0,0,0,0,nul
38,73569241,Botswana,Burkina Faso,1,0,1,1,0,dom
38,73569244,Uganda,South Africa,2,3,5,2,3,ext
38,73569245,Nigeria,Egypt,2,0,2,2,0,dom
38,73569246,Gabon,Algeria,2,1,3,2,1,dom
38,73569247,Benin,Angola,1,1,2,1,1,nul
38,73569248,Tunisia,Ivory Coast,1,0,1,1,0,dom
38,73569249,Comoros,Mozambique,1,0,1,1,0,dom
38,73569251,Tanzania,DR Congo,0,0,0,0,0,nul
39,73569252,Ivory Coast,Uganda,2,0,2,2,0,dom
39,73569253,Senegal,Morocco,0,1,1,0,1,ext
39,73569254,Egypt,Gabon,2,0,2,2,0,dom
39,73569255,Zambia,Nigeria,0,2,2,0,2,ext
39,73569256,Angola,Botswana,0,0,0,0,0,nul
39,73569257,Sudan,Tunisia,0,0,0,0,0,nul
39,73569258,Burkina Faso,South Africa,2,0,2,2,0,dom
39,73569259,Zimbabwe,Comoros,0,0,0,0,0,nul
39,73569260,Cameroon,Tanzania,2,3,5,2,3,ext
39,73569261,Mozambique,Equatorial Guinea,3,1,4,3,1,dom
39,73569263,DR Congo,Mali,0,1,1,0,1,ext
40,73569264,Comoros,DR Congo,0,2,2,0,2,ext
40,73569266,South Africa,Angola,3,1,4,3,1,dom
40,73569267,Benin,Egypt,1,1,2,1,1,nul
40,73569268,Botswana,Algeria,0,2,2,0,2,ext
40,73569269,Mali,Tanzania,0,0,0,0,0,nul
40,73569270,Morocco,Cameroon,0,0,0,0,0,nul
40,73569272,Burkina Faso,Ivory Coast,0,0,0,0,0,nul
40,73569274,Uganda,Sudan,1,0,1,1,0,dom
40,73569275,Nigeria,Senegal,0,1,1,0,1,ext
41,73569276,Sudan,Burkina Faso,1,1,2,1,1,nul
41,73569277,Zimbabwe,Tunisia,0,0,0,0,0,nul
41,73569278,Morocco,Nigeria,3,0,3,3,0,dom
41,73569280,Zambia,Benin,3,0,3,3,0,dom
41,73569281,Angola,Ivory Coast,2,0,2,2,0,dom
41,73569283,Senegal,Gabon,0,0,0,0,0,nul
41,73569284,Algeria,South Africa,2,1,3,2,1,dom
41,73569285,Egypt,Botswana,2,0,2,2,0,dom
41,73569286,DR Congo,Equatorial Guinea,2,1,3,2,1,dom
41,73569287,Mozambique,Uganda,1,1,2,1,1,nul
42,73569288,Comoros,Mali,1,0,1,1,0,dom
42,73569290,Angola,Sudan,3,0,3,3,0,dom
42,73569291,Ivory Coast,Algeria,1,0,1,1,0,dom
42,73569292,Uganda,Zimbabwe,0,0,0,0,0,nul
42,73569293,Tunisia,DR Congo,0,2,2,0,2,ext
42,73569294,South Africa,Egypt,0,1,1,0,1,ext
42,73569295,Benin,Senegal,0,2,2,0,2,ext
42,73569299,Botswana,Zambia,0,2,2,0,2,ext
43,73569300,Tanzania,Tunisia,0,0,0,0,0,nul
43,73569301,Nigeria,Gabon,0,0,0,0,0,nul
43,73569302,Senegal,Botswana,1,0,1,1,0,dom
43,73569303,Algeria,Sudan,4,1,5,4,1,dom
43,73569304,Zimbabwe,Burkina Faso,3,0,3,3,0,dom
43,73569305,Zambia,South Africa,0,0,0,0,0,nul
43,73569306,Mali,Equatorial Guinea,4,0,4,4,0,dom
43,73569308,Mozambique,Angola,1,1,2,1,1,nul
43,73569309,DR Congo,Uganda,0,0,0,0,0,nul
43,73569310,Cameroon,Comoros,2,0,2,2,0,dom
43,73569311,Morocco,Benin,5,0,5,5,0,dom
44,73569312,Tunisia,Mali,3,0,3,3,0,dom
44,73569313,Sudan,Egypt,0,1,1,0,1,ext
44,73569314,Benin,Nigeria,0,0,0,0,0,nul
44,73569315,Botswana,Morocco,1,3,4,1,3,ext
44,73569316,Uganda,Tanzania,0,0,0,0,0,nul
44,73569317,South Africa,Senegal,1,1,2,1,1,nul
44,73569318,Burkina Faso,DR Congo,0,2,2,0,2,ext
44,73569319,Gabon,Cameroon,0,1,1,0,1,ext
44,73569320,Equatorial Guinea,Comoros,1,0,1,1,0,dom
44,73569321,Angola,Zimbabwe,0,0,0,0,0,nul
44,73569323,Algeria,Mozambique,1,0,1,1,0,dom
45,73569324,Comoros,Tunisia,0,0,0,0,0,nul
45,73569325,Gabon,Benin,0,0,0,0,0,nul
45,73569326,Zimbabwe,Algeria,0,0,0,0,0,nul
45,73569327,DR Congo,Angola,2,0,2,2,0,dom
45,73569329,Morocco,South Africa,2,1,3,2,1,dom
45,73569331,Mali,Uganda,1,0,1,1,0,dom
45,73569332,Cameroon,Equatorial Guinea,3,0,3,3,0,dom
45,73569334,Senegal,Ivory Coast,1,0,1,1,0,dom
45,73569335,Zambia,Sudan,0,0,0,0,0,nul
46,73569336,Angola,Tanzania,2,2,4,2,2,nul
46,73569337,South Africa,Nigeria,0,0,0,0,0,nul
46,73569338,Burkina Faso,Mali,1,0,1,1,0,dom
46,73569339,Benin,Cameroon,0,2,2,0,2,ext
46,73569340,Uganda,Comoros,0,0,0,0,0,nul
46,73569341,Ivory Coast,Morocco,1,0,1,1,0,dom
46,73569342,Algeria,DR Congo,1,2,3,1,2,ext
46,73569344,Mozambique,Zambia,1,2,3,1,2,ext
46,73569345,Sudan,Senegal,0,0,0,0,0,nul
46,73569346,Egypt,Zimbabwe,1,0,1,1,0,dom
46,73569347,Tunisia,Equatorial Guinea,3,0,3,3,0,dom
1,73576057,Tanzania,Angola,2,0,2,2,0,dom
1,73576058,Zambia,Tunisia,2,1,3,2,1,dom
1,73576059,Botswana,Mali,0,0,0,0,0,nul
1,73576060,Uganda,Benin,0,0,0,0,0,nul
1,73576061,South Africa,Zimbabwe,1,1,2,1,1,nul
1,73576062,Gabon,Equatorial Guinea,0,3,3,0,3,ext
1,73576063,Nigeria,Cameroon,2,0,2,2,0,dom
1,73576064,Ivory Coast,Burkina Faso,2,0,2,2,0,dom
1,73576065,Comoros,Egypt,0,3,3,0,3,ext
1,73576066,Mozambique,Algeria,1,0,1,1,0,dom
1,73576067,DR Congo,Morocco,0,0,0,0,0,nul
1,73576068,Sudan,Senegal,1,0,1,1,0,dom
2,73576069,Algeria,Uganda,2,1,3,2,1,dom
2,73576070,Morocco,South Africa,0,0,0,0,0,nul
2,73576071,Burkina Faso,Comoros,0,0,0,0,0,nul
2,73576073,Zimbabwe,Mozambique,2,1,3,2,1,dom
2,73576074,Angola,DR Congo,3,0,3,3,0,dom
2,73576075,Egypt,Nigeria,2,1,3,2,1,dom
2,73576076,Mali,Zambia,0,0,0,0,0,nul
2,73576077,Sudan,Botswana,1,0,1,1,0,dom
2,73576078,Benin,Gabon,2,1,3,2,1,dom
2,73576080,Tunisia,Ivory Coast,4,0,4,4,0,dom
3,73576081,Mozambique,Morocco,0,0,0,0,0,nul
3,73576083,Gabon,Cameroon,1,2,3,1,2,ext
3,73576084,DR Congo,Senegal,1,2,3,1,2,ext
3,73576085,South Africa,Angola,0,0,0,0,0,nul
3,73576086,Benin,Algeria,3,0,3,3,0,dom
3,73576087,Equatorial Guinea,Egypt,2,0,2,2,0,dom
3,73576088,Nigeria,Burkina Faso,0,0,0,0,0,nul
3,73576090,Tanzania,Botswana,2,1,3,2,1,dom
3,73576091,Uganda,Zimbabwe,0,0,0,0,0,nul
3,73576092,Zambia,Sudan,2,0,2,2,0,dom
4,73576093,Botswana,DR Congo,0,2,2,0,2,ext
4,73576094,Burkina Faso,Equatorial Guinea,1,1,2,1,1,nul
4,73576095,Zimbabwe,Benin,4,0,4,4,0,dom
4,73576096,Mali,Comoros,0,0,0,0,0,nul
4,73576097,Tanzania,Zambia,0,0,0,0,0,nul
4,73576098,Senegal,South Africa,0,0,0,0,0,nul
4,73576099,Algeria,Gabon,1,0,1,1,0,dom
4,73576100,Angola,Mozambique,0,0,0,0,0,nul
4,73576101,Egypt,Cameroon,1,1,2,1,1,nul
4,73576102,Sudan,Ivory Coast,0,1,1,0,1,ext
4,73576103,Morocco,Uganda,2,0,2,2,0,dom
5,73576105,Benin,Morocco,1,2,3,1,2,ext
5,73576107,Nigeria,Mali,0,0,0,0,0,nul
5,73576108,Algeria,Zimbabwe,1,0,1,1,0,dom
5,73576111,Comoros,Sudan,0,0,0,0,0,nul
5,73576112,Mozambique,Senegal,0,2,2,0,2,ext
5,73576113,DR Congo,Zambia,0,0,0,0,0,nul
5,73576114,Ivory Coast,Tanzania,1,1,2,1,1,nul
5,73576115,Equatorial Guinea,Tunisia,0,1,1,0,1,ext
5,73576116,South Africa,Botswana,4,0,4,4,0,dom
6,73576117,Mali,Equatorial Guinea,3,0,3,3,0,dom
6,73576118,Angola,Benin,1,2,3,1,2,ext
6,73576120,Tunisia,Cameroon,0,0,0,0,0,nul
6,73576121,Sudan,Nigeria,1,2,3,1,2,ext
6,73576122,Senegal,Uganda,2,0,2,2,0,dom
6,73576124,Tanzania,Comoros,0,1,1,0,1,ext
6,73576125,Zimbabwe,Gabon,3,1,4,3,1,dom
6,73576127,Morocco,Algeria,0,0,0,0,0,nul
6,73576128,DR Congo,Ivory Coast,0,0,0,0,0,nul
7,73576129,Nigeria,Tanzania,0,1,1,0,1,ext
7,73576130,Algeria,Angola,1,1,2,1,1,nul
7,73576131,Equatorial Guinea,Sudan,0,0,0,0,0,nul
7,73576132,Comoros,DR Congo,0,3,3,0,3,ext
7,73576133,Uganda,Botswana,0,0,0,0,0,nul
7,73576135,Gabon,Burkina Faso,1,1,2,1,1,nul
7,73576136,Egypt,Tunisia,2,0,2,2,0,dom
7,73576137,Benin,Senegal,0,0,0,0,0,nul
7,73576138,Mozambique,Zambia,0,1,1,0,1,ext
7,73576139,South Africa,Ivory Coast,0,0,0,0,0,nul
8,73576141,Morocco,Gabon,6,0,6,6,0,dom
8,73576142,Tanzania,Equatorial Guinea,0,0,0,0,0,nul
8,73576143,Tunisia,Burkina Faso,1,0,1,1,0,dom
8,73576144,South Africa,Comoros,1,2,3,1,2,ext
8,73576145,Senegal,Algeria,2,1,3,2,1,dom
8,73576146,Botswana,Benin,0,1,1,0,1,ext
8,73576147,DR Congo,Nigeria,0,0,0,0,0,nul
8,73576150,Angola,Zimbabwe,1,1,2,1,1,nul
8,73576151,Ivory Coast,Mozambique,1,1,2,1,1,nul
9,73576153,Zimbabwe,Senegal,2,0,2,2,0,dom
9,73576154,Equatorial Guinea,DR Congo,0,0,0,0,0,nul
9,73576155,Nigeria,South Africa,1,1,2,1,1,nul
9,73576156,Uganda,Ivory Coast,0,0,0,0,0,nul
9,73576158,Mozambique,Comoros,0,1,1,0,1,ext
9,73576159,Egypt,Sudan,4,0,4,4,0,dom
9,73576161,Algeria,Botswana,3,0,3,3,0,dom
9,73576162,Cameroon,Tanzania,2,2,4,2,2,nul
9,73576163,Morocco,Angola,4,0,4,4,0,dom
9,73576164,Gabon,Tunisia,1,2,3,1,2,ext
10,73576165,Mozambique,Nigeria,0,1,1,0,1,ext
10,73576166,Botswana,Zimbabwe,1,0,1,1,0,dom
10,73576167,Senegal,Morocco,0,0,0,0,0,nul
10,73576169,Angola,Gabon,1,2,3,1,2,ext
10,73576170,South Africa,Equatorial Guinea,4,1,5,4,1,dom
10,73576171,Mali,Tunisia,0,0,0,0,0,nul
10,73576172,Tanzania,Egypt,0,0,0,0,0,nul
10,73576173,Zambia,Algeria,0,0,0,0,0,nul
10,73576174,DR Congo,Cameroon,1,0,1,1,0,dom
10,73576175,Ivory Coast,Benin,2,0,2,2,0,dom
10,73576176,Comoros,Uganda,2,0,2,2,0,dom
11,73576177,Benin,Comoros,0,1,1,0,1,ext
11,73576178,Algeria,Ivory Coast,0,0,0,0,0,nul
11,73576180,Egypt,DR Congo,2,1,3,2,1,dom
11,73576181,Cameroon,South Africa,0,0,0,0,0,nul
11,73576182,Zimbabwe,Zambia,1,1,2,1,1,nul
11,73576183,Morocco,Botswana,2,1,3,2,1,dom
11,73576184,Burkina Faso,Tanzania,0,2,2,0,2,ext
11,73576185,Gabon,Mali,0,0,0,0,0,nul
11,73576188,Tunisia,Sudan,3,0,3,3,0,dom
12,73576189,Senegal,Gabon,2,0,2,2,0,dom
12,73576190,Sudan,Mali,0,0,0,0,0,nul
12,73576191,Ivory Coast,Zimbabwe,1,0,1,1,0,dom
12,73576192,Tanzania,Tunisia,0,0,0,0,0,nul
12,73576193,Nigeria,Benin,0,0,0,0,0,nul
12,73576195,Botswana,Angola,0,0,0,0,0,nul
12,73576196,South Africa,Egypt,1,0,1,1,0,dom
12,73576197,Comoros,Algeria,0,1,1,0,1,ext
12,73576198,Mozambique,Cameroon,0,0,0,0,0,nul
12,73576199,DR Congo,Burkina Faso,1,1,2,1,1,nul
12,73576200,Uganda,Equatorial Guinea,2,0,2,2,0,dom
13,73576201,Burkina Faso,South Africa,4,0,4,4,0,dom
13,73576202,Zimbabwe,Comoros,2,1,3,2,1,dom
13,73576203,Mali,Tanzania,2,0,2,2,0,dom
13,73576204,Tunisia,DR Congo,0,0,0,0,0,nul
13,73576206,Senegal,Botswana,2,1,3,2,1,dom
13,73576207,Egypt,Mozambique,1,0,1,1,0,dom
13,73576208,Benin,Equatorial Guinea,3,1,4,3,1,dom
13,73576209,Cameroon,Uganda,2,1,3,2,1,dom
13,73576210,Algeria,Nigeria,2,0,2,2,0,dom
13,73576211,Angola,Zambia,1,1,2,1,1,nul
13,73576212,Gabon,Sudan,4,2,6,4,2,dom
14,73576213,Equatorial Guinea,Algeria,1,1,2,1,1,nul
14,73576214,Botswana,Gabon,1,0,1,1,0,dom
14,73576215,Uganda,Egypt,1,1,2,1,1,nul
14,73576216,Tanzania,Sudan,1,1,2,1,1,nul
14,73576217,Comoros,Morocco,1,1,2,1,1,nul
14,73576218,Ivory Coast,Angola,2,1,3,2,1,dom
14,73576219,Zambia,Senegal,0,1,1,0,1,ext
14,73576220,Mozambique,Burkina Faso,0,0,0,0,0,nul
14,73576221,Nigeria,Zimbabwe,3,1,4,3,1,dom
14,73576222,South Africa,Tunisia,0,0,0,0,0,nul
14,73576224,Benin,Cameroon,0,0,0,0,0,nul
15,73576225,Gabon,Tanzania,1,3,4,1,3,ext
15,73576226,Zimbabwe,Equatorial Guinea,1,0,1,1,0,dom
15,73576227,Burkina Faso,Uganda,1,0,1,1,0,dom
15,73576228,Senegal,Ivory Coast,2,0,2,2,0,dom
15,73576230,Morocco,Nigeria,1,1,2,1,1,nul
15,73576231,Sudan,DR Congo,0,4,4,0,4,ext
15,73576232,Angola,Comoros,0,1,1,0,1,ext
15,73576233,Algeria,Cameroon,1,0,1,1,0,dom
15,73576234,Tunisia,Mozambique,2,2,4,2,2,nul
15,73576235,Botswana,Zambia,0,4,4,0,4,ext
15,73576236,Mali,South Africa,2,0,2,2,0,dom
16,73576237,Comoros,Senegal,0,0,0,0,0,nul
16,73576238,DR Congo,Tanzania,0,2,2,0,2,ext
16,73576239,Uganda,Tunisia,2,0,2,2,0,dom
16,73576240,Mozambique,Mali,0,1,1,0,1,ext
16,73576241,Ivory Coast,Botswana,4,0,4,4,0,dom
16,73576242,Equatorial Guinea,Morocco,1,1,2,1,1,nul
16,73576245,Zambia,Gabon,0,0,0,0,0,nul
16,73576247,Algeria,Egypt,0,1,1,0,1,ext
16,73576248,South Africa,Sudan,5,0,5,5,0,dom
17,73576249,Angola,Equatorial Guinea,0,0,0,0,0,nul
17,73576250,Botswana,Comoros,0,0,0,0,0,nul
17,73576251,Gabon,DR Congo,0,0,0,0,0,nul
17,73576252,Tanzania,South Africa,1,2,3,1,2,ext
17,73576253,Burkina Faso,Algeria,1,1,2,1,1,nul
17,73576255,Sudan,Mozambique,0,0,0,0,0,nul
17,73576256,Zimbabwe,Egypt,1,1,2,1,1,nul
17,73576257,Zambia,Ivory Coast,1,0,1,1,0,dom
17,73576260,Mali,Uganda,1,0,1,1,0,dom
18,73576262,Equatorial Guinea,Senegal,0,0,0,0,0,nul
18,73576264,Comoros,Zambia,1,1,2,1,1,nul
18,73576265,Algeria,Tunisia,1,0,1,1,0,dom
18,73576266,Cameroon,Angola,4,1,5,4,1,dom
18,73576267,Zimbabwe,Burkina Faso,3,0,3,3,0,dom
18,73576268,South Africa,DR Congo,2,1,3,2,1,dom
18,73576269,Benin,Mali,1,0,1,1,0,dom
18,73576270,Uganda,Sudan,2,0,2,2,0,dom
18,73576271,Nigeria,Botswana,2,0,2,2,0,dom
19,73576273,Botswana,Equatorial Guinea,1,2,3,1,2,ext
19,73576274,Zambia,Nigeria,0,1,1,0,1,ext
19,73576275,Mali,Algeria,1,0,1,1,0,dom
19,73576276,Sudan,Benin,0,0,0,0,0,nul
19,73576277,Tunisia,Zimbabwe,0,0,0,0,0,nul
19,73576278,Angola,Egypt,1,2,3,1,2,ext
19,73576279,Ivory Coast,Comoros,2,0,2,2,0,dom
19,73576280,Senegal,Cameroon,0,0,0,0,0,nul
19,73576281,Gabon,South Africa,1,5,6,1,5,ext
19,73576282,Tanzania,Uganda,1,1,2,1,1,nul
19,73576284,Morocco,Burkina Faso,4,0,4,4,0,dom
20,73576285,Mozambique,South Africa,0,0,0,0,0,nul
20,73576286,Equatorial Guinea,Zambia,0,0,0,0,0,nul
20,73576287,Cameroon,Botswana,6,0,6,6,0,dom
20,73576288,Egypt,Senegal,2,0,2,2,0,dom
20,73576289,Morocco,Tunisia,1,0,1,1,0,dom
20,73576291,Algeria,Sudan,6,0,6,6,0,dom
20,73576293,Comoros,Gabon,2,1,3,2,1,dom
20,73576296,Nigeria,Ivory Coast,0,0,0,0,0,nul
21,73576297,DR Congo,Benin,0,0,0,0,0,nul
21,73576299,Botswana,Egypt,5,0,5,5,0,dom
21,73576300,Comoros,Nigeria,0,0,0,0,0,nul
21,73576301,Zambia,Cameroon,1,1,2,1,1,nul
21,73576302,Sudan,Zimbabwe,1,1,2,1,1,nul
21,73576303,Angola,Tunisia,1,0,1,1,0,dom
21,73576304,Tanzania,Algeria,0,0,0,0,0,nul
21,73576305,Senegal,Burkina Faso,0,0,0,0,0,nul
21,73576306,Gabon,Mozambique,0,0,0,0,0,nul
21,73576307,Mali,Morocco,0,2,2,0,2,ext
21,73576308,South Africa,Uganda,0,2,2,0,2,ext
24,73576333,Angola,Tanzania,1,0,1,1,0,dom
24,73576335,Mali,Botswana,2,0,2,2,0,dom
24,73576337,Zimbabwe,South Africa,0,1,1,0,1,ext
24,73576339,Cameroon,Nigeria,0,1,1,0,1,ext
24,73576340,Burkina Faso,Ivory Coast,0,1,1,0,1,ext
24,73576341,Egypt,Comoros,1,0,1,1,0,dom
24,73576342,Algeria,Mozambique,4,0,4,4,0,dom
24,73576343,Morocco,DR Congo,3,1,4,3,1,dom
24,73576344,Senegal,Sudan,1,1,2,1,1,nul
25,73576345,Uganda,Algeria,1,0,1,1,0,dom
25,73576346,South Africa,Morocco,1,1,2,1,1,nul
25,73576347,Comoros,Burkina Faso,1,0,1,1,0,dom
25,73576349,Mozambique,Zimbabwe,0,1,1,0,1,ext
25,73576351,Nigeria,Egypt,2,0,2,2,0,dom
25,73576352,Zambia,Mali,0,1,1,0,1,ext
25,73576353,Botswana,Sudan,4,0,4,4,0,dom
25,73576354,Gabon,Benin,1,0,1,1,0,dom
25,73576356,Ivory Coast,Tunisia,1,0,1,1,0,dom
26,73576357,Morocco,Mozambique,1,0,1,1,0,dom
26,73576359,Cameroon,Gabon,4,0,4,4,0,dom
26,73576360,Senegal,DR Congo,1,0,1,1,0,dom
26,73576361,Angola,South Africa,1,0,1,1,0,dom
26,73576362,Algeria,Benin,1,2,3,1,2,ext
26,73576363,Egypt,Equatorial Guinea,1,1,2,1,1,nul
26,73576364,Burkina Faso,Nigeria,0,0,0,0,0,nul
26,73576366,Botswana,Tanzania,1,0,1,1,0,dom
26,73576367,Zimbabwe,Uganda,1,0,1,1,0,dom
26,73576368,Sudan,Zambia,5,0,5,5,0,dom
27,73576369,DR Congo,Botswana,1,1,2,1,1,nul
27,73576370,Equatorial Guinea,Burkina Faso,0,1,1,0,1,ext
27,73576372,Comoros,Mali,1,1,2,1,1,nul
27,73576374,South Africa,Senegal,0,0,0,0,0,nul
27,73576376,Mozambique,Angola,0,0,0,0,0,nul
27,73576377,Cameroon,Egypt,0,2,2,0,2,ext
27,73576378,Ivory Coast,Sudan,0,0,0,0,0,nul
27,73576379,Uganda,Morocco,2,0,2,2,0,dom
27,73576380,Nigeria,Tunisia,1,0,1,1,0,dom
28,73576381,Morocco,Benin,4,0,4,4,0,dom
28,73576383,Mali,Nigeria,1,2,3,1,2,ext
28,73576384,Zimbabwe,Algeria,0,0,0,0,0,nul
28,73576387,Sudan,Comoros,1,1,2,1,1,nul
28,73576388,Senegal,Mozambique,0,0,0,0,0,nul
28,73576389,Zambia,DR Congo,2,0,2,2,0,dom
28,73576390,Tanzania,Ivory Coast,1,2,3,1,2,ext
28,73576391,Tunisia,Equatorial Guinea,6,0,6,6,0,dom
28,73576392,Botswana,South Africa,0,2,2,0,2,ext
29,73576393,Equatorial Guinea,Mali,1,1,2,1,1,nul
29,73576394,Benin,Angola,1,0,1,1,0,dom
29,73576397,Nigeria,Sudan,0,0,0,0,0,nul
29,73576398,Uganda,Senegal,0,0,0,0,0,nul
29,73576400,Comoros,Tanzania,0,0,0,0,0,nul
29,73576401,Gabon,Zimbabwe,6,0,6,6,0,dom
29,73576403,Algeria,Morocco,3,0,3,3,0,dom
29,73576404,Ivory Coast,DR Congo,0,1,1,0,1,ext
30,73576405,Tanzania,Nigeria,0,1,1,0,1,ext
30,73576406,Angola,Algeria,1,0,1,1,0,dom
30,73576407,Sudan,Equatorial Guinea,0,0,0,0,0,nul
30,73576408,DR Congo,Comoros,0,0,0,0,0,nul
30,73576409,Botswana,Uganda,0,3,3,0,3,ext
30,73576411,Burkina Faso,Gabon,2,1,3,2,1,dom
30,73576414,Zambia,Mozambique,1,2,3,1,2,ext
30,73576415,Ivory Coast,South Africa,1,0,1,1,0,dom
31,73576419,Burkina Faso,Tunisia,1,0,1,1,0,dom
31,73576420,Comoros,South Africa,0,1,1,0,1,ext
31,73576421,Algeria,Senegal,2,0,2,2,0,dom
31,73576422,Benin,Botswana,1,3,4,1,3,ext
31,73576423,Nigeria,DR Congo,0,0,0,0,0,nul
31,73576426,Zimbabwe,Angola,3,1,4,3,1,dom
32,73576429,Senegal,Zimbabwe,0,1,1,0,1,ext
32,73576431,South Africa,Nigeria,0,0,0,0,0,nul
32,73576432,Ivory Coast,Uganda,1,0,1,1,0,dom
32,73576434,Comoros,Mozambique,0,1,1,0,1,ext
32,73576435,Sudan,Egypt,4,0,4,4,0,dom
32,73576437,Botswana,Algeria,0,0,0,0,0,nul
33,73576441,Nigeria,Mozambique,0,0,0,0,0,nul
33,73576442,Zimbabwe,Botswana,0,2,2,0,2,ext
33,73576445,Gabon,Angola,1,0,1,1,0,dom
33,73576446,Equatorial Guinea,South Africa,4,0,4,4,0,dom
33,73576447,Tunisia,Mali,0,0,0,0,0,nul
33,73576448,Egypt,Tanzania,0,0,0,0,0,nul
33,73576449,Algeria,Zambia,0,0,0,0,0,nul
33,73576450,Cameroon,DR Congo,0,0,0,0,0,nul
33,73576451,Benin,Ivory Coast,0,0,0,0,0,nul
33,73576452,Uganda,Comoros,0,0,0,0,0,nul
34,73576453,Comoros,Benin,1,2,3,1,2,ext
34,73576454,Ivory Coast,Algeria,3,0,3,3,0,dom
34,73576456,DR Congo,Egypt,0,2,2,0,2,ext
34,73576457,South Africa,Cameroon,0,0,0,0,0,nul
34,73576459,Botswana,Morocco,0,0,0,0,0,nul
34,73576460,Tanzania,Burkina Faso,1,0,1,1,0,dom
34,73576461,Mali,Gabon,2,1,3,2,1,dom
34,73576464,Sudan,Tunisia,1,1,2,1,1,nul
35,73576465,Gabon,Senegal,0,0,0,0,0,nul
35,73576466,Mali,Sudan,3,0,3,3,0,dom
35,73576467,Zimbabwe,Ivory Coast,0,0,0,0,0,nul
35,73576468,Tunisia,Tanzania,0,2,2,0,2,ext
35,73576469,Benin,Nigeria,1,2,3,1,2,ext
35,73576471,Angola,Botswana,2,1,3,2,1,dom
35,73576472,Egypt,South Africa,0,0,0,0,0,nul
35,73576473,Algeria,Comoros,1,1,2,1,1,nul
35,73576474,Cameroon,Mozambique,0,1,1,0,1,ext
35,73576475,Burkina Faso,DR Congo,2,0,2,2,0,dom
35,73576476,Equatorial Guinea,Uganda,1,0,1,1,0,dom
36,73576477,South Africa,Burkina Faso,3,0,3,3,0,dom
36,73576478,Comoros,Zimbabwe,1,0,1,1,0,dom
36,73576479,Tanzania,Mali,0,3,3,0,3,ext
36,73576480,DR Congo,Tunisia,0,1,1,0,1,ext
36,73576482,Botswana,Senegal,3,1,4,3,1,dom
36,73576483,Mozambique,Egypt,0,1,1,0,1,ext
36,73576484,Equatorial Guinea,Benin,0,0,0,0,0,nul
36,73576486,Nigeria,Algeria,0,1,1,0,1,ext
36,73576487,Zambia,Angola,3,0,3,3,0,dom
36,73576488,Sudan,Gabon,1,0,1,1,0,dom
37,73576489,Algeria,Equatorial Guinea,2,1,3,2,1,dom
37,73576491,Egypt,Uganda,2,1,3,2,1,dom
37,73576492,Sudan,Tanzania,0,0,0,0,0,nul
37,73576493,Morocco,Comoros,3,1,4,3,1,dom
37,73576494,Angola,Ivory Coast,0,2,2,0,2,ext
37,73576495,Senegal,Zambia,3,0,3,3,0,dom
37,73576496,Burkina Faso,Mozambique,1,0,1,1,0,dom
37,73576497,Zimbabwe,Nigeria,4,0,4,4,0,dom
37,73576498,Tunisia,South Africa,4,0,4,4,0,dom
37,73576500,Cameroon,Benin,2,1,3,2,1,dom
9,73582100,Egypt,DR Congo,0,1,1,0,1,ext
9,73582101,Mali,Tunisia,1,0,1,1,0,dom
9,73582102,Equatorial Guinea,Cameroon,1,0,1,1,0,dom
9,73582104,Sudan,South Africa,2,0,2,2,0,dom
9,73582105,Tanzania,Zambia,1,1,2,1,1,nul
9,73582106,Angola,Zimbabwe,0,0,0,0,0,nul
9,73582108,Gabon,Nigeria,2,0,2,2,0,dom
9,73582109,Benin,Mozambique,2,0,2,2,0,dom
10,73582111,Mozambique,Zambia,0,0,0,0,0,nul
10,73582112,Tunisia,Burkina Faso,3,1,4,3,1,dom
10,73582113,DR Congo,Gabon,2,1,3,2,1,dom
10,73582114,Egypt,Mali,0,0,0,0,0,nul
10,73582115,Botswana,Equatorial Guinea,0,1,1,0,1,ext
10,73582116,South Africa,Angola,2,0,2,2,0,dom
10,73582117,Morocco,Senegal,3,0,3,3,0,dom
10,73582118,Zimbabwe,Benin,0,0,0,0,0,nul
10,73582119,Nigeria,Uganda,2,1,3,2,1,dom
10,73582120,Ivory Coast,Algeria,1,0,1,1,0,dom
10,73582122,Cameroon,Tanzania,1,4,5,1,4,ext
11,73582123,Senegal,Nigeria,3,0,3,3,0,dom
11,73582124,Cameroon,Botswana,2,0,2,2,0,dom
11,73582125,Uganda,DR Congo,0,0,0,0,0,nul
11,73582127,Burkina Faso,Egypt,1,2,3,1,2,ext
11,73582130,Sudan,Tunisia,0,0,0,0,0,nul
11,73582131,Tanzania,Mozambique,0,1,1,0,1,ext
11,73582132,Algeria,Morocco,1,0,1,1,0,dom
11,73582133,Benin,South Africa,3,1,4,3,1,dom
11,73582134,Equatorial Guinea,Ivory Coast,2,0,2,2,0,dom
12,73582135,South Africa,Zambia,1,1,2,1,1,nul
12,73582136,DR Congo,Senegal,1,2,3,1,2,ext
12,73582137,Morocco,Equatorial Guinea,1,1,2,1,1,nul
12,73582138,Tunisia,Angola,1,3,4,1,3,ext
12,73582140,Mali,Uganda,0,1,1,0,1,ext
12,73582141,Gabon,Burkina Faso,4,0,4,4,0,dom
12,73582142,Egypt,Sudan,0,1,1,0,1,ext
12,73582143,Zimbabwe,Mozambique,0,2,2,0,2,ext
12,73582144,Nigeria,Algeria,0,1,1,0,1,ext
12,73582145,Ivory Coast,Cameroon,0,0,0,0,0,nul
12,73582146,Comoros,Benin,1,0,1,1,0,dom
13,73582147,Benin,Tunisia,0,0,0,0,0,nul
13,73582149,Cameroon,Morocco,2,1,3,2,1,dom
13,73582150,Senegal,Mali,3,0,3,3,0,dom
13,73582151,Uganda,Burkina Faso,1,1,2,1,1,nul
13,73582152,Zambia,Comoros,0,0,0,0,0,nul
13,73582153,Equatorial Guinea,Nigeria,0,0,0,0,0,nul
13,73582154,Mozambique,South Africa,2,0,2,2,0,dom
13,73582155,Tanzania,Zimbabwe,0,1,1,0,1,ext
13,73582156,Algeria,DR Congo,0,1,1,0,1,ext
13,73582157,Sudan,Gabon,1,1,2,1,1,nul
13,73582158,Botswana,Ivory Coast,0,0,0,0,0,nul
14,73582161,Comoros,Mozambique,1,0,1,1,0,dom
14,73582162,Mali,Algeria,1,0,1,1,0,dom
14,73582163,Burkina Faso,Senegal,0,0,0,0,0,nul
14,73582164,Nigeria,Cameroon,1,0,1,1,0,dom
14,73582165,Egypt,Benin,3,0,3,3,0,dom
14,73582166,Uganda,Sudan,3,0,3,3,0,dom
14,73582168,Ivory Coast,Tanzania,1,1,2,1,1,nul
14,73582169,South Africa,Zimbabwe,1,0,1,1,0,dom
14,73582170,DR Congo,Equatorial Guinea,0,1,1,0,1,ext
15,73582171,Cameroon,DR Congo,2,3,5,2,3,ext
15,73582173,Ivory Coast,Morocco,0,1,1,0,1,ext
15,73582174,Algeria,Burkina Faso,4,0,4,4,0,dom
15,73582175,Senegal,Sudan,1,0,1,1,0,dom
15,73582176,Botswana,Nigeria,0,2,2,0,2,ext
15,73582177,Tanzania,South Africa,0,0,0,0,0,nul
15,73582179,Zambia,Egypt,0,0,0,0,0,nul
15,73582181,Angola,Uganda,3,0,3,3,0,dom
15,73582182,Equatorial Guinea,Mali,0,0,0,0,0,nul
16,73582183,Nigeria,Ivory Coast,2,0,2,2,0,dom
16,73582184,Burkina Faso,Equatorial Guinea,2,0,2,2,0,dom
16,73582185,Comoros,South Africa,1,1,2,1,1,nul
16,73582186,DR Congo,Botswana,1,0,1,1,0,dom
16,73582187,Sudan,Algeria,0,1,1,0,1,ext
16,73582188,Tunisia,Zimbabwe,1,0,1,1,0,dom
16,73582190,Egypt,Mozambique,1,2,3,1,2,ext
16,73582192,Morocco,Tanzania,3,0,3,3,0,dom
16,73582193,Uganda,Benin,0,1,1,0,1,ext
16,73582194,Mali,Cameroon,2,0,2,2,0,dom
17,73582195,Algeria,Angola,2,0,2,2,0,dom
17,73582196,South Africa,Tunisia,1,1,2,1,1,nul
17,73582197,Benin,Senegal,0,1,1,0,1,ext
17,73582198,Cameroon,Burkina Faso,2,1,3,2,1,dom
17,73582199,Mozambique,Gabon,0,0,0,0,0,nul
17,73582200,Tanzania,Comoros,0,1,1,0,1,ext
17,73582201,Morocco,Nigeria,1,0,1,1,0,dom
17,73582202,Equatorial Guinea,Sudan,0,0,0,0,0,nul
17,73582204,Zambia,Uganda,2,1,3,2,1,dom
17,73582205,Botswana,Mali,0,0,0,0,0,nul
17,73582206,Ivory Coast,DR Congo,0,1,1,0,1,ext
18,73582208,Mali,Ivory Coast,0,0,0,0,0,nul
18,73582209,Senegal,Zambia,0,0,0,0,0,nul
18,73582210,Nigeria,Tanzania,1,0,1,1,0,dom
18,73582211,DR Congo,Morocco,1,2,3,1,2,ext
18,73582212,Egypt,South Africa,0,0,0,0,0,nul
18,73582213,Burkina Faso,Botswana,1,2,3,1,2,ext
18,73582214,Algeria,Benin,1,0,1,1,0,dom
18,73582215,Gabon,Zimbabwe,0,3,3,0,3,ext
18,73582217,Tunisia,Comoros,1,0,1,1,0,dom
18,73582218,Sudan,Cameroon,0,0,0,0,0,nul
19,73582219,Morocco,Mali,1,1,2,1,1,nul
19,73582220,Mozambique,Senegal,1,0,1,1,0,dom
19,73582221,Ivory Coast,Burkina Faso,4,0,4,4,0,dom
19,73582225,Nigeria,DR Congo,0,2,2,0,2,ext
19,73582226,Comoros,Egypt,0,0,0,0,0,nul
19,73582227,Botswana,Sudan,2,0,2,2,0,dom
19,73582228,Cameroon,Angola,0,1,1,0,1,ext
19,73582229,South Africa,Gabon,3,1,4,3,1,dom
19,73582230,Zambia,Algeria,1,1,2,1,1,nul
20,73582231,Mali,Nigeria,0,0,0,0,0,nul
20,73582235,Uganda,South Africa,1,2,3,1,2,ext
20,73582236,Benin,Cameroon,0,0,0,0,0,nul
20,73582237,Egypt,Tunisia,0,1,1,0,1,ext
20,73582239,Burkina Faso,Morocco,2,3,5,2,3,ext
20,73582240,Algeria,Mozambique,2,0,2,2,0,dom
20,73582241,Sudan,Ivory Coast,3,1,4,3,1,dom
20,73582242,Angola,Botswana,0,0,0,0,0,nul
21,73582243,Tanzania,Egypt,0,0,0,0,0,nul
21,73582245,Botswana,Benin,2,0,2,2,0,dom
21,73582246,Ivory Coast,Angola,1,0,1,1,0,dom
21,73582247,Mozambique,Equatorial Guinea,1,0,1,1,0,dom
21,73582248,Morocco,Sudan,0,0,0,0,0,nul
21,73582249,Zimbabwe,Algeria,3,1,4,3,1,dom
21,73582250,Nigeria,Burkina Faso,1,0,1,1,0,dom
21,73582251,Comoros,Uganda,1,1,2,1,1,nul
21,73582252,DR Congo,Mali,1,0,1,1,0,dom
21,73582253,Tunisia,Gabon,1,0,1,1,0,dom
21,73582254,Cameroon,Zambia,1,0,1,1,0,dom
22,73582256,Sudan,Nigeria,1,1,2,1,1,nul
22,73582257,Algeria,South Africa,2,1,3,2,1,dom
22,73582259,Equatorial Guinea,Zimbabwe,0,2,2,0,2,ext
22,73582260,Burkina Faso,DR Congo,0,0,0,0,0,nul
22,73582261,Uganda,Tunisia,0,1,1,0,1,ext
22,73582262,Angola,Morocco,0,1,1,0,1,ext
22,73582263,Mali,Tanzania,1,1,2,1,1,nul
22,73582264,Benin,Ivory Coast,0,0,0,0,0,nul
22,73582265,Senegal,Comoros,1,0,1,1,0,dom
22,73582266,Cameroon,Mozambique,3,2,5,3,2,dom
23,73582267,Tanzania,Gabon,0,0,0,0,0,nul
23,73582269,Morocco,Benin,5,0,5,5,0,dom
23,73582270,Comoros,Algeria,0,0,0,0,0,nul
23,73582271,Tunisia,Senegal,2,0,2,2,0,dom
23,73582273,DR Congo,Sudan,3,0,3,3,0,dom
23,73582274,Nigeria,Angola,0,0,0,0,0,nul
23,73582275,South Africa,Equatorial Guinea,1,0,1,1,0,dom
23,73582276,Ivory Coast,Zambia,1,1,2,1,1,nul
23,73582278,Botswana,Mozambique,1,1,2,1,1,nul
24,73582279,Angola,DR Congo,0,0,0,0,0,nul
24,73582281,Zambia,Morocco,0,1,1,0,1,ext
24,73582282,Equatorial Guinea,Comoros,1,1,2,1,1,nul
24,73582283,Cameroon,South Africa,2,0,2,2,0,dom
24,73582284,Uganda,Gabon,2,3,5,2,3,ext
24,73582285,Mozambique,Ivory Coast,1,1,2,1,1,nul
24,73582286,Botswana,Zimbabwe,1,0,1,1,0,dom
24,73582287,Benin,Nigeria,0,0,0,0,0,nul
24,73582289,Sudan,Mali,0,1,1,0,1,ext
24,73582290,Algeria,Tunisia,0,1,1,0,1,ext
25,73582291,Burkina Faso,Sudan,2,1,3,2,1,dom
25,73582292,Egypt,Algeria,0,0,0,0,0,nul
25,73582293,DR Congo,Benin,2,1,3,2,1,dom
25,73582294,Comoros,Cameroon,1,0,1,1,0,dom
25,73582296,Tunisia,Equatorial Guinea,2,1,3,2,1,dom
25,73582298,Nigeria,Zambia,0,0,0,0,0,nul
25,73582299,Gabon,Senegal,0,1,1,0,1,ext
25,73582300,Mali,Angola,1,0,1,1,0,dom
25,73582301,Tanzania,Uganda,0,0,0,0,0,nul
25,73582302,South Africa,Botswana,1,0,1,1,0,dom
26,73582303,Algeria,Gabon,1,0,1,1,0,dom
26,73582306,Ivory Coast,South Africa,1,0,1,1,0,dom
26,73582307,Equatorial Guinea,Egypt,1,0,1,1,0,dom
26,73582309,Zambia,DR Congo,1,1,2,1,1,nul
26,73582310,Benin,Mali,0,0,0,0,0,nul
26,73582312,Botswana,Comoros,1,0,1,1,0,dom
26,73582313,Cameroon,Tunisia,1,0,1,1,0,dom
27,73582315,DR Congo,Mozambique,0,1,1,0,1,ext
27,73582316,Burkina Faso,Benin,1,1,2,1,1,nul
27,73582319,Morocco,South Africa,2,1,3,2,1,dom
27,73582322,Tunisia,Botswana,1,1,2,1,1,nul
27,73582325,Uganda,Algeria,0,1,1,0,1,ext
28,73582327,Benin,Sudan,3,0,3,3,0,dom
28,73582328,South Africa,Nigeria,2,2,4,2,2,nul
28,73582329,Botswana,Egypt,1,1,2,1,1,nul
28,73582331,Zambia,Burkina Faso,1,1,2,1,1,nul
28,73582332,Mozambique,Mali,0,0,0,0,0,nul
28,73582333,Zimbabwe,DR Congo,0,0,0,0,0,nul
28,73582336,Angola,Tanzania,0,0,0,0,0,nul
28,73582337,Equatorial Guinea,Uganda,1,0,1,1,0,dom
28,73582338,Algeria,Senegal,1,1,2,1,1,nul
29,73582339,Angola,Benin,4,0,4,4,0,dom
29,73582340,Uganda,Cameroon,0,3,3,0,3,ext
29,73582343,Gabon,Botswana,1,2,3,1,2,ext
29,73582344,Burkina Faso,Mozambique,0,2,2,0,2,ext
29,73582346,Nigeria,Comoros,1,0,1,1,0,dom
29,73582347,Egypt,Ivory Coast,0,0,0,0,0,nul
29,73582348,Tanzania,Algeria,0,0,0,0,0,nul
29,73582350,DR Congo,South Africa,2,1,3,2,1,dom
30,73582351,Nigeria,Tunisia,1,1,2,1,1,nul
30,73582352,Zambia,Angola,0,3,3,0,3,ext
30,73582353,Zimbabwe,Burkina Faso,2,1,3,2,1,dom
30,73582354,Cameroon,Senegal,2,2,4,2,2,nul
30,73582355,Benin,Tanzania,2,0,2,2,0,dom
30,73582356,Ivory Coast,Gabon,0,0,0,0,0,nul
30,73582357,Comoros,DR Congo,0,1,1,0,1,ext
30,73582358,South Africa,Mali,1,0,1,1,0,dom
30,73582360,Mozambique,Sudan,2,0,2,2,0,dom
30,73582362,Morocco,Egypt,0,3,3,0,3,ext
31,73582364,Algeria,Cameroon,4,0,4,4,0,dom
31,73582365,Egypt,Nigeria,0,0,0,0,0,nul
31,73582366,Benin,Zambia,3,0,3,3,0,dom
31,73582369,DR Congo,Tunisia,0,0,0,0,0,nul
31,73582370,Tanzania,Equatorial Guinea,0,1,1,0,1,ext
31,73582371,Burkina Faso,South Africa,0,3,3,0,3,ext
31,73582373,Mali,Comoros,0,0,0,0,0,nul
32,73582376,DR Congo,Egypt,0,0,0,0,0,nul
32,73582377,Tunisia,Mali,0,0,0,0,0,nul
32,73582378,Cameroon,Equatorial Guinea,3,0,3,3,0,dom
32,73582380,South Africa,Sudan,0,0,0,0,0,nul
32,73582381,Zambia,Tanzania,0,0,0,0,0,nul
32,73582384,Nigeria,Gabon,2,2,4,2,2,nul
32,73582385,Mozambique,Benin,0,0,0,0,0,nul
33,73582387,Zambia,Mozambique,0,0,0,0,0,nul
33,73582388,Burkina Faso,Tunisia,0,2,2,0,2,ext
33,73582389,Gabon,DR Congo,1,0,1,1,0,dom
33,73582390,Mali,Egypt,1,0,1,1,0,dom
33,73582391,Equatorial Guinea,Botswana,1,0,1,1,0,dom
33,73582392,Angola,South Africa,4,0,4,4,0,dom
33,73582393,Senegal,Morocco,0,0,0,0,0,nul
33,73582394,Benin,Zimbabwe,0,0,0,0,0,nul
33,73582395,Uganda,Nigeria,0,0,0,0,0,nul
33,73582396,Algeria,Ivory Coast,0,0,0,0,0,nul
33,73582398,Tanzania,Cameroon,0,0,0,0,0,nul
34,73582399,Nigeria,Senegal,0,0,0,0,0,nul
34,73582400,Botswana,Cameroon,0,0,0,0,0,nul
34,73582401,DR Congo,Uganda,0,0,0,0,0,nul
34,73582405,Comoros,Angola,0,0,0,0,0,nul
34,73582406,Tunisia,Sudan,2,0,2,2,0,dom
34,73582407,Mozambique,Tanzania,2,0,2,2,0,dom
34,73582408,Morocco,Algeria,2,2,4,2,2,nul
34,73582409,South Africa,Benin,4,0,4,4,0,dom
34,73582410,Ivory Coast,Equatorial Guinea,2,0,2,2,0,dom
35,73582411,Zambia,South Africa,0,0,0,0,0,nul
35,73582412,Senegal,DR Congo,3,0,3,3,0,dom
35,73582413,Equatorial Guinea,Morocco,0,0,0,0,0,nul
35,73582414,Angola,Tunisia,0,2,2,0,2,ext
35,73582416,Uganda,Mali,2,1,3,2,1,dom
35,73582417,Burkina Faso,Gabon,2,1,3,2,1,dom
35,73582418,Sudan,Egypt,0,0,0,0,0,nul
35,73582419,Mozambique,Zimbabwe,1,1,2,1,1,nul
35,73582420,Algeria,Nigeria,0,1,1,0,1,ext
35,73582422,Benin,Comoros,1,0,1,1,0,dom
36,73582423,Tunisia,Benin,0,1,1,0,1,ext
36,73582425,Morocco,Cameroon,0,0,0,0,0,nul
36,73582426,Mali,Senegal,1,0,1,1,0,dom
36,73582427,Burkina Faso,Uganda,2,0,2,2,0,dom
36,73582428,Comoros,Zambia,0,4,4,0,4,ext
36,73582429,Nigeria,Equatorial Guinea,1,0,1,1,0,dom
36,73582430,South Africa,Mozambique,2,1,3,2,1,dom
36,73582431,Zimbabwe,Tanzania,0,0,0,0,0,nul
36,73582432,DR Congo,Algeria,2,2,4,2,2,nul
36,73582433,Gabon,Sudan,1,1,2,1,1,nul
36,73582434,Ivory Coast,Botswana,1,1,2,1,1,nul
37,73582437,Mozambique,Comoros,1,0,1,1,0,dom
37,73582438,Algeria,Mali,1,0,1,1,0,dom
37,73582439,Senegal,Burkina Faso,1,0,1,1,0,dom
37,73582440,Cameroon,Nigeria,2,1,3,2,1,dom
37,73582441,Benin,Egypt,1,0,1,1,0,dom
37,73582442,Sudan,Uganda,1,1,2,1,1,nul
37,73582444,Tanzania,Ivory Coast,3,0,3,3,0,dom
37,73582445,Zimbabwe,South Africa,2,1,3,2,1,dom
37,73582446,Equatorial Guinea,DR Congo,0,1,1,0,1,ext
38,73582447,DR Congo,Cameroon,1,1,2,1,1,nul
38,73582449,Morocco,Ivory Coast,2,1,3,2,1,dom
38,73582450,Burkina Faso,Algeria,1,1,2,1,1,nul
38,73582452,Nigeria,Botswana,1,4,5,1,4,ext
38,73582453,South Africa,Tanzania,0,1,1,0,1,ext
38,73582455,Egypt,Zambia,1,0,1,1,0,dom
38,73582456,Tunisia,Mozambique,1,1,2,1,1,nul
38,73582457,Uganda,Angola,0,0,0,0,0,nul
38,73582458,Mali,Equatorial Guinea,1,0,1,1,0,dom
39,73582459,Ivory Coast,Nigeria,0,3,3,0,3,ext
39,73582461,South Africa,Comoros,1,1,2,1,1,nul
39,73582462,Botswana,DR Congo,0,1,1,0,1,ext
39,73582463,Algeria,Sudan,2,1,3,2,1,dom
39,73582464,Zimbabwe,Tunisia,0,0,0,0,0,nul
39,73582466,Mozambique,Egypt,0,3,3,0,3,ext
39,73582468,Tanzania,Morocco,3,0,3,3,0,dom
39,73582469,Benin,Uganda,0,1,1,0,1,ext
39,73582470,Cameroon,Mali,4,0,4,4,0,dom
40,73582471,Angola,Algeria,0,0,0,0,0,nul
40,73582472,Tunisia,South Africa,2,0,2,2,0,dom
40,73582473,Senegal,Benin,0,5,5,0,5,ext
40,73582474,Burkina Faso,Cameroon,2,1,3,2,1,dom
40,73582475,Gabon,Mozambique,2,1,3,2,1,dom
40,73582476,Comoros,Tanzania,1,0,1,1,0,dom
40,73582477,Nigeria,Morocco,4,0,4,4,0,dom
40,73582478,Sudan,Equatorial Guinea,4,0,4,4,0,dom
40,73582479,Egypt,Zimbabwe,1,1,2,1,1,nul
40,73582480,Uganda,Zambia,0,4,4,0,4,ext
40,73582481,Mali,Botswana,1,3,4,1,3,ext
40,73582482,DR Congo,Ivory Coast,1,3,4,1,3,ext
41,73582484,Ivory Coast,Mali,3,0,3,3,0,dom
41,73582485,Zambia,Senegal,0,0,0,0,0,nul
41,73582486,Tanzania,Nigeria,0,1,1,0,1,ext
41,73582487,Morocco,DR Congo,0,1,1,0,1,ext
41,73582488,South Africa,Egypt,1,0,1,1,0,dom
41,73582489,Botswana,Burkina Faso,0,0,0,0,0,nul
41,73582490,Benin,Algeria,1,1,2,1,1,nul
41,73582491,Zimbabwe,Gabon,1,0,1,1,0,dom
41,73582493,Comoros,Tunisia,0,0,0,0,0,nul
41,73582494,Cameroon,Sudan,0,3,3,0,3,ext
42,73582495,Mali,Morocco,2,0,2,2,0,dom
42,73582496,Senegal,Mozambique,2,1,3,2,1,dom
42,73582497,Burkina Faso,Ivory Coast,2,2,4,2,2,nul
42,73582501,DR Congo,Nigeria,3,0,3,3,0,dom
42,73582503,Sudan,Botswana,0,0,0,0,0,nul
42,73582504,Angola,Cameroon,0,0,0,0,0,nul
42,73582505,Gabon,South Africa,1,2,3,1,2,ext
42,73582506,Algeria,Zambia,3,0,3,3,0,dom
43,73582507,Nigeria,Mali,0,1,1,0,1,ext
43,73582510,Zambia,Equatorial Guinea,1,0,1,1,0,dom
43,73582511,South Africa,Uganda,1,1,2,1,1,nul
43,73582512,Cameroon,Benin,6,0,6,6,0,dom
43,73582513,Tunisia,Egypt,0,0,0,0,0,nul
43,73582515,Morocco,Burkina Faso,3,1,4,3,1,dom
43,73582516,Mozambique,Algeria,0,0,0,0,0,nul
43,73582517,Ivory Coast,Sudan,6,0,6,6,0,dom
43,73582518,Botswana,Angola,1,1,2,1,1,nul
44,73582519,Egypt,Tanzania,0,0,0,0,0,nul
44,73582521,Benin,Botswana,0,0,0,0,0,nul
44,73582522,Angola,Ivory Coast,3,1,4,3,1,dom
44,73582523,Equatorial Guinea,Mozambique,1,1,2,1,1,nul
44,73582524,Sudan,Morocco,3,0,3,3,0,dom
44,73582525,Algeria,Zimbabwe,1,2,3,1,2,ext
44,73582526,Burkina Faso,Nigeria,4,0,4,4,0,dom
44,73582527,Uganda,Comoros,0,0,0,0,0,nul
44,73582529,Gabon,Tunisia,2,1,3,2,1,dom
44,73582530,Zambia,Cameroon,0,1,1,0,1,ext
33,73720719,Zambia,Comoros,0,0,0,0,0,nul
33,73720720,Gabon,Algeria,0,2,2,0,2,ext
33,73720722,Ivory Coast,Zimbabwe,1,0,1,1,0,dom
33,73720724,DR Congo,Senegal,4,0,4,4,0,dom
33,73720727,Equatorial Guinea,Angola,0,0,0,0,0,nul
33,73720728,Tunisia,Mozambique,0,0,0,0,0,nul
33,73720730,Benin,Nigeria,0,0,0,0,0,nul
34,73720731,Tunisia,Equatorial Guinea,1,2,3,1,2,ext
34,73720732,Burkina Faso,DR Congo,3,0,3,3,0,dom
34,73720735,Tanzania,Zambia,0,0,0,0,0,nul
34,73720738,Zimbabwe,Cameroon,1,0,1,1,0,dom
34,73720739,Angola,Benin,2,1,3,2,1,dom
34,73720740,Botswana,Sudan,1,2,3,1,2,ext
34,73720742,Nigeria,Morocco,1,1,2,1,1,nul
35,73720744,Cameroon,Algeria,2,0,2,2,0,dom
35,73720745,Senegal,Tanzania,0,1,1,0,1,ext
35,73720746,Burkina Faso,Botswana,1,0,1,1,0,dom
35,73720747,Uganda,Equatorial Guinea,2,0,2,2,0,dom
35,73720749,Gabon,Mozambique,0,2,2,0,2,ext
35,73720752,South Africa,Nigeria,0,1,1,0,1,ext
35,73720753,Benin,Tunisia,1,0,1,1,0,dom
36,73720755,Tunisia,Morocco,0,1,1,0,1,ext
36,73720756,Tanzania,Comoros,2,2,4,2,2,nul
36,73720760,Angola,South Africa,0,4,4,0,4,ext
36,73720761,Algeria,Sudan,1,0,1,1,0,dom
36,73720763,Mali,Cameroon,0,0,0,0,0,nul
36,73720764,Egypt,Senegal,2,2,4,2,2,nul
36,73720765,Nigeria,Zambia,1,1,2,1,1,nul
36,73720766,Zimbabwe,Burkina Faso,1,1,2,1,1,nul
37,73720767,Gabon,Benin,1,0,1,1,0,dom
37,73720768,Cameroon,Mozambique,1,1,2,1,1,nul
37,73720769,Comoros,Egypt,1,0,1,1,0,dom
37,73720771,Zambia,Angola,1,0,1,1,0,dom
37,73720773,Sudan,Mali,1,0,1,1,0,dom
37,73720774,Botswana,Zimbabwe,1,1,2,1,1,nul
37,73720776,DR Congo,Tanzania,3,0,3,3,0,dom
37,73720777,Burkina Faso,Algeria,2,1,3,2,1,dom
37,73720778,Senegal,Nigeria,0,1,1,0,1,ext
38,73720779,Egypt,Tanzania,1,1,2,1,1,nul
38,73720780,Mozambique,Sudan,1,1,2,1,1,nul
38,73720782,Algeria,Botswana,1,1,2,1,1,nul
38,73720783,Equatorial Guinea,Cameroon,1,2,3,1,2,ext
38,73720784,Nigeria,Comoros,1,4,5,1,4,ext
38,73720789,Angola,Senegal,0,0,0,0,0,nul
39,73720791,Zambia,Uganda,0,3,3,0,3,ext
39,73720792,Cameroon,Benin,1,0,1,1,0,dom
39,73720793,Comoros,Angola,1,1,2,1,1,nul
39,73720796,Burkina Faso,Mozambique,0,0,0,0,0,nul
39,73720797,DR Congo,Egypt,0,0,0,0,0,nul
39,73720798,South Africa,Gabon,0,3,3,0,3,ext
39,73720800,Ivory Coast,Morocco,3,0,3,3,0,dom
39,73720802,Tanzania,Nigeria,4,0,4,4,0,dom
40,73720804,Angola,Tanzania,0,0,0,0,0,nul
40,73720805,Equatorial Guinea,Burkina Faso,0,0,0,0,0,nul
40,73720809,Nigeria,Egypt,0,0,0,0,0,nul
40,73720812,Ivory Coast,South Africa,3,1,4,3,1,dom
40,73720813,Algeria,DR Congo,1,1,2,1,1,nul
40,73720814,Uganda,Senegal,0,2,2,0,2,ext
41,73720816,Egypt,Angola,3,0,3,3,0,dom
41,73720817,Burkina Faso,Benin,0,0,0,0,0,nul
41,73720818,Comoros,Uganda,0,1,1,0,1,ext
41,73720819,Sudan,Morocco,0,1,1,0,1,ext
41,73720820,Cameroon,South Africa,1,0,1,1,0,dom
41,73720821,DR Congo,Nigeria,0,0,0,0,0,nul
41,73720822,Algeria,Mali,1,1,2,1,1,nul
41,73720824,Botswana,Equatorial Guinea,0,0,0,0,0,nul
41,73720825,Tanzania,Tunisia,0,0,0,0,0,nul
41,73720826,Zimbabwe,Mozambique,0,3,3,0,3,ext
42,73720827,Mozambique,Algeria,2,0,2,2,0,dom
42,73720828,Ivory Coast,Senegal,2,1,3,2,1,dom
42,73720830,Morocco,Burkina Faso,3,1,4,3,1,dom
42,73720831,Equatorial Guinea,Zimbabwe,0,0,0,0,0,nul
42,73720832,Cameroon,Zambia,3,0,3,3,0,dom
42,73720833,Uganda,Tanzania,3,0,3,3,0,dom
42,73720835,South Africa,Sudan,0,0,0,0,0,nul
42,73720836,Benin,Botswana,0,0,0,0,0,nul
42,73720837,Gabon,Comoros,1,2,3,1,2,ext
42,73720838,Mali,DR Congo,3,0,3,3,0,dom
43,73720839,Algeria,Equatorial Guinea,0,0,0,0,0,nul
43,73720840,Comoros,Ivory Coast,1,0,1,1,0,dom
43,73720841,Nigeria,Tunisia,1,1,2,1,1,nul
43,73720842,Burkina Faso,South Africa,1,2,3,1,2,ext
43,73720844,Egypt,Uganda,0,0,0,0,0,nul
43,73720847,Botswana,Morocco,0,0,0,0,0,nul
43,73720849,Sudan,Zambia,1,1,2,1,1,nul
43,73720850,Tanzania,Gabon,0,0,0,0,0,nul
44,73720851,Tunisia,Angola,0,0,0,0,0,nul
44,73720852,Ivory Coast,Tanzania,1,0,1,1,0,dom
44,73720854,Zambia,Burkina Faso,3,1,4,3,1,dom
44,73720855,Equatorial Guinea,Mali,1,1,2,1,1,nul
44,73720856,Benin,Algeria,3,0,3,3,0,dom
44,73720858,Uganda,Nigeria,4,0,4,4,0,dom
44,73720859,South Africa,Botswana,0,0,0,0,0,nul
44,73720861,Morocco,Zimbabwe,2,1,3,2,1,dom
44,73720862,Sudan,Senegal,0,1,1,0,1,ext
45,73720864,Nigeria,Gabon,0,0,0,0,0,nul
45,73720866,Botswana,Zambia,0,0,0,0,0,nul
45,73720868,Algeria,Morocco,1,0,1,1,0,dom
45,73720869,Burkina Faso,Senegal,0,0,0,0,0,nul
45,73720871,Mozambique,Equatorial Guinea,4,0,4,4,0,dom
45,73720872,Zimbabwe,South Africa,0,0,0,0,0,nul
45,73720874,Comoros,Sudan,2,1,3,2,1,dom
46,73720875,Sudan,Tanzania,0,2,2,0,2,ext
46,73720878,Benin,Mozambique,1,1,2,1,1,nul
46,73720879,Ivory Coast,Nigeria,0,0,0,0,0,nul
46,73720880,Zambia,Zimbabwe,5,0,5,5,0,dom
46,73720881,Morocco,Mali,2,2,4,2,2,nul
46,73720882,Burkina Faso,Comoros,3,0,3,3,0,dom
46,73720883,Senegal,Botswana,4,0,4,4,0,dom
46,73720884,Uganda,Tunisia,3,0,3,3,0,dom
46,73720885,Gabon,Angola,2,0,2,2,0,dom
46,73720886,Equatorial Guinea,DR Congo,1,3,4,1,3,ext
1,73726775,Mali,Zimbabwe,2,0,2,2,0,dom
1,73726777,DR Congo,Angola,0,0,0,0,0,nul
1,73726778,Tanzania,Nigeria,0,0,0,0,0,nul
1,73726781,Equatorial Guinea,Benin,2,0,2,2,0,dom
1,73726782,South Africa,Botswana,2,0,2,2,0,dom
1,73726783,Senegal,Tunisia,0,3,3,0,3,ext
1,73726784,Morocco,Comoros,1,0,1,1,0,dom
1,73726785,Mozambique,Ivory Coast,0,0,0,0,0,nul
2,73726787,Comoros,DR Congo,0,0,0,0,0,nul
2,73726788,Cameroon,Senegal,1,1,2,1,1,nul
2,73726791,Botswana,Equatorial Guinea,0,1,1,0,1,ext
2,73726792,Angola,Mali,0,1,1,0,1,ext
2,73726793,Uganda,Burkina Faso,2,0,2,2,0,dom
2,73726795,Zambia,Zimbabwe,0,0,0,0,0,nul
2,73726796,Egypt,South Africa,1,2,3,1,2,ext
2,73726797,Tunisia,Mozambique,1,1,2,1,1,nul
2,73726798,Nigeria,Algeria,0,1,1,0,1,ext
3,73726799,Burkina Faso,Senegal,0,0,0,0,0,nul
3,73726800,Morocco,Botswana,0,2,2,0,2,ext
3,73726802,Angola,Comoros,1,2,3,1,2,ext
3,73726803,South Africa,Uganda,0,0,0,0,0,nul
3,73726805,DR Congo,Benin,2,0,2,2,0,dom
3,73726806,Mozambique,Cameroon,0,0,0,0,0,nul
3,73726807,Tanzania,Ivory Coast,0,1,1,0,1,ext
3,73726808,Mali,Zambia,2,1,3,2,1,dom
4,73726811,Sudan,Zimbabwe,1,1,2,1,1,nul
4,73726812,Burkina Faso,Mozambique,1,0,1,1,0,dom
4,73726813,Tunisia,Tanzania,0,2,2,0,2,ext
4,73726816,Cameroon,Gabon,1,0,1,1,0,dom
4,73726817,Ivory Coast,Algeria,2,2,4,2,2,nul
4,73726818,Egypt,Morocco,3,0,3,3,0,dom
4,73726819,Uganda,Equatorial Guinea,1,0,1,1,0,dom
4,73726822,Benin,Angola,0,0,0,0,0,nul
5,73726823,Tanzania,Cameroon,0,0,0,0,0,nul
5,73726824,Equatorial Guinea,Senegal,0,0,0,0,0,nul
5,73726825,Mali,Nigeria,1,0,1,1,0,dom
5,73726826,Morocco,Uganda,2,0,2,2,0,dom
5,73726829,Zimbabwe,Ivory Coast,1,1,2,1,1,nul
5,73726830,DR Congo,Egypt,0,1,1,0,1,ext
5,73726831,Comoros,Benin,3,0,3,3,0,dom
5,73726832,Algeria,Tunisia,1,1,2,1,1,nul
5,73726833,South Africa,Mozambique,3,1,4,3,1,dom
5,73726834,Angola,Botswana,2,0,2,2,0,dom
6,73726835,South Africa,Gabon,0,0,0,0,0,nul
6,73726837,Ivory Coast,Zambia,0,0,0,0,0,nul
6,73726839,Egypt,Angola,0,0,0,0,0,nul
6,73726840,Senegal,Morocco,0,1,1,0,1,ext
6,73726841,Tunisia,Zimbabwe,6,0,6,6,0,dom
6,73726843,Benin,Mali,0,0,0,0,0,nul
6,73726844,Cameroon,Algeria,0,1,1,0,1,ext
6,73726846,Mozambique,Equatorial Guinea,0,0,0,0,0,nul
7,73726847,DR Congo,Senegal,1,0,1,1,0,dom
7,73726848,Morocco,Mozambique,5,1,6,5,1,dom
7,73726849,Zambia,Tunisia,0,2,2,0,2,ext
7,73726850,Zimbabwe,Cameroon,1,0,1,1,0,dom
7,73726852,Tanzania,South Africa,0,0,0,0,0,nul
7,73726853,Mali,Sudan,4,0,4,4,0,dom
7,73726855,Equatorial Guinea,Gabon,1,0,1,1,0,dom
7,73726856,Comoros,Egypt,0,0,0,0,0,nul
7,73726857,Algeria,Burkina Faso,2,0,2,2,0,dom
7,73726858,Angola,Uganda,1,1,2,1,1,nul
8,73726859,Cameroon,Zambia,1,0,1,1,0,dom
8,73726860,Ivory Coast,Sudan,3,0,3,3,0,dom
8,73726862,Botswana,Mali,0,0,0,0,0,nul
8,73726863,Gabon,Morocco,1,1,2,1,1,nul
8,73726864,Burkina Faso,Zimbabwe,2,0,2,2,0,dom
8,73726865,Tunisia,Nigeria,1,1,2,1,1,nul
8,73726866,South Africa,Algeria,1,0,1,1,0,dom
8,73726867,Equatorial Guinea,Tanzania,1,1,2,1,1,nul
8,73726868,Egypt,Benin,2,0,2,2,0,dom
8,73726869,Uganda,Comoros,1,1,2,1,1,nul
8,73726870,Senegal,Angola,2,0,2,2,0,dom
9,73726871,Zimbabwe,South Africa,4,0,4,4,0,dom
9,73726873,Zambia,Burkina Faso,1,0,1,1,0,dom
9,73726874,Mali,Ivory Coast,1,0,1,1,0,dom
9,73726876,Botswana,Egypt,2,0,2,2,0,dom
9,73726880,Comoros,Senegal,2,0,2,2,0,dom
9,73726881,Benin,Uganda,2,0,2,2,0,dom
9,73726882,Sudan,Tunisia,1,1,2,1,1,nul
10,73726883,Senegal,Benin,0,0,0,0,0,nul
10,73726884,Cameroon,Sudan,3,0,3,3,0,dom
10,73726885,Mozambique,Comoros,1,1,2,1,1,nul
10,73726886,Morocco,Algeria,1,0,1,1,0,dom
10,73726888,Burkina Faso,Nigeria,1,1,2,1,1,nul
10,73726889,Gabon,Angola,0,0,0,0,0,nul
10,73726891,South Africa,Zambia,2,1,3,2,1,dom
10,73726893,Equatorial Guinea,Zimbabwe,0,0,0,0,0,nul
10,73726894,Uganda,Botswana,1,0,1,1,0,dom
11,73726895,Sudan,Burkina Faso,0,1,1,0,1,ext
11,73726896,Mali,Tunisia,1,0,1,1,0,dom
11,73726898,Benin,Mozambique,0,1,1,0,1,ext
11,73726899,Ivory Coast,Cameroon,5,0,5,5,0,dom
11,73726900,Zambia,Equatorial Guinea,4,0,4,4,0,dom
11,73726901,Nigeria,South Africa,1,1,2,1,1,nul
11,73726902,Zimbabwe,Morocco,1,0,1,1,0,dom
11,73726903,Egypt,Uganda,2,0,2,2,0,dom
11,73726904,Botswana,Senegal,0,3,3,0,3,ext
11,73726906,Angola,Tanzania,1,1,2,1,1,nul
12,73726907,Gabon,Benin,1,1,2,1,1,nul
12,73726910,Morocco,Zambia,1,3,4,1,3,ext
12,73726911,Senegal,Egypt,4,0,4,4,0,dom
12,73726912,Burkina Faso,Ivory Coast,0,1,1,0,1,ext
12,73726913,Tanzania,Comoros,4,0,4,4,0,dom
12,73726914,Algeria,Angola,0,1,1,0,1,ext
12,73726916,Equatorial Guinea,Nigeria,0,1,1,0,1,ext
12,73726917,Cameroon,Tunisia,0,0,0,0,0,nul
12,73726918,Mozambique,Botswana,1,0,1,1,0,dom
13,73726919,Uganda,Senegal,0,0,0,0,0,nul
13,73726920,Mali,Cameroon,2,0,2,2,0,dom
13,73726921,Zambia,DR Congo,1,2,3,1,2,ext
13,73726923,Nigeria,Morocco,1,1,2,1,1,nul
13,73726924,Comoros,Algeria,2,0,2,2,0,dom
13,73726928,Botswana,Gabon,0,1,1,0,1,ext
13,73726929,Tunisia,Burkina Faso,5,0,5,5,0,dom
14,73726933,Morocco,Sudan,6,0,6,6,0,dom
14,73726936,Gabon,Egypt,0,4,4,0,4,ext
14,73726937,Tanzania,Botswana,0,0,0,0,0,nul
14,73726938,Angola,Zambia,1,2,3,1,2,ext
14,73726939,Algeria,Benin,3,0,3,3,0,dom
14,73726940,Senegal,Mali,0,0,0,0,0,nul
14,73726941,DR Congo,Nigeria,0,1,1,0,1,ext
14,73726942,Burkina Faso,Cameroon,0,0,0,0,0,nul
15,73726943,Comoros,Zambia,1,0,1,1,0,dom
15,73726944,Cameroon,South Africa,1,0,1,1,0,dom
15,73726945,Tunisia,Equatorial Guinea,0,1,1,0,1,ext
15,73726946,Nigeria,Angola,2,0,2,2,0,dom
15,73726947,Benin,Zimbabwe,0,1,1,0,1,ext
15,73726948,Botswana,Algeria,0,0,0,0,0,nul
15,73726950,Egypt,Tanzania,2,0,2,2,0,dom
15,73726953,Senegal,Mozambique,2,1,3,2,1,dom
16,73726955,Gabon,Senegal,0,0,0,0,0,nul
16,73726956,DR Congo,Ivory Coast,1,1,2,1,1,nul
16,73726960,Morocco,Tunisia,1,0,1,1,0,dom
16,73726961,Comoros,Nigeria,0,0,0,0,0,nul
16,73726964,Zambia,Benin,1,0,1,1,0,dom
16,73726966,Equatorial Guinea,Cameroon,0,0,0,0,0,nul
17,73726967,Mali,South Africa,0,0,0,0,0,nul
17,73726968,Senegal,Tanzania,0,2,2,0,2,ext
17,73726970,Botswana,Zambia,5,0,5,5,0,dom
17,73726971,Egypt,Zimbabwe,0,0,0,0,0,nul
17,73726973,Ivory Coast,Angola,1,0,1,1,0,dom
17,73726974,Sudan,Comoros,0,2,2,0,2,ext
17,73726975,Burkina Faso,Equatorial Guinea,1,0,1,1,0,dom
17,73726976,Uganda,Algeria,0,0,0,0,0,nul
18,73726979,DR Congo,Cameroon,0,1,1,0,1,ext
18,73726980,Morocco,Burkina Faso,0,0,0,0,0,nul
18,73726981,Tanzania,Mozambique,0,0,0,0,0,nul
18,73726982,Zambia,Egypt,1,0,1,1,0,dom
18,73726983,Comoros,Ivory Coast,1,2,3,1,2,ext
18,73726985,Algeria,Senegal,1,2,3,1,2,ext
18,73726986,Equatorial Guinea,South Africa,1,0,1,1,0,dom
18,73726988,Benin,Sudan,0,0,0,0,0,nul
18,73726989,Angola,Tunisia,1,0,1,1,0,dom
19,73726991,Mali,Equatorial Guinea,3,0,3,3,0,dom
19,73726992,Uganda,Zambia,0,0,0,0,0,nul
19,73726993,Senegal,Zimbabwe,2,0,2,2,0,dom
19,73726996,South Africa,Morocco,1,2,3,1,2,ext
19,73726997,Gabon,Tanzania,0,0,0,0,0,nul
19,73726998,Ivory Coast,Benin,4,0,4,4,0,dom
19,73726999,Burkina Faso,DR Congo,1,1,2,1,1,nul
19,73727001,Tunisia,Comoros,0,0,0,0,0,nul
19,73727002,Egypt,Nigeria,0,0,0,0,0,nul
20,73727003,Sudan,Egypt,0,3,3,0,3,ext
20,73727004,Nigeria,Uganda,2,0,2,2,0,dom
20,73727005,Zimbabwe,Mozambique,0,2,2,0,2,ext
20,73727006,Zambia,Senegal,0,0,0,0,0,nul
20,73727008,Angola,Burkina Faso,1,2,3,1,2,ext
20,73727009,Algeria,Gabon,2,1,3,2,1,dom
20,73727010,DR Congo,South Africa,0,1,1,0,1,ext
20,73727011,Morocco,Equatorial Guinea,6,0,6,6,0,dom
20,73727012,Benin,Tunisia,1,1,2,1,1,nul
20,73727013,Botswana,Ivory Coast,0,0,0,0,0,nul
20,73727014,Tanzania,Mali,0,1,1,0,1,ext
21,73727015,Egypt,Ivory Coast,0,0,0,0,0,nul
21,73727018,Cameroon,Benin,0,0,0,0,0,nul
21,73727020,Gabon,Zimbabwe,1,1,2,1,1,nul
21,73727021,Senegal,Nigeria,1,0,1,1,0,dom
21,73727023,Tunisia,Botswana,0,0,0,0,0,nul
21,73727024,Mozambique,Zambia,0,0,0,0,0,nul
37,73727209,Sudan,Morocco,1,0,1,1,0,dom
37,73727211,Comoros,Zimbabwe,1,0,1,1,0,dom
37,73727212,Egypt,Gabon,2,1,3,2,1,dom
37,73727213,Botswana,Tanzania,1,0,1,1,0,dom
37,73727215,Benin,Algeria,3,1,4,3,1,dom
37,73727216,Mali,Senegal,3,0,3,3,0,dom
37,73727217,Nigeria,DR Congo,2,1,3,2,1,dom
37,73727218,Cameroon,Burkina Faso,0,1,1,0,1,ext
38,73727219,Zambia,Comoros,1,1,2,1,1,nul
38,73727220,South Africa,Cameroon,1,1,2,1,1,nul
38,73727221,Equatorial Guinea,Tunisia,2,1,3,2,1,dom
38,73727222,Angola,Nigeria,1,1,2,1,1,nul
38,73727223,Zimbabwe,Benin,1,2,3,1,2,ext
38,73727225,Gabon,Uganda,0,1,1,0,1,ext
38,73727226,Tanzania,Egypt,2,1,3,2,1,dom
39,73727231,Senegal,Gabon,0,3,3,0,3,ext
39,73727232,Ivory Coast,DR Congo,1,0,1,1,0,dom
39,73727233,Egypt,Algeria,1,1,2,1,1,nul
39,73727235,Mali,Mozambique,2,1,3,2,1,dom
39,73727236,Tunisia,Morocco,0,0,0,0,0,nul
39,73727237,Nigeria,Comoros,0,0,0,0,0,nul
39,73727240,Benin,Zambia,3,0,3,3,0,dom
39,73727241,Uganda,Tanzania,0,1,1,0,1,ext
39,73727242,Cameroon,Equatorial Guinea,4,0,4,4,0,dom
40,73727243,South Africa,Mali,0,0,0,0,0,nul
40,73727244,Tanzania,Senegal,1,0,1,1,0,dom
40,73727246,Zambia,Botswana,1,0,1,1,0,dom
40,73727247,Zimbabwe,Egypt,0,0,0,0,0,nul
40,73727250,Comoros,Sudan,1,0,1,1,0,dom
40,73727252,Algeria,Uganda,0,0,0,0,0,nul
41,73727255,Cameroon,DR Congo,0,1,1,0,1,ext
41,73727256,Burkina Faso,Morocco,0,1,1,0,1,ext
41,73727257,Mozambique,Tanzania,1,1,2,1,1,nul
41,73727258,Egypt,Zambia,0,0,0,0,0,nul
41,73727259,Ivory Coast,Comoros,3,0,3,3,0,dom
41,73727260,Botswana,Nigeria,1,1,2,1,1,nul
41,73727261,Senegal,Algeria,2,0,2,2,0,dom
41,73727262,South Africa,Equatorial Guinea,6,0,6,6,0,dom
41,73727263,Uganda,Zimbabwe,0,1,1,0,1,ext
41,73727264,Sudan,Benin,0,0,0,0,0,nul
41,73727265,Tunisia,Angola,1,0,1,1,0,dom
42,73727267,Equatorial Guinea,Mali,2,0,2,2,0,dom
42,73727268,Zambia,Uganda,2,1,3,2,1,dom
42,73727273,Tanzania,Gabon,3,0,3,3,0,dom
42,73727274,Benin,Ivory Coast,0,0,0,0,0,nul
42,73727275,DR Congo,Burkina Faso,0,0,0,0,0,nul
42,73727277,Comoros,Tunisia,1,2,3,1,2,ext
42,73727278,Nigeria,Egypt,3,0,3,3,0,dom
43,73727279,Egypt,Sudan,0,0,0,0,0,nul
43,73727280,Uganda,Nigeria,1,0,1,1,0,dom
43,73727281,Mozambique,Zimbabwe,1,1,2,1,1,nul
43,73727282,Senegal,Zambia,1,2,3,1,2,ext
43,73727284,Burkina Faso,Angola,0,0,0,0,0,nul
43,73727285,Gabon,Algeria,1,0,1,1,0,dom
43,73727286,South Africa,DR Congo,1,0,1,1,0,dom
43,73727288,Tunisia,Benin,0,0,0,0,0,nul
43,73727289,Ivory Coast,Botswana,1,1,2,1,1,nul
43,73727290,Mali,Tanzania,0,0,0,0,0,nul
44,73727291,Ivory Coast,Egypt,0,0,0,0,0,nul
44,73727292,Algeria,Tanzania,1,0,1,1,0,dom
44,73727294,Benin,Cameroon,3,1,4,3,1,dom
44,73727295,Angola,South Africa,1,1,2,1,1,nul
44,73727296,Zimbabwe,Gabon,3,0,3,3,0,dom
44,73727297,Nigeria,Senegal,1,2,3,1,2,ext
44,73727299,Botswana,Tunisia,0,0,0,0,0,nul
44,73727300,Zambia,Mozambique,3,1,4,3,1,dom
44,73727302,Morocco,Mali,0,1,1,0,1,ext
45,73727303,Burkina Faso,Benin,4,0,4,4,0,dom
45,73727304,Uganda,Ivory Coast,0,0,0,0,0,nul
45,73727307,Mali,Algeria,1,0,1,1,0,dom
45,73727308,Tunisia,Egypt,1,0,1,1,0,dom
45,73727309,Gabon,Zambia,0,2,2,0,2,ext
45,73727310,South Africa,Comoros,2,0,2,2,0,dom
45,73727311,Tanzania,Zimbabwe,0,0,0,0,0,nul
45,73727312,Cameroon,Botswana,1,0,1,1,0,dom
45,73727303,Burkina Faso,Benin,4,0,4,4,0,dom
45,73727304,Uganda,Ivory Coast,0,0,0,0,0,nul
45,73727307,Mali,Algeria,1,0,1,1,0,dom
45,73727308,Tunisia,Egypt,1,0,1,1,0,dom
45,73727309,Gabon,Zambia,0,2,2,0,2,ext
45,73727310,South Africa,Comoros,2,0,2,2,0,dom
45,73727311,Tanzania,Zimbabwe,0,0,0,0,0,nul
45,73727312,Cameroon,Botswana,1,0,1,1,0,dom
46,73727315,Botswana,Burkina Faso,0,2,2,0,2,ext
46,73727316,Angola,Morocco,0,0,0,0,0,nul
46,73727317,Zambia,Tanzania,3,0,3,3,0,dom
46,73727318,Benin,South Africa,1,1,2,1,1,nul
46,73727320,Comoros,Equatorial Guinea,5,0,5,5,0,dom
46,73727321,Egypt,Cameroon,2,2,4,2,2,nul
46,73727322,Nigeria,Gabon,3,0,3,3,0,dom
46,73727323,Sudan,Mozambique,4,0,4,4,0,dom
46,73727325,Zimbabwe,Algeria,2,0,2,2,0,dom
1,73732729,Benin,South Africa,2,0,2,2,0,dom
1,73732731,Zimbabwe,Comoros,0,0,0,0,0,nul
1,73732732,Cameroon,Tanzania,0,0,0,0,0,nul
1,73732733,Egypt,Zambia,1,1,2,1,1,nul
1,73732735,Ivory Coast,Mozambique,2,0,2,2,0,dom
1,73732736,Gabon,Morocco,2,0,2,2,0,dom
1,73732737,Burkina Faso,Uganda,0,3,3,0,3,ext
1,73732738,Nigeria,Tunisia,1,0,1,1,0,dom
2,73732741,Morocco,Algeria,2,1,3,2,1,dom
2,73732742,Mali,Nigeria,0,0,0,0,0,nul
2,73732744,Senegal,Zimbabwe,2,0,2,2,0,dom
2,73732745,Mozambique,Benin,2,1,3,2,1,dom
2,73732746,Uganda,Botswana,3,0,3,3,0,dom
2,73732747,Tanzania,Gabon,2,1,3,2,1,dom
2,73732750,Burkina Faso,Egypt,2,1,3,2,1,dom
2,73732751,South Africa,Sudan,4,0,4,4,0,dom
3,73732753,Gabon,Zambia,0,0,0,0,0,nul
3,73732754,DR Congo,Morocco,0,2,2,0,2,ext
3,73732755,Algeria,Tanzania,1,2,3,1,2,ext
3,73732757,Zimbabwe,Angola,0,0,0,0,0,nul
3,73732758,Nigeria,Uganda,3,0,3,3,0,dom
3,73732759,Benin,Tunisia,2,0,2,2,0,dom
3,73732760,Botswana,Egypt,0,0,0,0,0,nul
3,73732761,Sudan,Mozambique,0,1,1,0,1,ext
3,73732763,Comoros,Equatorial Guinea,0,0,0,0,0,nul
3,73732764,Cameroon,Burkina Faso,2,0,2,2,0,dom
4,73732765,Burkina Faso,Gabon,1,1,2,1,1,nul
4,73732766,Mali,Benin,1,0,1,1,0,dom
4,73732767,Egypt,Nigeria,0,2,2,0,2,ext
4,73732768,Zambia,Algeria,3,1,4,3,1,dom
4,73732769,Tanzania,DR Congo,2,0,2,2,0,dom
4,73732770,Botswana,Cameroon,1,0,1,1,0,dom
4,73732771,Tunisia,Sudan,2,2,4,2,2,nul
4,73732772,South Africa,Zimbabwe,3,0,3,3,0,dom
4,73732773,Uganda,Ivory Coast,1,0,1,1,0,dom
4,73732774,Mozambique,Senegal,1,0,1,1,0,dom
4,73732775,Equatorial Guinea,Angola,0,0,0,0,0,nul
4,73732776,Morocco,Comoros,0,0,0,0,0,nul
5,73732779,Algeria,Burkina Faso,2,1,3,2,1,dom
5,73732781,Senegal,Tunisia,0,0,0,0,0,nul
5,73732783,Sudan,Mali,0,2,2,0,2,ext
5,73732785,Nigeria,Cameroon,2,0,2,2,0,dom
5,73732788,Gabon,Botswana,1,2,3,1,2,ext
6,73732789,Morocco,Equatorial Guinea,0,0,0,0,0,nul
6,73732792,Burkina Faso,DR Congo,2,0,2,2,0,dom
6,73732793,Tunisia,South Africa,0,0,0,0,0,nul
6,73732794,Egypt,Benin,0,1,1,0,1,ext
6,73732795,Tanzania,Angola,6,0,6,6,0,dom
6,73732796,Mozambique,Zimbabwe,0,1,1,0,1,ext
6,73732797,Uganda,Sudan,0,0,0,0,0,nul
6,73732798,Botswana,Algeria,0,1,1,0,1,ext
6,73732799,Nigeria,Gabon,0,0,0,0,0,nul
6,73732800,Zambia,Comoros,0,0,0,0,0,nul
7,73732801,Equatorial Guinea,Tanzania,0,0,0,0,0,nul
7,73732802,Mozambique,Tunisia,1,0,1,1,0,dom
7,73732803,Angola,Zambia,1,2,3,1,2,ext
7,73732804,Sudan,Egypt,1,0,1,1,0,dom
7,73732805,Ivory Coast,Gabon,0,0,0,0,0,nul
7,73732807,Algeria,Nigeria,0,0,0,0,0,nul
7,73732808,Comoros,Burkina Faso,0,1,1,0,1,ext
7,73732809,Benin,Cameroon,4,0,4,4,0,dom
7,73732810,Senegal,Uganda,0,0,0,0,0,nul
7,73732811,South Africa,Mali,1,0,1,1,0,dom
8,73732813,Gabon,Benin,1,1,2,1,1,nul
8,73732814,Uganda,South Africa,0,1,1,0,1,ext
8,73732815,Tanzania,Morocco,2,1,3,2,1,dom
8,73732817,Burkina Faso,Angola,0,2,2,0,2,ext
8,73732818,Botswana,Comoros,1,1,2,1,1,nul
8,73732819,Tunisia,Zimbabwe,1,0,1,1,0,dom
8,73732820,Ivory Coast,Algeria,1,0,1,1,0,dom
8,73732821,Nigeria,DR Congo,0,0,0,0,0,nul
8,73732822,Zambia,Equatorial Guinea,1,0,1,1,0,dom
8,73732823,Cameroon,Sudan,0,1,1,0,1,ext
8,73732824,Mali,Mozambique,1,0,1,1,0,dom
9,73732825,Equatorial Guinea,Burkina Faso,4,0,4,4,0,dom
9,73732827,South Africa,Egypt,1,0,1,1,0,dom
9,73732828,Sudan,Gabon,1,0,1,1,0,dom
9,73732829,Zimbabwe,Tanzania,1,0,1,1,0,dom
9,73732830,Senegal,Cameroon,2,0,2,2,0,dom
9,73732831,Benin,Algeria,1,1,2,1,1,nul
9,73732832,DR Congo,Ivory Coast,0,0,0,0,0,nul
9,73732833,Mozambique,Uganda,2,0,2,2,0,dom
9,73732834,Angola,Botswana,2,0,2,2,0,dom
9,73732835,Morocco,Zambia,2,0,2,2,0,dom
9,73732836,Comoros,Nigeria,1,1,2,1,1,nul
10,73732837,Nigeria,Angola,0,1,1,0,1,ext
10,73732838,Zambia,Tanzania,1,1,2,1,1,nul
10,73732839,Ivory Coast,Comoros,1,1,2,1,1,nul
10,73732841,Gabon,Senegal,3,0,3,3,0,dom
10,73732842,Uganda,Tunisia,0,0,0,0,0,nul
10,73732843,Egypt,Mozambique,1,1,2,1,1,nul
10,73732844,Cameroon,South Africa,1,2,3,1,2,ext
10,73732845,Burkina Faso,Morocco,1,1,2,1,1,nul
10,73732846,Algeria,Sudan,2,0,2,2,0,dom
10,73732847,Mali,Zimbabwe,1,1,2,1,1,nul
11,73732849,Equatorial Guinea,Nigeria,1,0,1,1,0,dom
11,73732850,Tanzania,Burkina Faso,1,0,1,1,0,dom
11,73732851,Tunisia,Egypt,2,1,3,2,1,dom
11,73732853,Comoros,Benin,3,0,3,3,0,dom
11,73732854,Mozambique,Cameroon,1,0,1,1,0,dom
11,73732855,Mali,Uganda,2,0,2,2,0,dom
11,73732858,Angola,Ivory Coast,0,0,0,0,0,nul
11,73732859,South Africa,Gabon,5,0,5,5,0,dom
11,73732860,Senegal,Algeria,3,0,3,3,0,dom
12,73732861,Benin,Angola,1,1,2,1,1,nul
12,73732862,Uganda,Zimbabwe,1,2,3,1,2,ext
12,73732863,Ivory Coast,Equatorial Guinea,1,1,2,1,1,nul
12,73732865,Gabon,Mozambique,4,0,4,4,0,dom
12,73732867,Sudan,Comoros,4,0,4,4,0,dom
12,73732870,Burkina Faso,Zambia,0,1,1,0,1,ext
12,73732871,Nigeria,Morocco,0,0,0,0,0,nul
13,73732874,Zambia,Botswana,0,0,0,0,0,nul
13,73732876,Zimbabwe,Burkina Faso,0,1,1,0,1,ext
13,73732877,Mozambique,Algeria,4,1,5,4,1,dom
13,73732878,Equatorial Guinea,Benin,2,0,2,2,0,dom
13,73732879,Tunisia,Gabon,1,0,1,1,0,dom
13,73732881,Senegal,Comoros,1,1,2,1,1,nul
14,73732885,Nigeria,Zambia,1,1,2,1,1,nul
14,73732886,Benin,Morocco,1,0,1,1,0,dom
14,73732887,Sudan,Equatorial Guinea,1,1,2,1,1,nul
14,73732888,Comoros,South Africa,1,1,2,1,1,nul
14,73732889,Botswana,Burkina Faso,1,1,2,1,1,nul
14,73732891,Cameroon,Uganda,0,1,1,0,1,ext
14,73732893,Gabon,Mali,3,1,4,3,1,dom
14,73732896,DR Congo,Mozambique,0,0,0,0,0,nul
15,73732898,Egypt,Cameroon,1,0,1,1,0,dom
15,73732899,Zimbabwe,Botswana,0,1,1,0,1,ext
15,73732900,Tanzania,Benin,2,0,2,2,0,dom
15,73732901,Mali,Algeria,0,1,1,0,1,ext
15,73732902,Burkina Faso,Nigeria,0,0,0,0,0,nul
15,73732903,Zambia,Ivory Coast,0,1,1,0,1,ext
15,73732907,Equatorial Guinea,Senegal,2,1,3,2,1,dom
15,73732908,Morocco,Sudan,0,0,0,0,0,nul
16,73732909,Angola,Mozambique,2,0,2,2,0,dom
16,73732911,Ivory Coast,Burkina Faso,2,0,2,2,0,dom
16,73732912,DR Congo,Mali,0,0,0,0,0,nul
16,73732914,Nigeria,Botswana,0,0,0,0,0,nul
16,73732915,Benin,Zambia,1,1,2,1,1,nul
16,73732916,Senegal,Morocco,0,2,2,0,2,ext
16,73732917,Comoros,Tunisia,0,2,2,0,2,ext
16,73732919,Sudan,Tanzania,0,1,1,0,1,ext
17,73732921,Tanzania,Senegal,0,0,0,0,0,nul
17,73732922,Mozambique,Equatorial Guinea,0,2,2,0,2,ext
17,73732923,Zimbabwe,Nigeria,1,1,2,1,1,nul
17,73732924,Cameroon,Gabon,5,0,5,5,0,dom
17,73732927,Mali,Comoros,1,0,1,1,0,dom
17,73732928,Tunisia,Angola,0,2,2,0,2,ext
17,73732929,Zambia,Sudan,1,0,1,1,0,dom
17,73732930,Uganda,DR Congo,0,0,0,0,0,nul
17,73732931,Burkina Faso,Benin,5,0,5,5,0,dom
17,73732932,Morocco,South Africa,1,1,2,1,1,nul
18,73732934,Mozambique,Morocco,0,0,0,0,0,nul
18,73732935,Angola,Mali,0,0,0,0,0,nul
18,73732936,DR Congo,Egypt,1,0,1,1,0,dom
18,73732937,Comoros,Uganda,1,2,3,1,2,ext
18,73732938,Benin,Botswana,0,0,0,0,0,nul
18,73732939,Equatorial Guinea,Tunisia,1,2,3,1,2,ext
18,73732942,South Africa,Tanzania,0,0,0,0,0,nul
18,73732943,Sudan,Burkina Faso,1,0,1,1,0,dom
18,73732944,Ivory Coast,Nigeria,0,0,0,0,0,nul
19,73732945,Nigeria,Benin,2,0,2,2,0,dom
19,73732946,Gabon,Algeria,1,1,2,1,1,nul
19,73732947,Zimbabwe,Ivory Coast,5,0,5,5,0,dom
19,73732951,Zambia,South Africa,0,1,1,0,1,ext
19,73732952,Tanzania,Mozambique,2,0,2,2,0,dom
19,73732953,Egypt,Comoros,0,0,0,0,0,nul
20,73732958,Mozambique,Zambia,0,0,0,0,0,nul
20,73732960,South Africa,Burkina Faso,0,3,3,0,3,ext
20,73732962,Senegal,Botswana,1,0,1,1,0,dom
20,73732963,DR Congo,Gabon,3,0,3,3,0,dom
20,73732965,Equatorial Guinea,Uganda,0,0,0,0,0,nul
20,73732966,Angola,Egypt,1,0,1,1,0,dom
20,73732967,Algeria,Zimbabwe,1,0,1,1,0,dom
20,73732968,Benin,Ivory Coast,2,0,2,2,0,dom
21,73732969,Uganda,Morocco,0,0,0,0,0,nul
21,73732970,Egypt,Equatorial Guinea,1,0,1,1,0,dom
21,73732971,Gabon,Comoros,5,0,5,5,0,dom
21,73732972,Mali,Tanzania,0,0,0,0,0,nul
21,73732974,Nigeria,Senegal,1,1,2,1,1,nul
21,73732975,Ivory Coast,Sudan,1,0,1,1,0,dom
21,73732976,Zimbabwe,Benin,0,0,0,0,0,nul
21,73732977,Botswana,South Africa,0,0,0,0,0,nul
21,73732978,Burkina Faso,Mozambique,0,0,0,0,0,nul
22,73732982,DR Congo,Zimbabwe,0,0,0,0,0,nul
22,73732984,Comoros,Algeria,1,0,1,1,0,dom
22,73732985,Mozambique,Botswana,0,0,0,0,0,nul
22,73732986,South Africa,Nigeria,0,2,2,0,2,ext
22,73732987,Tanzania,Uganda,0,0,0,0,0,nul
22,73732988,Angola,Gabon,0,0,0,0,0,nul
22,73732990,Senegal,Ivory Coast,1,1,2,1,1,nul
22,73732991,Mali,Zambia,0,0,0,0,0,nul
22,73732992,Morocco,Egypt,3,1,4,3,1,dom
23,73732993,Nigeria,Mozambique,1,0,1,1,0,dom
23,73732994,Algeria,Angola,0,1,1,0,1,ext
23,73732995,Ivory Coast,South Africa,2,0,2,2,0,dom
23,73732996,Burkina Faso,Mali,1,0,1,1,0,dom
23,73732997,Gabon,Equatorial Guinea,0,0,0,0,0,nul
23,73732998,DR Congo,Comoros,0,0,0,0,0,nul
23,73732999,Benin,Senegal,0,0,0,0,0,nul
23,73733000,Zimbabwe,Sudan,1,0,1,1,0,dom
23,73733001,Uganda,Zambia,2,0,2,2,0,dom
23,73733002,Botswana,Tunisia,1,3,4,1,3,ext
23,73733003,Cameroon,Morocco,0,2,2,0,2,ext
24,73733005,South Africa,Benin,1,0,1,1,0,dom
24,73733008,Tanzania,Cameroon,0,0,0,0,0,nul
24,73733009,Zambia,Egypt,1,0,1,1,0,dom
24,73733012,Morocco,Gabon,3,0,3,3,0,dom
24,73733013,Uganda,Burkina Faso,1,0,1,1,0,dom
24,73733014,Tunisia,Nigeria,0,1,1,0,1,ext
25,73733017,Algeria,Morocco,1,3,4,1,3,ext
25,73733018,Nigeria,Mali,0,0,0,0,0,nul
25,73733020,Zimbabwe,Senegal,1,2,3,1,2,ext
25,73733021,Benin,Mozambique,3,1,4,3,1,dom
25,73733022,Botswana,Uganda,1,0,1,1,0,dom
25,73733023,Gabon,Tanzania,1,1,2,1,1,nul
25,73733026,Egypt,Burkina Faso,1,0,1,1,0,dom
25,73733027,Sudan,South Africa,1,0,1,1,0,dom
26,73733029,Zambia,Gabon,2,0,2,2,0,dom
26,73733030,Morocco,DR Congo,1,0,1,1,0,dom
26,73733031,Tanzania,Algeria,1,1,2,1,1,nul
26,73733033,Angola,Zimbabwe,0,0,0,0,0,nul
26,73733034,Uganda,Nigeria,0,0,0,0,0,nul
26,73733035,Tunisia,Benin,3,0,3,3,0,dom
26,73733037,Mozambique,Sudan,0,0,0,0,0,nul
26,73733039,Equatorial Guinea,Comoros,2,1,3,2,1,dom
27,73733041,Gabon,Burkina Faso,1,2,3,1,2,ext
27,73733042,Benin,Mali,0,0,0,0,0,nul
27,73733043,Nigeria,Egypt,0,2,2,0,2,ext
27,73733044,Algeria,Zambia,3,0,3,3,0,dom
27,73733045,DR Congo,Tanzania,1,0,1,1,0,dom
27,73733046,Cameroon,Botswana,0,0,0,0,0,nul
27,73733048,Zimbabwe,South Africa,1,0,1,1,0,dom
27,73733049,Ivory Coast,Uganda,2,1,3,2,1,dom
27,73733050,Senegal,Mozambique,1,3,4,1,3,ext
27,73733051,Angola,Equatorial Guinea,0,0,0,0,0,nul
27,73733052,Comoros,Morocco,0,0,0,0,0,nul
28,73733053,Mozambique,South Africa,2,2,4,2,2,nul
28,73733055,Burkina Faso,Algeria,1,2,3,1,2,ext
28,73733057,Tunisia,Senegal,1,0,1,1,0,dom
28,73733059,Mali,Sudan,2,0,2,2,0,dom
28,73733061,Cameroon,Nigeria,2,0,2,2,0,dom
29,73733065,Equatorial Guinea,Morocco,0,2,2,0,2,ext
29,73733068,DR Congo,Burkina Faso,3,0,3,3,0,dom
29,73733069,South Africa,Tunisia,1,0,1,1,0,dom
29,73733070,Benin,Egypt,0,0,0,0,0,nul
29,73733071,Angola,Tanzania,0,0,0,0,0,nul
29,73733072,Zimbabwe,Mozambique,1,1,2,1,1,nul
29,73733073,Sudan,Uganda,0,3,3,0,3,ext
29,73733074,Algeria,Botswana,5,0,5,5,0,dom
29,73733075,Gabon,Nigeria,0,4,4,0,4,ext
29,73733076,Comoros,Zambia,1,1,2,1,1,nul
30,73733077,Tanzania,Equatorial Guinea,0,0,0,0,0,nul
30,73733078,Tunisia,Mozambique,0,0,0,0,0,nul
30,73733080,Egypt,Sudan,1,1,2,1,1,nul
30,73733081,Gabon,Ivory Coast,0,1,1,0,1,ext
30,73733083,Nigeria,Algeria,1,1,2,1,1,nul
30,73733084,Burkina Faso,Comoros,1,1,2,1,1,nul
30,73733085,Cameroon,Benin,0,2,2,0,2,ext
30,73733086,Uganda,Senegal,0,0,0,0,0,nul
30,73733087,Mali,South Africa,0,0,0,0,0,nul
31,73733089,Benin,Gabon,1,2,3,1,2,ext
31,73733090,South Africa,Uganda,2,1,3,2,1,dom
31,73733091,Morocco,Tanzania,1,0,1,1,0,dom
31,73733093,Angola,Burkina Faso,2,0,2,2,0,dom
31,73733094,Comoros,Botswana,1,3,4,1,3,ext
31,73733096,Algeria,Ivory Coast,6,0,6,6,0,dom
31,73733097,DR Congo,Nigeria,0,0,0,0,0,nul
31,73733098,Equatorial Guinea,Zambia,3,1,4,3,1,dom
31,73733099,Sudan,Cameroon,0,0,0,0,0,nul
32,73733101,Burkina Faso,Equatorial Guinea,0,1,1,0,1,ext
32,73733103,Egypt,South Africa,0,0,0,0,0,nul
32,73733104,Gabon,Sudan,1,0,1,1,0,dom
32,73733105,Tanzania,Zimbabwe,0,0,0,0,0,nul
32,73733106,Cameroon,Senegal,0,1,1,0,1,ext
32,73733107,Algeria,Benin,4,0,4,4,0,dom
32,73733108,Ivory Coast,DR Congo,0,0,0,0,0,nul
32,73733109,Uganda,Mozambique,0,0,0,0,0,nul
32,73733110,Botswana,Angola,0,1,1,0,1,ext
32,73733112,Nigeria,Comoros,0,1,1,0,1,ext
33,73733113,Angola,Nigeria,0,0,0,0,0,nul
33,73733114,Tanzania,Zambia,0,2,2,0,2,ext
33,73733115,Comoros,Ivory Coast,1,0,1,1,0,dom
33,73733117,Senegal,Gabon,1,0,1,1,0,dom
33,73733118,Tunisia,Uganda,4,0,4,4,0,dom
33,73733119,Mozambique,Egypt,0,0,0,0,0,nul
33,73733120,South Africa,Cameroon,0,0,0,0,0,nul
33,73733121,Morocco,Burkina Faso,0,0,0,0,0,nul
33,73733123,Zimbabwe,Mali,0,0,0,0,0,nul
34,73733125,Nigeria,Equatorial Guinea,1,1,2,1,1,nul
34,73733126,Burkina Faso,Tanzania,3,0,3,3,0,dom
34,73733127,Egypt,Tunisia,1,0,1,1,0,dom
34,73733129,Benin,Comoros,0,0,0,0,0,nul
34,73733130,Cameroon,Mozambique,1,0,1,1,0,dom
34,73733131,Uganda,Mali,0,0,0,0,0,nul
34,73733134,Ivory Coast,Angola,0,1,1,0,1,ext
34,73733135,Gabon,South Africa,0,4,4,0,4,ext
34,73733136,Algeria,Senegal,2,0,2,2,0,dom
35,73733137,Angola,Benin,0,0,0,0,0,nul
35,73733138,Zimbabwe,Uganda,3,0,3,3,0,dom
35,73733139,Equatorial Guinea,Ivory Coast,0,0,0,0,0,nul
35,73733141,Mozambique,Gabon,1,2,3,1,2,ext
35,73733145,Tunisia,Cameroon,1,1,2,1,1,nul
35,73733146,Zambia,Burkina Faso,0,1,1,0,1,ext
35,73733147,Morocco,Nigeria,2,0,2,2,0,dom
36,73733150,Botswana,Zambia,1,1,2,1,1,nul
36,73733152,Burkina Faso,Zimbabwe,0,0,0,0,0,nul
36,73733153,Algeria,Mozambique,2,1,3,2,1,dom
36,73733154,Benin,Equatorial Guinea,3,2,5,3,2,dom
36,73733155,Gabon,Tunisia,0,0,0,0,0,nul
36,73733156,Egypt,Uganda,0,0,0,0,0,nul
36,73733157,Comoros,Senegal,1,1,2,1,1,nul
36,73733158,Cameroon,Mali,0,0,0,0,0,nul
36,73733159,Nigeria,Tanzania,0,2,2,0,2,ext
36,73733160,Sudan,Angola,1,1,2,1,1,nul
37,73733161,Zambia,Nigeria,0,0,0,0,0,nul
37,73733162,Morocco,Benin,2,0,2,2,0,dom
37,73733163,Equatorial Guinea,Sudan,1,0,1,1,0,dom
37,73733165,Burkina Faso,Botswana,2,0,2,2,0,dom
37,73733166,Angola,Senegal,0,1,1,0,1,ext
37,73733167,Uganda,Cameroon,0,0,0,0,0,nul
37,73733169,Mali,Gabon,3,0,3,3,0,dom
37,73733172,Mozambique,DR Congo,1,0,1,1,0,dom
38,73733174,Cameroon,Egypt,1,0,1,1,0,dom
38,73733175,Botswana,Zimbabwe,0,0,0,0,0,nul
38,73733176,Benin,Tanzania,0,0,0,0,0,nul
38,73733177,Algeria,Mali,1,0,1,1,0,dom
38,73733178,Nigeria,Burkina Faso,4,0,4,4,0,dom
38,73733179,Ivory Coast,Zambia,1,1,2,1,1,nul
38,73733183,Senegal,Equatorial Guinea,3,0,3,3,0,dom
38,73733184,Sudan,Morocco,1,1,2,1,1,nul
39,73733185,Mozambique,Angola,1,0,1,1,0,dom
39,73733187,Burkina Faso,Ivory Coast,2,0,2,2,0,dom
39,73733188,Mali,DR Congo,1,0,1,1,0,dom
39,73733190,Botswana,Nigeria,0,1,1,0,1,ext
39,73733191,Zambia,Benin,4,0,4,4,0,dom
39,73733192,Morocco,Senegal,2,0,2,2,0,dom
39,73733193,Tunisia,Comoros,3,0,3,3,0,dom
39,73733195,Tanzania,Sudan,0,0,0,0,0,nul
40,73733197,Senegal,Tanzania,0,0,0,0,0,nul
40,73733198,Equatorial Guinea,Mozambique,2,0,2,2,0,dom
40,73733199,Nigeria,Zimbabwe,0,5,5,0,5,ext
40,73733200,Gabon,Cameroon,2,1,3,2,1,dom
40,73733203,Comoros,Mali,4,0,4,4,0,dom
40,73733204,Angola,Tunisia,4,0,4,4,0,dom
40,73733205,Sudan,Zambia,1,1,2,1,1,nul
40,73733206,DR Congo,Uganda,0,4,4,0,4,ext
40,73733208,South Africa,Morocco,1,3,4,1,3,ext
41,73733210,Morocco,Mozambique,3,0,3,3,0,dom
41,73733211,Mali,Angola,0,0,0,0,0,nul
41,73733212,Egypt,DR Congo,0,1,1,0,1,ext
41,73733213,Uganda,Comoros,0,1,1,0,1,ext
41,73733214,Botswana,Benin,1,0,1,1,0,dom
41,73733218,Tanzania,South Africa,0,0,0,0,0,nul
41,73733219,Burkina Faso,Sudan,0,0,0,0,0,nul
41,73733220,Nigeria,Ivory Coast,0,3,3,0,3,ext
42,73733221,Benin,Nigeria,0,0,0,0,0,nul
42,73733222,Algeria,Gabon,6,0,6,6,0,dom
42,73733223,Ivory Coast,Zimbabwe,3,0,3,3,0,dom
42,73733226,Senegal,Burkina Faso,1,1,2,1,1,nul
42,73733227,South Africa,Zambia,1,2,3,1,2,ext
42,73733228,Mozambique,Tanzania,1,1,2,1,1,nul
42,73733229,Comoros,Egypt,0,1,1,0,1,ext
43,73733234,Zambia,Mozambique,1,3,4,1,3,ext
43,73733238,Botswana,Senegal,0,0,0,0,0,nul
43,73733239,Gabon,DR Congo,0,0,0,0,0,nul
43,73733241,Uganda,Equatorial Guinea,2,1,3,2,1,dom
43,73733242,Egypt,Angola,5,1,6,5,1,dom
43,73733243,Zimbabwe,Algeria,0,0,0,0,0,nul
43,73733244,Ivory Coast,Benin,4,0,4,4,0,dom
44,73733245,Morocco,Uganda,0,0,0,0,0,nul
44,73733246,Equatorial Guinea,Egypt,1,0,1,1,0,dom
44,73733247,Comoros,Gabon,0,0,0,0,0,nul
44,73733248,Tanzania,Mali,3,1,4,3,1,dom
44,73733251,Sudan,Ivory Coast,1,2,3,1,2,ext
44,73733252,Benin,Zimbabwe,4,0,4,4,0,dom
44,73733254,Mozambique,Burkina Faso,3,1,4,3,1,dom
45,73733258,Zimbabwe,DR Congo,0,0,0,0,0,nul
45,73733260,Algeria,Comoros,0,0,0,0,0,nul
45,73733261,Botswana,Mozambique,1,1,2,1,1,nul
45,73733262,Nigeria,South Africa,1,0,1,1,0,dom
45,73733263,Uganda,Tanzania,0,0,0,0,0,nul
45,73733264,Gabon,Angola,0,1,1,0,1,ext
45,73733266,Ivory Coast,Senegal,0,0,0,0,0,nul
45,73733267,Zambia,Mali,2,0,2,2,0,dom
45,73733268,Egypt,Morocco,2,1,3,2,1,dom
46,73733269,Mozambique,Nigeria,0,2,2,0,2,ext
46,73733270,Angola,Algeria,0,2,2,0,2,ext
46,73733271,South Africa,Ivory Coast,0,0,0,0,0,nul
46,73733272,Mali,Burkina Faso,3,0,3,3,0,dom
46,73733273,Equatorial Guinea,Gabon,1,1,2,1,1,nul
46,73733274,Comoros,DR Congo,3,1,4,3,1,dom
46,73733275,Senegal,Benin,0,0,0,0,0,nul
46,73733276,Sudan,Zimbabwe,0,1,1,0,1,ext
46,73733277,Zambia,Uganda,0,0,0,0,0,nul
46,73733278,Tunisia,Botswana,1,1,2,1,1,nul
46,73733279,Morocco,Cameroon,3,0,3,3,0,dom
1,73738723,Equatorial Guinea,Zimbabwe,2,0,2,2,0,dom
1,73738725,Mali,Zambia,0,0,0,0,0,nul
1,73738726,Nigeria,Benin,0,0,0,0,0,nul
1,73738727,Cameroon,Botswana,1,1,2,1,1,nul
1,73738728,Tunisia,Tanzania,0,3,3,0,3,ext
1,73738729,Morocco,Mozambique,2,0,2,2,0,dom
1,73738730,Ivory Coast,South Africa,2,0,2,2,0,dom
1,73738732,Comoros,Angola,1,0,1,1,0,dom
1,73738733,Egypt,Algeria,0,0,0,0,0,nul
1,73738734,Sudan,Burkina Faso,1,0,1,1,0,dom
2,73738735,Botswana,Uganda,0,1,1,0,1,ext
2,73738737,Gabon,Senegal,0,0,0,0,0,nul
2,73738742,Tanzania,Morocco,0,0,0,0,0,nul
2,73738743,Benin,Sudan,3,0,3,3,0,dom
2,73738744,DR Congo,Nigeria,0,0,0,0,0,nul
2,73738745,Zambia,Tunisia,0,0,0,0,0,nul
2,73738746,Ivory Coast,Comoros,0,2,2,0,2,ext
3,73738747,Zimbabwe,Tanzania,0,0,0,0,0,nul
3,73738748,Nigeria,Gabon,0,2,2,0,2,ext
3,73738749,Egypt,Ivory Coast,1,2,3,1,2,ext
3,73738751,Mali,Angola,0,0,0,0,0,nul
3,73738752,Senegal,Botswana,3,0,3,3,0,dom
3,73738753,Uganda,South Africa,2,0,2,2,0,dom
3,73738754,Tunisia,Algeria,0,0,0,0,0,nul
3,73738755,Equatorial Guinea,Mozambique,0,1,1,0,1,ext
3,73738756,Sudan,DR Congo,2,1,3,2,1,dom
3,73738758,Cameroon,Comoros,2,0,2,2,0,dom
4,73738759,Ivory Coast,Mali,0,0,0,0,0,nul
4,73738761,Comoros,Uganda,0,2,2,0,2,ext
4,73738762,Tanzania,Mozambique,0,2,2,0,2,ext
4,73738764,Algeria,Morocco,2,1,3,2,1,dom
4,73738765,Gabon,Sudan,1,0,1,1,0,dom
4,73738766,Cameroon,Egypt,0,0,0,0,0,nul
4,73738768,South Africa,Senegal,4,0,4,4,0,dom
4,73738769,Benin,Equatorial Guinea,5,0,5,5,0,dom
4,73738770,Botswana,Nigeria,0,3,3,0,3,ext
5,73738771,Equatorial Guinea,Tanzania,1,2,3,1,2,ext
5,73738772,Sudan,Botswana,0,2,2,0,2,ext
5,73738773,Burkina Faso,Gabon,2,1,3,2,1,dom
5,73738779,Nigeria,South Africa,4,1,5,4,1,dom
5,73738780,Uganda,Egypt,1,3,4,1,3,ext
5,73738781,Mali,Cameroon,3,0,3,3,0,dom
6,73738783,Ivory Coast,Morocco,2,0,2,2,0,dom
6,73738785,Comoros,Nigeria,0,0,0,0,0,nul
6,73738788,Egypt,Senegal,0,0,0,0,0,nul
6,73738789,DR Congo,Equatorial Guinea,1,0,1,1,0,dom
6,73738790,South Africa,Sudan,5,0,5,5,0,dom
6,73738791,Zambia,Tanzania,0,0,0,0,0,nul
6,73738793,Algeria,Mozambique,2,2,4,2,2,nul
6,73738794,Uganda,Mali,0,0,0,0,0,nul
7,73738795,Morocco,Cameroon,1,0,1,1,0,dom
7,73738796,Senegal,Mali,5,1,6,5,1,dom
7,73738797,Nigeria,Egypt,0,2,2,0,2,ext
7,73738799,Tanzania,Algeria,5,1,6,5,1,dom
7,73738800,Zimbabwe,Ivory Coast,0,0,0,0,0,nul
7,73738801,DR Congo,Gabon,4,0,4,4,0,dom
7,73738803,Burkina Faso,South Africa,1,0,1,1,0,dom
7,73738804,Equatorial Guinea,Zambia,0,0,0,0,0,nul
7,73738805,Sudan,Comoros,2,0,2,2,0,dom
8,73738807,Uganda,Morocco,0,0,0,0,0,nul
8,73738809,Algeria,Zambia,1,0,1,1,0,dom
8,73738810,Comoros,Burkina Faso,0,2,2,0,2,ext
8,73738811,Gabon,Equatorial Guinea,0,0,0,0,0,nul
8,73738812,Egypt,Sudan,0,0,0,0,0,nul
8,73738813,South Africa,Benin,2,4,6,2,4,ext
8,73738814,Mali,Nigeria,0,0,0,0,0,nul
8,73738815,Botswana,DR Congo,1,1,2,1,1,nul
8,73738818,Cameroon,Zimbabwe,3,0,3,3,0,dom
9,73738820,Benin,Comoros,1,0,1,1,0,dom
9,73738822,Zimbabwe,Uganda,0,1,1,0,1,ext
9,73738823,DR Congo,South Africa,0,2,2,0,2,ext
9,73738824,Sudan,Mali,3,0,3,3,0,dom
9,73738825,Gabon,Botswana,0,2,2,0,2,ext
9,73738826,Zambia,Angola,0,0,0,0,0,nul
9,73738827,Burkina Faso,Egypt,1,0,1,1,0,dom
9,73738828,Morocco,Senegal,1,1,2,1,1,nul
9,73738829,Equatorial Guinea,Algeria,2,2,4,2,2,nul
9,73738830,Tanzania,Ivory Coast,0,0,0,0,0,nul
10,73738832,Tunisia,Sudan,0,1,1,0,1,ext
10,73738833,Egypt,Benin,0,3,3,0,3,ext
10,73738834,South Africa,Gabon,1,0,1,1,0,dom
10,73738835,Senegal,Zimbabwe,0,3,3,0,3,ext
10,73738836,Comoros,DR Congo,0,1,1,0,1,ext
10,73738837,Angola,Algeria,1,0,1,1,0,dom
10,73738840,Mali,Burkina Faso,1,1,2,1,1,nul
10,73738841,Nigeria,Morocco,2,0,2,2,0,dom
10,73738842,Ivory Coast,Zambia,0,0,0,0,0,nul
11,73738843,Zambia,Cameroon,1,1,2,1,1,nul
11,73738844,Tanzania,Uganda,1,2,3,1,2,ext
11,73738845,Sudan,Morocco,1,0,1,1,0,dom
11,73738846,Zimbabwe,Nigeria,0,0,0,0,0,nul
11,73738848,Botswana,South Africa,0,1,1,0,1,ext
11,73738850,Mozambique,Senegal,0,1,1,0,1,ext
11,73738852,Equatorial Guinea,Angola,0,0,0,0,0,nul
11,73738853,Burkina Faso,Tunisia,1,1,2,1,1,nul
11,73738854,DR Congo,Egypt,1,4,5,1,4,ext
12,73738856,Uganda,Zambia,1,2,3,1,2,ext
12,73738857,Tunisia,Benin,1,1,2,1,1,nul
12,73738858,Ivory Coast,Angola,1,3,4,1,3,ext
12,73738859,Mali,DR Congo,4,0,4,4,0,dom
12,73738860,Morocco,Burkina Faso,0,1,1,0,1,ext
12,73738861,Egypt,Gabon,4,0,4,4,0,dom
12,73738862,Nigeria,Mozambique,0,1,1,0,1,ext
12,73738863,South Africa,Equatorial Guinea,0,2,2,0,2,ext
12,73738864,Comoros,Botswana,0,1,1,0,1,ext
12,73738865,Cameroon,Algeria,0,0,0,0,0,nul
13,73738867,Burkina Faso,Zimbabwe,0,1,1,0,1,ext
13,73738868,South Africa,Comoros,0,0,0,0,0,nul
13,73738871,Zambia,Senegal,4,1,5,4,1,dom
13,73738872,Botswana,Egypt,2,0,2,2,0,dom
13,73738874,Algeria,Uganda,1,2,3,1,2,ext
13,73738875,Angola,Cameroon,1,1,2,1,1,nul
13,73738876,Mozambique,Sudan,2,1,3,2,1,dom
13,73738877,Equatorial Guinea,Ivory Coast,0,0,0,0,0,nul
13,73738878,Gabon,Mali,0,1,1,0,1,ext
14,73738879,Senegal,Algeria,2,1,3,2,1,dom
14,73738880,Morocco,DR Congo,0,0,0,0,0,nul
14,73738881,Egypt,South Africa,0,0,0,0,0,nul
14,73738882,Uganda,Angola,0,0,0,0,0,nul
14,73738884,Burkina Faso,Mozambique,0,2,2,0,2,ext
14,73738885,Zimbabwe,Benin,0,0,0,0,0,nul
14,73738886,Comoros,Equatorial Guinea,2,0,2,2,0,dom
14,73738887,Cameroon,Ivory Coast,2,0,2,2,0,dom
14,73738888,Sudan,Tanzania,0,2,2,0,2,ext
14,73738889,Tunisia,Gabon,3,0,3,3,0,dom
14,73738890,Mali,Botswana,1,0,1,1,0,dom
15,73738892,Tanzania,Burkina Faso,1,0,1,1,0,dom
15,73738893,Comoros,Egypt,0,1,1,0,1,ext
15,73738894,South Africa,Mali,2,0,2,2,0,dom
15,73738895,Equatorial Guinea,Cameroon,0,1,1,0,1,ext
15,73738896,Zambia,Sudan,0,0,0,0,0,nul
15,73738898,Gabon,Morocco,2,0,2,2,0,dom
15,73738899,Algeria,Nigeria,3,0,3,3,0,dom
15,73738900,Ivory Coast,Uganda,1,1,2,1,1,nul
15,73738901,Botswana,Tunisia,2,1,3,2,1,dom
15,73738902,Benin,Mozambique,0,0,0,0,0,nul
16,73738903,Tunisia,South Africa,4,0,4,4,0,dom
16,73738906,Morocco,Botswana,0,2,2,0,2,ext
16,73738908,Benin,Tanzania,1,1,2,1,1,nul
16,73738909,Mali,Comoros,1,0,1,1,0,dom
16,73738910,Egypt,Equatorial Guinea,4,0,4,4,0,dom
16,73738911,Mozambique,DR Congo,0,0,0,0,0,nul
16,73738913,Zimbabwe,Gabon,1,3,4,1,3,ext
16,73738914,Burkina Faso,Zambia,0,0,0,0,0,nul
17,73738915,Algeria,Burkina Faso,0,0,0,0,0,nul
17,73738916,Equatorial Guinea,Uganda,0,2,2,0,2,ext
17,73738918,Zambia,Benin,5,0,5,5,0,dom
17,73738919,Botswana,Zimbabwe,0,0,0,0,0,nul
17,73738921,Ivory Coast,Nigeria,1,0,1,1,0,dom
17,73738922,Cameroon,Senegal,0,2,2,0,2,ext
17,73738924,Angola,Sudan,0,0,0,0,0,nul
17,73738926,Gabon,Mozambique,1,1,2,1,1,nul
18,73738928,Tunisia,Egypt,0,0,0,0,0,nul
18,73738930,DR Congo,Zambia,1,0,1,1,0,dom
18,73738931,Mozambique,Botswana,1,2,3,1,2,ext
18,73738932,Zimbabwe,South Africa,0,0,0,0,0,nul
18,73738933,Morocco,Comoros,1,2,3,1,2,ext
18,73738934,Nigeria,Cameroon,1,0,1,1,0,dom
18,73738935,Sudan,Ivory Coast,0,3,3,0,3,ext
18,73738936,Benin,Algeria,0,0,0,0,0,nul
18,73738937,Mali,Equatorial Guinea,1,0,1,1,0,dom
18,73738938,Tanzania,Gabon,0,0,0,0,0,nul
19,73738939,Gabon,Zambia,2,0,2,2,0,dom
19,73738940,Mali,Tunisia,1,1,2,1,1,nul
19,73738942,Angola,Benin,1,5,6,1,5,ext
19,73738943,Cameroon,Sudan,0,0,0,0,0,nul
19,73738944,Comoros,Zimbabwe,0,0,0,0,0,nul
19,73738945,Botswana,Tanzania,0,1,1,0,1,ext
19,73738946,Algeria,DR Congo,2,0,2,2,0,dom
19,73738947,Egypt,Morocco,0,0,0,0,0,nul
19,73738948,Equatorial Guinea,Senegal,0,0,0,0,0,nul
19,73738950,South Africa,Mozambique,0,0,0,0,0,nul
20,73738951,Zimbabwe,Egypt,2,0,2,2,0,dom
20,73738952,Gabon,Algeria,0,0,0,0,0,nul
20,73738953,Burkina Faso,Cameroon,0,3,3,0,3,ext
20,73738954,DR Congo,Angola,0,3,3,0,3,ext
20,73738955,Zambia,Botswana,3,1,4,3,1,dom
20,73738956,Tunisia,Equatorial Guinea,1,0,1,1,0,dom
20,73738960,Mozambique,Comoros,1,0,1,1,0,dom
20,73738961,Nigeria,Senegal,1,0,1,1,0,dom
20,73738962,Sudan,Uganda,2,0,2,2,0,dom
21,73738963,South Africa,Zambia,1,2,3,1,2,ext
21,73738964,Mali,Zimbabwe,0,1,1,0,1,ext
21,73738965,Senegal,Sudan,4,0,4,4,0,dom
21,73738967,Tunisia,Morocco,1,1,2,1,1,nul
21,73738968,Angola,Gabon,1,0,1,1,0,dom
21,73738971,Botswana,Algeria,0,1,1,0,1,ext
21,73738972,Equatorial Guinea,Nigeria,0,0,0,0,0,nul
21,73738973,Ivory Coast,DR Congo,0,0,0,0,0,nul
21,73738974,Comoros,Tanzania,1,0,1,1,0,dom
22,73738975,Zimbabwe,Tunisia,2,0,2,2,0,dom
22,73738977,Tanzania,Egypt,0,0,0,0,0,nul
22,73738978,Gabon,Ivory Coast,1,0,1,1,0,dom
22,73738980,Zambia,Comoros,0,2,2,0,2,ext
22,73738982,Morocco,Equatorial Guinea,0,0,0,0,0,nul
22,73738983,Burkina Faso,Senegal,0,0,0,0,0,nul
22,73738984,Benin,Uganda,1,1,2,1,1,nul
22,73738985,Botswana,Angola,0,0,0,0,0,nul
22,73738986,DR Congo,Cameroon,3,1,4,3,1,dom
23,73738987,Cameroon,Gabon,1,0,1,1,0,dom
23,73738989,Mali,Tanzania,2,0,2,2,0,dom
23,73738990,Morocco,Zimbabwe,1,0,1,1,0,dom
23,73738992,Tunisia,Mozambique,0,0,0,0,0,nul
23,73738993,Equatorial Guinea,Sudan,0,0,0,0,0,nul
23,73738994,Senegal,Benin,1,0,1,1,0,dom
23,73738995,Nigeria,Burkina Faso,2,0,2,2,0,dom
23,73738996,Uganda,DR Congo,1,3,4,1,3,ext
24,73739001,Zambia,Mali,1,0,1,1,0,dom
24,73739003,Botswana,Cameroon,1,0,1,1,0,dom
24,73739004,Tanzania,Tunisia,4,0,4,4,0,dom
24,73739005,Mozambique,Morocco,0,0,0,0,0,nul
24,73739006,South Africa,Ivory Coast,1,0,1,1,0,dom
24,73739008,Angola,Comoros,0,0,0,0,0,nul
24,73739010,Burkina Faso,Sudan,0,1,1,0,1,ext
25,73739011,Uganda,Botswana,1,3,4,1,3,ext
25,73739013,Senegal,Gabon,1,1,2,1,1,nul
25,73739014,Egypt,Angola,1,2,3,1,2,ext
25,73739015,Cameroon,South Africa,3,1,4,3,1,dom
25,73739018,Morocco,Tanzania,0,0,0,0,0,nul
25,73739019,Sudan,Benin,1,2,3,1,2,ext
25,73739020,Nigeria,DR Congo,1,0,1,1,0,dom
25,73739021,Tunisia,Zambia,1,0,1,1,0,dom
26,73739023,Tanzania,Zimbabwe,1,0,1,1,0,dom
26,73739024,Gabon,Nigeria,1,0,1,1,0,dom
26,73739025,Ivory Coast,Egypt,4,0,4,4,0,dom
26,73739027,Angola,Mali,1,0,1,1,0,dom
26,73739028,Botswana,Senegal,1,2,3,1,2,ext
26,73739029,South Africa,Uganda,1,1,2,1,1,nul
26,73739030,Algeria,Tunisia,0,0,0,0,0,nul
26,73739031,Mozambique,Equatorial Guinea,0,1,1,0,1,ext
26,73739032,DR Congo,Sudan,1,0,1,1,0,dom
26,73739034,Comoros,Cameroon,5,0,5,5,0,dom
27,73739035,Mali,Ivory Coast,1,1,2,1,1,nul
27,73739037,Uganda,Comoros,1,0,1,1,0,dom
27,73739038,Mozambique,Tanzania,1,1,2,1,1,nul
27,73739040,Morocco,Algeria,0,0,0,0,0,nul
27,73739041,Sudan,Gabon,2,0,2,2,0,dom
27,73739045,Equatorial Guinea,Benin,2,0,2,2,0,dom
27,73739046,Nigeria,Botswana,1,0,1,1,0,dom
28,73739047,Tanzania,Equatorial Guinea,0,1,1,0,1,ext
28,73739048,Botswana,Sudan,0,0,0,0,0,nul
28,73739049,Gabon,Burkina Faso,1,1,2,1,1,nul
28,73739056,Egypt,Uganda,3,0,3,3,0,dom
28,73739057,Cameroon,Mali,3,0,3,3,0,dom
29,73739059,Morocco,Ivory Coast,2,0,2,2,0,dom
29,73739064,Senegal,Egypt,0,0,0,0,0,nul
29,73739066,Sudan,South Africa,0,1,1,0,1,ext
29,73739067,Tanzania,Zambia,1,1,2,1,1,nul
29,73739069,Mozambique,Algeria,1,1,2,1,1,nul
29,73739070,Mali,Uganda,2,2,4,2,2,nul
30,73739071,Cameroon,Morocco,0,0,0,0,0,nul
30,73739072,Mali,Senegal,0,0,0,0,0,nul
30,73739073,Egypt,Nigeria,4,0,4,4,0,dom
30,73739076,Ivory Coast,Zimbabwe,0,0,0,0,0,nul
30,73739077,Gabon,DR Congo,1,1,2,1,1,nul
30,73739079,South Africa,Burkina Faso,0,2,2,0,2,ext
30,73739080,Zambia,Equatorial Guinea,0,0,0,0,0,nul
30,73739081,Comoros,Sudan,0,0,0,0,0,nul
32,73739098,Uganda,Zimbabwe,1,0,1,1,0,dom,2
32,73739099,South Africa,DR Congo,0,0,0,0,0,nul,2
32,73739101,Botswana,Gabon,4,0,4,4,0,dom,2
32,73739102,Angola,Zambia,0,0,0,0,0,nul,2
32,73739103,Egypt,Burkina Faso,0,0,0,0,0,nul,2
32,73739104,Senegal,Morocco,0,1,1,0,1,ext,2
32,73739105,Algeria,Equatorial Guinea,0,3,3,0,3,ext,2
32,73739106,Ivory Coast,Tanzania,0,1,1,0,1,ext,2
33,73739108,Sudan,Tunisia,0,2,2,0,2,ext,2
33,73739109,Benin,Egypt,1,0,1,1,0,dom,2
33,73739110,Gabon,South Africa,1,0,1,1,0,dom,2
33,73739111,Zimbabwe,Senegal,1,0,1,1,0,dom,2
33,73739113,Algeria,Angola,0,0,0,0,0,nul,2
33,73739116,Burkina Faso,Mali,0,0,0,0,0,nul,2
33,73739117,Morocco,Nigeria,0,0,0,0,0,nul,2
33,73739118,Zambia,Ivory Coast,0,0,0,0,0,nul,2
34,73739119,Cameroon,Zambia,1,2,3,1,2,ext,2
34,73739120,Uganda,Tanzania,3,0,3,3,0,dom,2
34,73739121,Morocco,Sudan,0,0,0,0,0,nul,2
34,73739122,Nigeria,Zimbabwe,0,2,2,0,2,ext,2
34,73739124,South Africa,Botswana,1,2,3,1,2,ext,2
34,73739126,Senegal,Mozambique,1,0,1,1,0,dom,2
34,73739128,Angola,Equatorial Guinea,1,2,3,1,2,ext,2
34,73739129,Tunisia,Burkina Faso,1,0,1,1,0,dom,2
34,73739130,Egypt,DR Congo,1,1,2,1,1,nul,2
35,73739131,Tanzania,Senegal,0,0,0,0,0,nul,2
35,73739132,Zambia,Uganda,0,4,4,0,4,ext,2
35,73739134,Angola,Ivory Coast,1,0,1,1,0,dom,2
35,73739135,DR Congo,Mali,1,0,1,1,0,dom,2
35,73739136,Burkina Faso,Morocco,1,3,4,1,3,ext,2
35,73739137,Gabon,Egypt,0,4,4,0,4,ext,2
35,73739139,Equatorial Guinea,South Africa,1,1,2,1,1,nul,2
35,73739141,Algeria,Cameroon,1,2,3,1,2,ext,2
35,73739142,Zimbabwe,Sudan,5,0,5,5,0,dom,2
36,73739147,Senegal,Zambia,2,0,2,2,0,dom,2
36,73739148,Egypt,Botswana,0,4,4,0,4,ext,2
36,73739150,Uganda,Algeria,2,1,3,2,1,dom,2
36,73739151,Cameroon,Angola,0,0,0,0,0,nul,2
36,73739152,Sudan,Mozambique,2,2,4,2,2,nul,2
36,73739153,Ivory Coast,Equatorial Guinea,1,1,2,1,1,nul,2
36,73739154,Mali,Gabon,1,1,2,1,1,nul,2
37,73739155,Algeria,Senegal,2,1,3,2,1,dom,2
37,73739156,DR Congo,Morocco,1,1,2,1,1,nul,2
37,73739157,South Africa,Egypt,1,0,1,1,0,dom,2
37,73739160,Mozambique,Burkina Faso,1,0,1,1,0,dom,2
37,73739161,Benin,Zimbabwe,2,0,2,2,0,dom,2
37,73739163,Ivory Coast,Cameroon,3,0,3,3,0,dom,2
37,73739164,Tanzania,Sudan,1,0,1,1,0,dom,2
37,73739165,Gabon,Tunisia,2,0,2,2,0,dom,2
37,73739166,Botswana,Mali,0,1,1,0,1,ext,2
38,73739168,Burkina Faso,Tanzania,1,1,2,1,1,nul,2
38,73739169,Egypt,Comoros,2,1,3,2,1,dom,2
38,73739170,Mali,South Africa,1,1,2,1,1,nul,2
38,73739171,Cameroon,Equatorial Guinea,1,2,3,1,2,ext,2
38,73739172,Sudan,Zambia,1,4,5,1,4,ext,2
38,73739173,Senegal,Angola,0,1,1,0,1,ext,2
38,73739174,Morocco,Gabon,2,1,3,2,1,dom,2
38,73739175,Nigeria,Algeria,1,0,1,1,0,dom,2
38,73739176,Uganda,Ivory Coast,1,1,2,1,1,nul,2
38,73739177,Tunisia,Botswana,0,0,0,0,0,nul,2
38,73739178,Mozambique,Benin,1,0,1,1,0,dom,2
39,73739179,South Africa,Tunisia,0,3,3,0,3,ext,2
39,73739182,Botswana,Morocco,0,1,1,0,1,ext,2
39,73739183,Angola,Nigeria,2,1,3,2,1,dom,2
39,73739184,Tanzania,Benin,0,0,0,0,0,nul,2
39,73739185,Comoros,Mali,0,0,0,0,0,nul,2
39,73739186,Equatorial Guinea,Egypt,0,3,3,0,3,ext,2
39,73739187,DR Congo,Mozambique,3,1,4,3,1,dom,2
39,73739189,Gabon,Zimbabwe,0,1,1,0,1,ext,2
39,73739190,Zambia,Burkina Faso,4,0,4,4,0,dom,2
40,73739191,Burkina Faso,Algeria,0,0,0,0,0,nul,2
40,73739192,Uganda,Equatorial Guinea,2,0,2,2,0,dom,2
40,73739194,Benin,Zambia,2,1,3,2,1,dom,2
40,73739195,Zimbabwe,Botswana,2,1,3,2,1,dom,2
40,73739197,Nigeria,Ivory Coast,4,0,4,4,0,dom,2
40,73739198,Senegal,Cameroon,4,0,4,4,0,dom,2
40,73739199,Tanzania,DR Congo,1,1,2,1,1,nul,2
40,73739200,Sudan,Angola,0,4,4,0,4,ext,2
40,73739202,Mozambique,Gabon,1,3,4,1,3,ext,2
42,73739215,Zambia,Gabon,2,0,2,2,0,dom,2
42,73739216,Tunisia,Mali,2,1,3,2,1,dom,2
42,73739218,Benin,Angola,3,1,4,3,1,dom,2
42,73739219,Sudan,Cameroon,0,0,0,0,0,nul,2
42,73739220,Zimbabwe,Comoros,3,0,3,3,0,dom,2
42,73739221,Tanzania,Botswana,3,0,3,3,0,dom,2
42,73739222,DR Congo,Algeria,0,0,0,0,0,nul,2
42,73739223,Morocco,Egypt,0,0,0,0,0,nul,2
42,73739224,Senegal,Equatorial Guinea,0,0,0,0,0,nul,2
42,73739226,Mozambique,South Africa,3,0,3,3,0,dom,2
43,73739227,Egypt,Zimbabwe,0,0,0,0,0,nul,2
43,73739228,Algeria,Gabon,1,0,1,1,0,dom,2
43,73739229,Cameroon,Burkina Faso,1,1,2,1,1,nul,2
43,73739230,Angola,DR Congo,1,2,3,1,2,ext,2
43,73739231,Botswana,Zambia,3,1,4,3,1,dom,2
43,73739232,Equatorial Guinea,Tunisia,0,0,0,0,0,nul,2
43,73739236,Comoros,Mozambique,0,0,0,0,0,nul,2
43,73739237,Senegal,Nigeria,1,1,2,1,1,nul,2
44,73739239,Zambia,South Africa,0,0,0,0,0,nul,2
44,73739240,Zimbabwe,Mali,1,0,1,1,0,dom,2
44,73739243,Morocco,Tunisia,1,1,2,1,1,nul,2
44,73739244,Gabon,Angola,3,0,3,3,0,dom,2
44,73739247,Algeria,Botswana,0,0,0,0,0,nul,2
44,73739248,Nigeria,Equatorial Guinea,3,1,4,3,1,dom,2
44,73739249,DR Congo,Ivory Coast,2,1,3,2,1,dom,2
44,73739250,Tanzania,Comoros,0,1,1,0,1,ext,2
45,73739251,Tunisia,Zimbabwe,1,1,2,1,1,nul,2
45,73739252,South Africa,Algeria,0,0,0,0,0,nul,2
45,73739253,Egypt,Tanzania,0,0,0,0,0,nul,2
45,73739254,Ivory Coast,Gabon,0,0,0,0,0,nul,2
45,73739256,Comoros,Zambia,1,0,1,1,0,dom,2
45,73739257,Nigeria,Sudan,0,0,0,0,0,nul,2
45,73739258,Equatorial Guinea,Morocco,0,1,1,0,1,ext,2
45,73739259,Senegal,Burkina Faso,4,0,4,4,0,dom,2
45,73739260,Uganda,Benin,0,0,0,0,0,nul,2
45,73739261,Angola,Botswana,2,0,2,2,0,dom,2
45,73739262,Cameroon,DR Congo,2,1,3,2,1,dom,2
46,73739263,Gabon,Cameroon,0,2,2,0,2,ext,2
46,73739265,Tanzania,Mali,3,0,3,3,0,dom,2
46,73739266,Zimbabwe,Morocco,1,1,2,1,1,nul,2
46,73739268,Mozambique,Tunisia,5,0,5,5,0,dom,2
46,73739269,Sudan,Equatorial Guinea,2,2,4,2,2,nul,2
46,73739270,Benin,Senegal,3,0,3,3,0,dom,2
46,73739271,Burkina Faso,Nigeria,4,0,4,4,0,dom,2
46,73739272,DR Congo,Uganda,3,0,3,3,0,dom,2
46,73739273,Algeria,Comoros,2,0,2,2,0,dom,2
1,73745052,Cameroon,Senegal,0,0,0,0,0,nul,3
1,73745055,Algeria,Angola,0,3,3,0,3,ext,3
1,73745056,Gabon,Tunisia,2,0,2,2,0,dom,3
1,73745057,Comoros,Nigeria,2,0,2,2,0,dom,3
1,73745058,Benin,Tanzania,0,3,3,0,3,ext,3
1,73745059,Equatorial Guinea,South Africa,1,0,1,1,0,dom,3
1,73745060,DR Congo,Zambia,0,0,0,0,0,nul,3
2,73745062,Nigeria,DR Congo,2,1,3,2,1,dom,3
2,73745064,Egypt,Zimbabwe,0,1,1,0,1,ext,3
2,73745066,Senegal,Ivory Coast,3,0,3,3,0,dom,3
2,73745067,Zambia,Botswana,0,1,1,0,1,ext,3
2,73745068,Mali,Cameroon,2,2,4,2,2,nul,3
2,73745069,South Africa,Burkina Faso,3,1,4,3,1,dom,3
2,73745071,Equatorial Guinea,Benin,3,1,4,3,1,dom,3
2,73745072,Angola,Uganda,1,1,2,1,1,nul,3
2,73745073,Tanzania,Comoros,1,2,3,1,2,ext,3
3,73745074,Uganda,Morocco,1,0,1,1,0,dom,3
3,73745075,Gabon,Angola,0,1,1,0,1,ext,3
3,73745076,Cameroon,Zambia,2,0,2,2,0,dom,3
3,73745077,Botswana,Nigeria,0,1,1,0,1,ext,3
3,73745079,Tunisia,Sudan,3,0,3,3,0,dom,3
3,73745081,Mozambique,Senegal,0,2,2,0,2,ext,3
3,73745083,Algeria,Egypt,2,1,3,2,1,dom,3
3,73745084,DR Congo,Tanzania,0,0,0,0,0,nul,3
3,73745085,Zimbabwe,South Africa,1,0,1,1,0,dom,3
4,73745086,Equatorial Guinea,DR Congo,0,2,2,0,2,ext,3
4,73745087,Benin,Zimbabwe,1,1,2,1,1,nul,3
4,73745088,Egypt,Uganda,1,0,1,1,0,dom,3
4,73745089,Zambia,Ivory Coast,1,0,1,1,0,dom,3
4,73745090,Burkina Faso,Comoros,2,3,5,2,3,ext,3
4,73745091,Tanzania,Botswana,0,1,1,0,1,ext,3
4,73745092,Nigeria,Cameroon,1,0,1,1,0,dom,3
4,73745093,Sudan,Mozambique,1,1,2,1,1,nul,3
4,73745095,South Africa,Algeria,1,1,2,1,1,nul,3
4,73745096,Mali,Senegal,1,0,1,1,0,dom,3
5,73745099,Tunisia,Morocco,2,0,2,2,0,dom,3
5,73745102,Ivory Coast,Nigeria,0,0,0,0,0,nul,3
5,73745104,Zimbabwe,Comoros,0,0,0,0,0,nul,3
5,73745105,Botswana,Equatorial Guinea,0,0,0,0,0,nul,3
5,73745106,Uganda,South Africa,0,2,2,0,2,ext,3
5,73745107,Algeria,Benin,3,0,3,3,0,dom,3
5,73745108,Mozambique,Mali,0,0,0,0,0,nul,3
5,73745109,Cameroon,Tanzania,1,1,2,1,1,nul,3
6,73745111,Benin,Uganda,0,0,0,0,0,nul,3
6,73745112,Zambia,Mali,0,0,0,0,0,nul,3
6,73745113,Burkina Faso,Botswana,2,0,2,2,0,dom,3
6,73745114,Zimbabwe,DR Congo,0,0,0,0,0,nul,3
6,73745116,Equatorial Guinea,Cameroon,6,0,6,6,0,dom,3
6,73745118,Tanzania,Ivory Coast,0,0,0,0,0,nul,3
6,73745121,Comoros,Algeria,0,0,0,0,0,nul,3
7,73745122,Tunisia,South Africa,2,0,2,2,0,dom,3
7,73745123,Ivory Coast,Equatorial Guinea,2,0,2,2,0,dom,3
7,73745125,Algeria,DR Congo,1,0,1,1,0,dom,3
7,73745127,Cameroon,Burkina Faso,3,2,5,3,2,dom,3
7,73745128,Angola,Morocco,0,2,2,0,2,ext,3
7,73745131,Mali,Nigeria,0,0,0,0,0,nul,3
7,73745132,Gabon,Benin,1,1,2,1,1,nul,3
8,73745137,South Africa,Sudan,1,0,1,1,0,dom,3
8,73745138,Egypt,Angola,1,1,2,1,1,nul,3
8,73745142,Zimbabwe,Cameroon,1,0,1,1,0,dom,3
8,73745143,Nigeria,Zambia,1,1,2,1,1,nul,3
8,73745144,Algeria,Botswana,2,0,2,2,0,dom,3
9,73745147,Sudan,Benin,1,1,2,1,1,nul,3
9,73745149,Uganda,Botswana,1,1,2,1,1,nul,3
9,73745150,Morocco,Egypt,2,1,3,2,1,dom,3
9,73745151,Zambia,Tanzania,0,2,2,0,2,ext,3
9,73745152,Angola,South Africa,2,1,3,2,1,dom,3
9,73745154,Gabon,DR Congo,2,0,2,2,0,dom,3
9,73745155,Tunisia,Comoros,3,0,3,3,0,dom,3
9,73745146,Ivory Coast,Zimbabwe,3,1,4,3,1,,0,,,0,0,0,dom,3
9,73745147,Sudan,Benin,1,1,2,1,1,,0,,,0,0,0,nul,3
9,73745148,Cameroon,Algeria,3,0,3,3,0,,0,,,0,0,0,dom,3
9,73745149,Uganda,Botswana,1,1,2,1,1,,0,,,0,0,0,nul,3
9,73745150,Morocco,Egypt,2,1,3,2,1,,0,,,0,0,0,dom,3
9,73745151,Zambia,Tanzania,0,2,2,0,2,,0,,,0,0,0,ext,3
9,73745152,Angola,South Africa,2,1,3,2,1,,0,,,0,0,0,dom,3
9,73745153,Senegal,Burkina Faso,1,1,2,1,1,,0,,,0,0,0,nul,3
9,73745154,Gabon,DR Congo,2,0,2,2,0,,0,,,0,0,0,dom,3
9,73745155,Tunisia,Comoros,3,0,3,3,0,,0,,,0,0,0,dom,3
9,73745156,Mali,Equatorial Guinea,4,0,4,4,0,,0,,,0,0,0,dom,3
9,73745157,Mozambique,Nigeria,0,1,1,0,1,,0,,,0,0,0,ext,3
10,73745158,Benin,Angola,2,1,3,2,1,dom,3
10,73745161,Burkina Faso,Mali,0,1,1,0,1,ext,3
10,73745162,Botswana,Gabon,0,2,2,0,2,ext,3
10,73745165,Tanzania,Nigeria,0,1,1,0,1,ext,3
10,73745167,DR Congo,Tunisia,0,0,0,0,0,nul,3
10,73745168,Equatorial Guinea,Zambia,2,1,3,2,1,dom,3
10,73745169,Algeria,Ivory Coast,2,0,2,2,0,dom,3
11,73745171,Egypt,South Africa,2,0,2,2,0,dom,3
11,73745172,Zambia,Burkina Faso,2,2,4,2,2,nul,3
11,73745173,Ivory Coast,Uganda,3,0,3,3,0,dom,3
11,73745174,Mali,Zimbabwe,4,1,5,4,1,dom,3
11,73745176,Morocco,Benin,5,0,5,5,0,dom,3
11,73745177,Mozambique,Tanzania,0,2,2,0,2,ext,3
11,73745178,Nigeria,Equatorial Guinea,1,0,1,1,0,dom,3
12,73745182,Comoros,Morocco,0,2,2,0,2,ext,3
12,73745183,Algeria,Mali,2,0,2,2,0,dom,3
12,73745184,DR Congo,Angola,1,1,2,1,1,nul,3
12,73745185,Zimbabwe,Zambia,0,0,0,0,0,nul,3
12,73745189,Burkina Faso,Nigeria,0,1,1,0,1,ext,3
12,73745190,Equatorial Guinea,Tanzania,1,1,2,1,1,nul,3
12,73745191,Benin,Egypt,1,2,3,1,2,ext,3
12,73745192,Uganda,Senegal,0,0,0,0,0,nul,3
13,73745194,Tanzania,Burkina Faso,0,0,0,0,0,nul,3
13,73745196,Nigeria,Zimbabwe,1,0,1,1,0,dom,3
13,73745197,Morocco,DR Congo,1,3,4,1,3,ext,3
13,73745198,Mali,Uganda,2,0,2,2,0,dom,3
13,73745199,Sudan,Cameroon,0,3,3,0,3,ext,3
13,73745200,Mozambique,Equatorial Guinea,1,0,1,1,0,dom,3
13,73745201,Angola,Botswana,0,1,1,0,1,ext,3
13,73745204,Egypt,Comoros,1,0,1,1,0,dom,3
13,73745205,South Africa,Benin,1,0,1,1,0,dom,3
14,73745206,DR Congo,Egypt,0,0,0,0,0,nul,3
14,73745209,Zimbabwe,Tanzania,1,0,1,1,0,dom,3
14,73745210,Ivory Coast,Sudan,2,0,2,2,0,dom,3
14,73745212,Tunisia,Senegal,1,0,1,1,0,dom,3
14,73745213,Botswana,Morocco,0,3,3,0,3,ext,3
14,73745214,Cameroon,Angola,2,0,2,2,0,dom,3
15,73745218,Egypt,Botswana,1,1,2,1,1,nul,3
15,73745219,South Africa,DR Congo,0,1,1,0,1,ext,3
15,73745220,Mozambique,Burkina Faso,0,1,1,0,1,ext,3
15,73745223,Angola,Ivory Coast,2,0,2,2,0,dom,3
15,73745224,Sudan,Senegal,1,0,1,1,0,dom,3
15,73745225,Nigeria,Uganda,1,2,3,1,2,ext,3
15,73745226,Zambia,Gabon,0,0,0,0,0,nul,3
15,73745227,Mali,Tunisia,0,0,0,0,0,nul,3
15,73745228,Equatorial Guinea,Zimbabwe,0,3,3,0,3,ext,3
15,73745229,Benin,Comoros,0,0,0,0,0,nul,3
16,73745230,Zimbabwe,Burkina Faso,1,0,1,1,0,dom,3
16,73745234,Comoros,Mozambique,1,0,1,1,0,dom,3
16,73745235,Tunisia,Zambia,2,0,2,2,0,dom,3
16,73745236,Botswana,South Africa,0,2,2,0,2,ext,3
16,73745237,Sudan,Mali,3,2,5,3,2,dom,3
16,73745238,Uganda,Tanzania,0,2,2,0,2,ext,3
16,73745239,DR Congo,Benin,1,0,1,1,0,dom,3
16,73745240,Cameroon,Egypt,0,1,1,0,1,ext,3
16,73745241,Algeria,Equatorial Guinea,1,1,2,1,1,nul,3
17,73745244,Egypt,Ivory Coast,1,1,2,1,1,nul,3
17,73745245,Benin,Botswana,5,0,5,5,0,dom,3
17,73745246,Angola,Mali,0,0,0,0,0,nul,3
17,73745247,South Africa,Cameroon,1,0,1,1,0,dom,3
17,73745248,Mozambique,Zimbabwe,1,0,1,1,0,dom,3
17,73745249,Nigeria,Tunisia,0,2,2,0,2,ext,3
17,73745253,Comoros,DR Congo,1,1,2,1,1,nul,3
18,73745254,Ivory Coast,South Africa,2,2,4,2,2,nul,3
18,73745255,Botswana,Comoros,0,4,4,0,4,ext,3
18,73745258,Gabon,Equatorial Guinea,1,1,2,1,1,nul,3
18,73745261,Sudan,Nigeria,0,0,0,0,0,nul,3
18,73745262,Uganda,Burkina Faso,0,0,0,0,0,nul,3
18,73745263,Tunisia,Tanzania,2,0,2,2,0,dom,3
18,73745264,Mali,Morocco,2,1,3,2,1,dom,3
19,73745266,South Africa,Senegal,2,1,3,2,1,dom,3
19,73745268,DR Congo,Botswana,2,0,2,2,0,dom,3
19,73745269,Equatorial Guinea,Tunisia,0,0,0,0,0,nul,3
19,73745270,Morocco,Zambia,1,3,4,1,3,ext,3
19,73745272,Tanzania,Sudan,1,1,2,1,1,nul,3
19,73745273,Nigeria,Angola,0,0,0,0,0,nul,3
19,73745274,Burkina Faso,Gabon,3,1,4,3,1,dom,3
19,73745275,Benin,Ivory Coast,0,0,0,0,0,nul,3
19,73745276,Comoros,Cameroon,0,0,0,0,0,nul,3
19,73745277,Egypt,Mali,1,0,1,1,0,dom,3
20,73745278,Uganda,Algeria,1,2,3,1,2,ext,3
20,73745279,Tunisia,Burkina Faso,2,0,2,2,0,dom,3
20,73745280,Cameroon,DR Congo,0,0,0,0,0,nul,3
20,73745281,Mali,South Africa,2,2,4,2,2,nul,3
20,73745282,Morocco,Nigeria,0,0,0,0,0,nul,3
20,73745283,Gabon,Zimbabwe,1,1,2,1,1,nul,3
20,73745284,Senegal,Benin,1,0,1,1,0,dom,3
20,73745285,Sudan,Equatorial Guinea,1,0,1,1,0,dom,3
20,73745286,Angola,Tanzania,2,0,2,2,0,dom,3
20,73745287,Ivory Coast,Comoros,2,0,2,2,0,dom,3
20,73745288,Botswana,Mozambique,2,2,4,2,2,nul,3
20,73745289,Zambia,Egypt,0,2,2,0,2,ext,3
21,73745292,Botswana,Cameroon,5,0,5,5,0,dom,3
21,73745293,Zimbabwe,Tunisia,0,0,0,0,0,nul,3
21,73745294,Benin,Mali,1,1,2,1,1,nul,3
21,73745295,Egypt,Nigeria,1,1,2,1,1,nul,3
21,73745296,Mozambique,Uganda,1,0,1,1,0,dom,3
21,73745297,Tanzania,Morocco,0,0,0,0,0,nul,3
21,73745300,Comoros,Senegal,0,2,2,0,2,ext,3
21,73745301,Algeria,Gabon,0,2,2,0,2,ext,3
22,73745302,Senegal,DR Congo,0,1,1,0,1,ext,3
22,73745304,Nigeria,South Africa,1,3,4,1,3,ext,3
22,73745305,Gabon,Uganda,0,3,3,0,3,ext,3
22,73745306,Tunisia,Algeria,1,1,2,1,1,nul,3
22,73745311,Ivory Coast,Botswana,3,0,3,3,0,dom,3
22,73745312,Sudan,Zimbabwe,1,1,2,1,1,nul,3
22,73745313,Egypt,Tanzania,0,0,0,0,0,nul,3
23,73745314,South Africa,Tanzania,2,1,3,2,1,dom,3
23,73745315,Algeria,Sudan,5,0,5,5,0,dom,3
23,73745316,DR Congo,Mali,0,0,0,0,0,nul,3
23,73745317,Mozambique,Gabon,2,2,4,2,2,nul,3
23,73745318,Burkina Faso,Morocco,0,0,0,0,0,nul,3
23,73745319,Cameroon,Ivory Coast,2,0,2,2,0,dom,3
23,73745320,Comoros,Zambia,1,0,1,1,0,dom,3
23,73745323,Botswana,Senegal,0,2,2,0,2,ext,3
23,73745324,Equatorial Guinea,Egypt,0,1,1,0,1,ext,3
24,73745326,Mali,Botswana,0,0,0,0,0,,0,,,0,0,0,nul,3
24,73745327,Morocco,Zimbabwe,2,0,2,2,0,,0,,,0,0,0,dom,3
24,73745328,Senegal,Cameroon,0,0,0,0,0,,0,,,0,0,0,nul,3
24,73745329,Sudan,Uganda,0,2,2,0,2,,0,,,0,0,0,ext,3
24,73745330,Ivory Coast,Mozambique,1,0,1,1,0,,0,,,0,0,0,dom,3
24,73745331,Angola,Algeria,1,1,2,1,1,,0,,,0,0,0,nul,3
24,73745332,Tunisia,Gabon,3,0,3,3,0,,0,,,0,0,0,dom,3
24,73745333,Nigeria,Comoros,1,0,1,1,0,,0,,,0,0,0,dom,3
24,73745334,Tanzania,Benin,1,0,1,1,0,,0,,,0,0,0,dom,3
24,73745335,South Africa,Equatorial Guinea,4,0,4,4,0,,0,,,0,0,0,dom,3
24,73745336,Zambia,DR Congo,0,2,2,0,2,,0,,,0,0,0,ext,3
24,73745337,Egypt,Burkina Faso,2,1,3,2,1,,0,,,0,0,0,dom,3
25,73745338,DR Congo,Nigeria,0,1,1,0,1,ext,3
25,73745341,Mozambique,Tunisia,0,1,1,0,1,ext,3
25,73745343,Botswana,Zambia,1,3,4,1,3,ext,3
25,73745344,Cameroon,Mali,1,0,1,1,0,dom,3
25,73745345,Burkina Faso,South Africa,2,1,3,2,1,dom,3
25,73745347,Benin,Equatorial Guinea,2,0,2,2,0,dom,3
25,73745348,Uganda,Angola,1,0,1,1,0,dom,3
25,73745349,Comoros,Tanzania,2,2,4,2,2,nul,3
26,73745350,Morocco,Uganda,3,0,3,3,0,dom,3
26,73745351,Angola,Gabon,1,1,2,1,1,nul,3
26,73745353,Nigeria,Botswana,0,1,1,0,1,ext,3
26,73745355,Sudan,Tunisia,1,3,4,1,3,ext,3
26,73745357,Senegal,Mozambique,2,1,3,2,1,dom,3
26,73745359,Egypt,Algeria,0,0,0,0,0,nul,3
26,73745360,Tanzania,DR Congo,0,1,1,0,1,ext,3
26,73745361,South Africa,Zimbabwe,0,0,0,0,0,nul,3
27,73745362,DR Congo,Equatorial Guinea,2,0,2,2,0,dom,3
27,73745363,Zimbabwe,Benin,2,1,3,2,1,dom,3
27,73745364,Uganda,Egypt,1,3,4,1,3,ext,3
27,73745365,Ivory Coast,Zambia,2,0,2,2,0,dom,3
27,73745366,Comoros,Burkina Faso,0,2,2,0,2,ext,3
27,73745367,Botswana,Tanzania,1,2,3,1,2,ext,3
27,73745368,Cameroon,Nigeria,0,0,0,0,0,nul,3
27,73745369,Mozambique,Sudan,1,0,1,1,0,dom,3
27,73745371,Algeria,South Africa,3,1,4,3,1,dom,3
27,73745372,Senegal,Mali,0,0,0,0,0,nul,3
28,73745375,Morocco,Tunisia,0,0,0,0,0,nul,3
28,73745378,Nigeria,Ivory Coast,0,0,0,0,0,nul,3
28,73745380,Comoros,Zimbabwe,0,0,0,0,0,nul,3
28,73745381,Equatorial Guinea,Botswana,0,0,0,0,0,nul,3
28,73745382,South Africa,Uganda,4,0,4,4,0,dom,3
28,73745383,Benin,Algeria,2,1,3,2,1,dom,3
28,73745384,Mali,Mozambique,1,1,2,1,1,nul,3
28,73745385,Tanzania,Cameroon,0,0,0,0,0,nul,3
29,73745387,Uganda,Benin,1,0,1,1,0,dom,3
29,73745389,Botswana,Burkina Faso,0,3,3,0,3,ext,3
29,73745390,DR Congo,Zimbabwe,0,0,0,0,0,nul,3
29,73745392,Cameroon,Equatorial Guinea,0,1,1,0,1,ext,3
29,73745394,Ivory Coast,Tanzania,6,0,6,6,0,dom,3
29,73745395,Gabon,South Africa,1,1,2,1,1,nul,3
29,73745397,Algeria,Comoros,0,1,1,0,1,ext,3
30,73745398,South Africa,Tunisia,1,2,3,1,2,ext,3
30,73745399,Equatorial Guinea,Ivory Coast,0,0,0,0,0,nul,3
30,73745401,DR Congo,Algeria,0,0,0,0,0,nul,3
30,73745403,Burkina Faso,Cameroon,0,0,0,0,0,nul,3
30,73745404,Morocco,Angola,1,0,1,1,0,dom,3
30,73745407,Nigeria,Mali,1,1,2,1,1,nul,3
30,73745408,Benin,Gabon,2,0,2,2,0,dom,3
31,73745412,Uganda,DR Congo,1,0,1,1,0,dom,3
31,73745414,Angola,Egypt,2,0,2,2,0,dom,3
31,73745419,Zambia,Nigeria,3,1,4,3,1,dom,3
31,73745420,Botswana,Algeria,0,0,0,0,0,nul,3
32,73745425,Botswana,Uganda,5,0,5,5,0,dom,3
32,73745426,Egypt,Morocco,2,2,4,2,2,nul,3
32,73745427,Tanzania,Zambia,3,0,3,3,0,dom,3
32,73745428,South Africa,Angola,1,1,2,1,1,nul,3
32,73745431,Comoros,Tunisia,0,2,2,0,2,ext,3
32,73745432,Equatorial Guinea,Mali,3,0,3,3,0,dom,3
32,73745433,Nigeria,Mozambique,0,0,0,0,0,nul,3
33,73745434,Angola,Benin,0,5,5,0,5,ext,3
33,73745438,Gabon,Botswana,1,0,1,1,0,dom,3
33,73745441,Nigeria,Tanzania,2,1,3,2,1,dom,3
33,73745443,Tunisia,DR Congo,1,0,1,1,0,dom,3
33,73745444,Zambia,Equatorial Guinea,1,1,2,1,1,nul,3
33,73745445,Ivory Coast,Algeria,2,2,4,2,2,nul,3
34,73745447,South Africa,Egypt,3,0,3,3,0,dom,3
34,73745448,Burkina Faso,Zambia,0,0,0,0,0,nul,3
34,73745449,Uganda,Ivory Coast,0,2,2,0,2,ext,3
34,73745450,Zimbabwe,Mali,0,0,0,0,0,nul,3
34,73745451,Cameroon,Gabon,1,2,3,1,2,ext,3
34,73745452,Benin,Morocco,0,0,0,0,0,nul,3
34,73745453,Tanzania,Mozambique,1,0,1,1,0,dom,3
34,73745454,Equatorial Guinea,Nigeria,2,1,3,2,1,dom,3
35,73745458,Morocco,Comoros,0,0,0,0,0,nul,3
35,73745459,Mali,Algeria,3,0,3,3,0,dom,3
35,73745461,Zambia,Zimbabwe,0,2,2,0,2,ext,3
35,73745465,Nigeria,Burkina Faso,0,0,0,0,0,nul,3
35,73745466,Tanzania,Equatorial Guinea,1,1,2,1,1,nul,3
35,73745467,Egypt,Benin,0,1,1,0,1,ext,3
35,73745468,Senegal,Uganda,2,0,2,2,0,dom,3
36,73745470,Burkina Faso,Tanzania,0,1,1,0,1,ext,3
36,73745472,Zimbabwe,Nigeria,0,0,0,0,0,nul,3
36,73745474,Uganda,Mali,2,0,2,2,0,dom,3
36,73745475,Cameroon,Sudan,0,4,4,0,4,ext,3
36,73745476,Equatorial Guinea,Mozambique,1,0,1,1,0,dom,3
36,73745477,Botswana,Angola,2,1,3,2,1,dom,3
36,73745479,Ivory Coast,Tunisia,2,2,4,2,2,nul,3
36,73745480,Comoros,Egypt,1,1,2,1,1,nul,3
36,73745481,Benin,South Africa,1,1,2,1,1,nul,3
37,73745485,Tanzania,Zimbabwe,0,0,0,0,0,nul,3
37,73745486,Sudan,Ivory Coast,1,1,2,1,1,nul,3
37,73745489,Morocco,Botswana,5,0,5,5,0,dom,3
37,73745490,Angola,Cameroon,0,0,0,0,0,nul,3
38,73745494,Botswana,Egypt,1,2,3,1,2,ext,3
38,73745495,DR Congo,South Africa,0,2,2,0,2,ext,3
38,73745496,Burkina Faso,Mozambique,0,0,0,0,0,nul,3
38,73745497,Cameroon,Morocco,0,3,3,0,3,ext,3
38,73745499,Ivory Coast,Angola,1,0,1,1,0,dom,3
38,73745500,Senegal,Sudan,1,0,1,1,0,dom,3
38,73745501,Uganda,Nigeria,1,0,1,1,0,dom,3
38,73745502,Gabon,Zambia,0,1,1,0,1,ext,3
38,73745503,Tunisia,Mali,0,0,0,0,0,nul,3
38,73745504,Zimbabwe,Equatorial Guinea,4,0,4,4,0,dom,3
38,73745505,Comoros,Benin,0,1,1,0,1,ext,3
39,73745506,Burkina Faso,Zimbabwe,1,2,3,1,2,ext,3
39,73745508,Morocco,Ivory Coast,3,0,3,3,0,dom,3
39,73745510,Mozambique,Comoros,0,0,0,0,0,nul,3
39,73745511,Zambia,Tunisia,0,0,0,0,0,nul,3
39,73745512,South Africa,Botswana,3,0,3,3,0,dom,3
39,73745513,Mali,Sudan,1,1,2,1,1,nul,3
39,73745514,Tanzania,Uganda,0,0,0,0,0,nul,3
39,73745515,Benin,DR Congo,0,0,0,0,0,nul,3
39,73745516,Egypt,Cameroon,0,0,0,0,0,nul,3
39,73745517,Equatorial Guinea,Algeria,2,1,3,2,1,dom,3
40,73745520,Ivory Coast,Egypt,0,5,5,0,5,ext,3
40,73745521,Botswana,Benin,2,1,3,2,1,dom,3
40,73745522,Mali,Angola,2,1,3,2,1,dom,3
40,73745523,Cameroon,South Africa,1,0,1,1,0,dom,3
40,73745524,Zimbabwe,Mozambique,4,0,4,4,0,dom,3
40,73745525,Tunisia,Nigeria,4,0,4,4,0,dom,3
40,73745528,Algeria,Burkina Faso,1,3,4,1,3,ext,3
40,73745529,DR Congo,Comoros,1,3,4,1,3,ext,3
41,73745530,South Africa,Ivory Coast,1,1,2,1,1,nul,3
41,73745531,Comoros,Botswana,3,0,3,3,0,dom,3
41,73745534,Equatorial Guinea,Gabon,0,1,1,0,1,ext,3
41,73745537,Nigeria,Sudan,1,1,2,1,1,nul,3
41,73745538,Burkina Faso,Uganda,1,0,1,1,0,dom,3
41,73745540,Morocco,Mali,0,0,0,0,0,nul,3
42,73745542,Senegal,South Africa,2,0,2,2,0,dom,3
42,73745544,Botswana,DR Congo,2,2,4,2,2,nul,3
42,73745545,Tunisia,Equatorial Guinea,3,1,4,3,1,dom,3
42,73745546,Zambia,Morocco,0,0,0,0,0,nul,3
42,73745548,Sudan,Tanzania,3,0,3,3,0,dom,3
42,73745550,Gabon,Burkina Faso,0,0,0,0,0,nul,3
42,73745551,Ivory Coast,Benin,0,0,0,0,0,nul,3
42,73745552,Cameroon,Comoros,1,2,3,1,2,ext,3
42,73745553,Mali,Egypt,3,0,3,3,0,dom,3
43,73745554,Algeria,Uganda,0,0,0,0,0,nul,3
43,73745555,Burkina Faso,Tunisia,1,0,1,1,0,dom,3
43,73745556,DR Congo,Cameroon,1,1,2,1,1,nul,3
43,73745559,Zimbabwe,Gabon,0,0,0,0,0,nul,3
43,73745560,Benin,Senegal,1,0,1,1,0,dom,3
43,73745561,Equatorial Guinea,Sudan,1,0,1,1,0,dom,3
43,73745562,Tanzania,Angola,0,0,0,0,0,nul,3
43,73745564,Mozambique,Botswana,1,1,2,1,1,nul,3
43,73745565,Egypt,Zambia,0,0,0,0,0,nul,3
44,73745568,Cameroon,Botswana,0,0,0,0,0,nul,3
44,73745569,Tunisia,Zimbabwe,3,1,4,3,1,dom,3
44,73745570,Mali,Benin,1,1,2,1,1,nul,3
44,73745571,Nigeria,Egypt,3,0,3,3,0,dom,3
44,73745572,Uganda,Mozambique,1,2,3,1,2,ext,3
44,73745573,Morocco,Tanzania,4,0,4,4,0,dom,3
44,73745576,Senegal,Comoros,2,1,3,2,1,dom,3
44,73745577,Gabon,Algeria,0,1,1,0,1,ext,3
45,73745578,DR Congo,Senegal,1,1,2,1,1,nul,3
45,73745579,Comoros,Mali,0,0,0,0,0,nul,3
45,73745580,South Africa,Nigeria,0,0,0,0,0,nul,3
45,73745581,Uganda,Gabon,0,0,0,0,0,nul,3
45,73745582,Algeria,Tunisia,1,1,2,1,1,nul,3
45,73745584,Burkina Faso,Angola,0,0,0,0,0,nul,3
45,73745585,Mozambique,Cameroon,0,1,1,0,1,ext,3
45,73745587,Botswana,Ivory Coast,0,0,0,0,0,nul,3
45,73745588,Zimbabwe,Sudan,2,0,2,2,0,dom,3
45,73745589,Tanzania,Egypt,2,1,3,2,1,dom,3
46,73745590,Tanzania,South Africa,0,2,2,0,2,ext,3
46,73745591,Sudan,Algeria,0,0,0,0,0,nul,3
46,73745592,Mali,DR Congo,3,0,3,3,0,dom,3
46,73745593,Gabon,Mozambique,1,1,2,1,1,nul,3
46,73745594,Morocco,Burkina Faso,0,0,0,0,0,nul,3
46,73745595,Ivory Coast,Cameroon,5,0,5,5,0,dom,3
46,73745596,Zambia,Comoros,2,2,4,2,2,nul,3
46,73745600,Egypt,Equatorial Guinea,2,0,2,2,0,dom,3
1,73753532,Cameroon,Comoros,1,1,2,1,1,nul,4
1,73753533,Uganda,Egypt,0,3,3,0,3,ext,4
1,73753534,Angola,DR Congo,2,0,2,2,0,dom,4
1,73753535,Nigeria,Gabon,2,0,2,2,0,dom,4
1,73753536,Tanzania,Mozambique,0,3,3,0,3,ext,4
1,73753537,Sudan,Tunisia,1,0,1,1,0,dom,4
1,73753539,Senegal,Benin,1,0,1,1,0,dom,4
4,73753564,DR Congo,Sudan,4,1,5,4,1,,0,,,0,0,0,dom,4
4,73753565,Nigeria,Uganda,2,1,3,2,1,,0,,,0,0,0,dom,4
4,73753566,Comoros,Tanzania,0,0,0,0,0,,0,,,0,0,0,nul,4
4,73753567,Zimbabwe,Cameroon,3,0,3,3,0,,0,,,0,0,0,dom,4
4,73753568,Botswana,Tunisia,0,1,1,0,1,,0,,,0,0,0,ext,4
4,73753569,Ivory Coast,Mali,3,0,3,3,0,,0,,,0,0,0,dom,4
4,73753570,South Africa,Mozambique,3,0,3,3,0,,0,,,0,0,0,dom,4
4,73753571,Gabon,Zambia,2,0,2,2,0,,0,,,0,0,0,dom,4
4,73753572,Morocco,Angola,2,1,3,2,1,,0,,,0,0,0,dom,4
4,73753573,Senegal,Equatorial Guinea,1,1,2,1,1,,0,,,0,0,0,nul,4
4,73753574,Benin,Burkina Faso,2,1,3,2,1,,0,,,0,0,0,dom,4
4,73753575,Egypt,Algeria,0,0,0,0,0,,0,,,0,0,0,nul,4
5,73753576,Mali,Egypt,0,3,3,0,3,ext,4
5,73753577,Equatorial Guinea,Morocco,0,3,3,0,3,ext,4
5,73753578,Zambia,Senegal,1,0,1,1,0,dom,4
5,73753580,Tanzania,Botswana,0,0,0,0,0,nul,4
5,73753582,Cameroon,Benin,3,0,3,3,0,dom,4
5,73753585,Sudan,Gabon,2,0,2,2,0,dom,4
5,73753586,Tunisia,South Africa,1,1,2,1,1,nul,4
5,73753587,Comoros,Ivory Coast,0,0,0,0,0,nul,4
6,73753590,Uganda,Equatorial Guinea,3,0,3,3,0,dom,4
6,73753591,Senegal,Sudan,3,0,3,3,0,dom,4
6,73753593,Gabon,Mozambique,1,5,6,1,5,ext,4
6,73753594,South Africa,Botswana,3,0,3,3,0,dom,4
6,73753596,Ivory Coast,Tanzania,1,0,1,1,0,dom,4
6,73753597,Morocco,Zambia,3,2,5,3,2,dom,4
7,73753600,Botswana,DR Congo,0,2,2,0,2,ext,4
7,73753601,Mali,Benin,4,1,5,4,1,dom,4
7,73753602,Comoros,Zimbabwe,0,0,0,0,0,nul,4
7,73753605,Ivory Coast,Egypt,0,1,1,0,1,ext,4
7,73753607,Mozambique,Senegal,0,1,1,0,1,ext,4
7,73753608,Tunisia,Gabon,1,1,2,1,1,nul,4
7,73753609,Sudan,Morocco,0,1,1,0,1,ext,4
7,73753611,Burkina Faso,Equatorial Guinea,4,0,4,4,0,dom,4
7,73753600,Botswana,DR Congo,0,2,2,0,2,ext,4
7,73753601,Mali,Benin,4,1,5,4,1,dom,4
7,73753602,Comoros,Zimbabwe,0,0,0,0,0,nul,4
7,73753605,Ivory Coast,Egypt,0,1,1,0,1,ext,4
7,73753607,Mozambique,Senegal,0,1,1,0,1,ext,4
7,73753608,Tunisia,Gabon,1,1,2,1,1,nul,4
7,73753609,Sudan,Morocco,0,1,1,0,1,ext,4
7,73753611,Burkina Faso,Equatorial Guinea,4,0,4,4,0,dom,4
7,73753600,Botswana,DR Congo,0,2,2,0,2,ext,4
7,73753601,Mali,Benin,4,1,5,4,1,dom,4
7,73753602,Comoros,Zimbabwe,0,0,0,0,0,nul,4
7,73753605,Ivory Coast,Egypt,0,1,1,0,1,ext,4
7,73753607,Mozambique,Senegal,0,1,1,0,1,ext,4
7,73753608,Tunisia,Gabon,1,1,2,1,1,nul,4
7,73753609,Sudan,Morocco,0,1,1,0,1,ext,4
7,73753611,Burkina Faso,Equatorial Guinea,4,0,4,4,0,dom,4
7,73753600,Botswana,DR Congo,0,2,2,0,2,ext,4
7,73753601,Mali,Benin,4,1,5,4,1,dom,4
7,73753602,Comoros,Zimbabwe,0,0,0,0,0,nul,4
7,73753605,Ivory Coast,Egypt,0,1,1,0,1,ext,4
7,73753607,Mozambique,Senegal,0,1,1,0,1,ext,4
7,73753608,Tunisia,Gabon,1,1,2,1,1,nul,4
7,73753609,Sudan,Morocco,0,1,1,0,1,ext,4
7,73753611,Burkina Faso,Equatorial Guinea,4,0,4,4,0,dom,4
8,73753612,Nigeria,Mali,0,0,0,0,0,nul,4
8,73753613,Burkina Faso,Zambia,0,3,3,0,3,ext,4
8,73753614,Angola,Algeria,1,0,1,1,0,dom,4
8,73753615,DR Congo,South Africa,0,2,2,0,2,ext,4
8,73753616,Equatorial Guinea,Cameroon,0,0,0,0,0,nul,4
8,73753618,Gabon,Botswana,2,4,6,2,4,ext,4
8,73753619,Zimbabwe,Ivory Coast,0,0,0,0,0,nul,4
8,73753621,Uganda,Sudan,0,0,0,0,0,nul,4
8,73753622,Benin,Comoros,0,0,0,0,0,nul,4
8,73753623,Egypt,Tanzania,3,0,3,3,0,dom,4
8,73753612,Nigeria,Mali,0,0,0,0,0,nul,4
8,73753613,Burkina Faso,Zambia,0,3,3,0,3,ext,4
8,73753614,Angola,Algeria,1,0,1,1,0,dom,4
8,73753615,DR Congo,South Africa,0,2,2,0,2,ext,4
8,73753616,Equatorial Guinea,Cameroon,0,0,0,0,0,nul,4
8,73753618,Gabon,Botswana,2,4,6,2,4,ext,4
8,73753619,Zimbabwe,Ivory Coast,0,0,0,0,0,nul,4
8,73753621,Uganda,Sudan,0,0,0,0,0,nul,4
8,73753622,Benin,Comoros,0,0,0,0,0,nul,4
8,73753623,Egypt,Tanzania,3,0,3,3,0,dom,4
9,73753628,Botswana,Senegal,1,0,1,1,0,dom,1
9,73753629,Egypt,Zimbabwe,2,0,2,2,0,dom,1
9,73753632,Tanzania,DR Congo,2,0,2,2,0,dom,1
9,73753633,Mali,Angola,2,0,2,2,0,dom,1
9,73753634,South Africa,Gabon,2,0,2,2,0,dom,1
10,73753636,Senegal,South Africa,2,1,3,2,1,dom,1
10,73753637,Gabon,DR Congo,0,1,1,0,1,ext,1
10,73753638,Angola,Comoros,0,3,3,0,3,ext,1
10,73753639,Benin,Egypt,1,0,1,1,0,dom,1
10,73753642,Burkina Faso,Mozambique,1,0,1,1,0,dom,1
10,73753643,Zimbabwe,Tanzania,0,1,1,0,1,ext,1
10,73753644,Equatorial Guinea,Mali,0,3,3,0,3,ext,1
10,73753646,Nigeria,Ivory Coast,2,0,2,2,0,dom,1
10,73753647,Morocco,Botswana,0,0,0,0,0,nul,1
11,73753648,Egypt,Nigeria,1,1,2,1,1,nul,1
11,73753649,Tanzania,Gabon,0,2,2,0,2,ext,1
11,73753651,South Africa,Morocco,1,1,2,1,1,nul,1
11,73753652,Zimbabwe,Benin,3,0,3,3,0,dom,1
11,73753655,Algeria,Sudan,1,0,1,1,0,dom,1
11,73753656,Comoros,Equatorial Guinea,4,0,4,4,0,dom,1
11,73753658,Botswana,Uganda,0,0,0,0,0,nul,1
11,73753659,DR Congo,Senegal,1,0,1,1,0,dom,1
42,73866775,Benin,Uganda,1,1,2,1,1,nul,1
42,73866776,Senegal,Egypt,0,1,1,0,1,ext,1
42,73866777,South Africa,DR Congo,1,0,1,1,0,dom,1
42,73866779,Gabon,Botswana,0,1,1,0,1,ext,1
42,73866781,Morocco,Zimbabwe,1,1,2,1,1,nul,1
42,73866783,Ivory Coast,Burkina Faso,0,1,1,0,1,ext,1
42,73866784,Nigeria,Angola,1,0,1,1,0,dom,1
42,73866785,Algeria,Cameroon,0,0,0,0,0,nul,1
42,73866786,Tanzania,Comoros,0,0,0,0,0,nul,1
43,73866787,Zimbabwe,Mozambique,0,2,2,0,2,ext,1
43,73866788,Egypt,South Africa,1,0,1,1,0,dom,1
43,73866789,Gabon,Morocco,0,2,2,0,2,ext,1
43,73866791,Cameroon,Tanzania,1,2,3,1,2,ext,1
43,73866793,Mali,Ivory Coast,2,0,2,2,0,dom,1
43,73866797,DR Congo,Nigeria,0,0,0,0,0,nul,1
43,73866798,Uganda,Algeria,0,3,3,0,3,ext,1
44,73866799,Tanzania,Uganda,0,0,0,0,0,nul,1
44,73866800,Comoros,Mali,1,0,1,1,0,dom,1
44,73866801,Burkina Faso,Cameroon,0,0,0,0,0,nul,1
44,73866802,Morocco,Botswana,3,1,4,3,1,dom,1
44,73866803,Ivory Coast,Equatorial Guinea,1,1,2,1,1,nul,1
44,73866804,Benin,DR Congo,3,0,3,3,0,dom,1
44,73866805,Algeria,Angola,1,2,3,1,2,ext,1
44,73866810,Mozambique,Gabon,0,1,1,0,1,ext,1
45,73866812,Morocco,Mozambique,0,0,0,0,0,nul,1
45,73866813,Zimbabwe,Tunisia,0,0,0,0,0,nul,1
45,73866815,Equatorial Guinea,Comoros,1,1,2,1,1,nul,1
45,73866817,Uganda,Burkina Faso,0,0,0,0,0,nul,1
45,73866818,Angola,Tanzania,0,1,1,0,1,ext,1
45,73866819,Senegal,Nigeria,4,0,4,4,0,dom,1
45,73866822,Egypt,Benin,2,1,3,2,1,dom,1
46,73866823,Nigeria,South Africa,0,2,2,0,2,ext,1
46,73866824,Tanzania,DR Congo,0,0,0,0,0,nul,1
46,73866826,Mozambique,Botswana,1,1,2,1,1,nul,1
46,73866827,Ivory Coast,Zimbabwe,0,0,0,0,0,nul,1
46,73866828,Comoros,Zambia,5,0,5,5,0,dom,1
46,73866831,Cameroon,Equatorial Guinea,4,0,4,4,0,dom,1
46,73866833,Tunisia,Gabon,2,0,2,2,0,dom,1
46,73866834,Algeria,Egypt,1,3,4,1,3,ext,1
1,73871579,Nigeria,Angola,2,0,2,2,0,dom,2
1,73871584,Ivory Coast,Sudan,0,3,3,0,3,ext,2
1,73871585,Zimbabwe,Cameroon,2,0,2,2,0,dom,2
1,73871586,Senegal,Botswana,2,0,2,2,0,dom,2
1,73871589,Uganda,Mali,0,0,0,0,0,nul,2
1,73871590,Egypt,Tunisia,1,0,1,1,0,dom,2
2,73871594,Benin,Nigeria,2,0,2,2,0,dom,2
2,73871596,Cameroon,Ivory Coast,3,0,3,3,0,dom,2
2,73871597,Mali,Equatorial Guinea,2,1,3,2,1,dom,2
2,73871599,Tunisia,Zimbabwe,1,0,1,1,0,dom,2
2,73871602,Comoros,Mozambique,4,0,4,4,0,dom,2
3,73871603,Burkina Faso,Mali,0,0,0,0,0,nul,2
3,73871605,Algeria,Zambia,1,2,3,1,2,ext,2
3,73871606,Uganda,Comoros,1,2,3,1,2,ext,2
3,73871607,Equatorial Guinea,Gabon,0,0,0,0,0,nul,2
3,73871608,Ivory Coast,DR Congo,3,0,3,3,0,dom,2
3,73871609,Sudan,South Africa,2,0,2,2,0,dom,2
3,73871610,Egypt,Benin,0,0,0,0,0,nul,2
3,73871611,Nigeria,Tanzania,0,1,1,0,1,ext,2
4,73871616,Mali,Sudan,2,0,2,2,0,dom,2
4,73871617,South Africa,DR Congo,2,2,4,2,2,nul,2
4,73871618,Comoros,Equatorial Guinea,1,0,1,1,0,dom,2
4,73871622,Angola,Cameroon,1,0,1,1,0,dom,2
4,73871623,Tunisia,Ivory Coast,1,0,1,1,0,dom,2
4,73871624,Zambia,Morocco,0,1,1,0,1,ext,2
5,73871627,Uganda,Algeria,3,1,4,3,1,dom,2
5,73871628,Burkina Faso,Comoros,4,0,4,4,0,dom,2
5,73871629,Egypt,Botswana,1,2,3,1,2,ext,2
5,73871630,Zimbabwe,Tanzania,1,0,1,1,0,dom,2
5,73871632,Ivory Coast,South Africa,0,0,0,0,0,nul,2
5,73871633,Morocco,Mozambique,0,0,0,0,0,nul,2
5,73871635,DR Congo,Mali,1,1,2,1,1,nul,2
5,73871636,Nigeria,Zambia,0,1,1,0,1,ext,2
6,73871639,Senegal,Burkina Faso,3,0,3,3,0,dom,2
6,73871640,Zambia,Egypt,0,1,1,0,1,ext,2
6,73871642,Algeria,Equatorial Guinea,5,0,5,5,0,dom,2
6,73871643,Mali,South Africa,2,0,2,2,0,dom,2
6,73871644,Botswana,Zimbabwe,0,0,0,0,0,nul,2
6,73871645,Angola,Ivory Coast,3,0,3,3,0,dom,2
6,73871648,Benin,Tunisia,1,0,1,1,0,dom,2
6,73871649,Gabon,DR Congo,0,2,2,0,2,ext,2
6,73871650,Comoros,Sudan,1,1,2,1,1,nul,2
7,73871651,DR Congo,Comoros,0,0,0,0,0,nul,2
7,73871654,Tunisia,Tanzania,1,0,1,1,0,dom,2
7,73871655,Equatorial Guinea,Morocco,0,2,2,0,2,ext,2
7,73871656,Nigeria,Uganda,3,1,4,3,1,dom,2
7,73871657,Angola,Benin,0,0,0,0,0,nul,2
7,73871658,Sudan,Senegal,0,2,2,0,2,ext,2
7,73871660,Ivory Coast,Mali,2,1,3,2,1,dom,2
7,73871661,Egypt,Mozambique,0,1,1,0,1,ext,2
7,73871662,Cameroon,Botswana,1,0,1,1,0,dom,2
8,73871664,Botswana,Tunisia,0,3,3,0,3,ext,2
8,73871665,Benin,Ivory Coast,1,0,1,1,0,dom,2
8,73871667,Nigeria,Equatorial Guinea,0,0,0,0,0,nul,2
8,73871668,Morocco,Burkina Faso,0,0,0,0,0,nul,2
8,73871669,Uganda,Egypt,2,4,6,2,4,ext,2
8,73871670,Zambia,Cameroon,0,0,0,0,0,nul,2
8,73871672,Gabon,Mali,0,0,0,0,0,nul,2
9,73871675,Cameroon,Mozambique,3,1,4,3,1,dom,2
9,73871676,Egypt,Equatorial Guinea,4,0,4,4,0,dom,2
9,73871678,Tunisia,Zambia,1,1,2,1,1,nul,2
9,73871680,Benin,Tanzania,3,1,4,3,1,dom,2
9,73871681,Burkina Faso,Nigeria,0,0,0,0,0,nul,2
9,73871682,Ivory Coast,Gabon,3,1,4,3,1,dom,2
9,73871683,South Africa,Senegal,0,1,1,0,1,ext,2
9,73871685,DR Congo,Algeria,1,0,1,1,0,dom,2
9,73871686,Mali,Comoros,2,1,3,2,1,dom,2
10,73871688,Mozambique,Tunisia,0,1,1,0,1,ext,2
10,73871691,Tanzania,Ivory Coast,0,3,3,0,3,ext,2
10,73871694,Senegal,Mali,0,1,1,0,1,ext,2
10,73871696,Morocco,DR Congo,1,1,2,1,1,nul,2
10,73871697,Nigeria,Sudan,2,0,2,2,0,dom,2
10,73871698,Comoros,Gabon,0,0,0,0,0,nul,2
11,73871700,Tanzania,Botswana,0,2,2,0,2,ext,2
11,73871701,Mali,Algeria,3,0,3,3,0,dom,2
11,73871702,Ivory Coast,Comoros,1,1,2,1,1,nul,2
11,73871703,Sudan,Egypt,3,0,3,3,0,dom,2
11,73871704,Gabon,Senegal,0,1,1,0,1,ext,2
11,73871705,Tunisia,Uganda,1,0,1,1,0,dom,2
11,73871707,Angola,Mozambique,4,0,4,4,0,dom,2
11,73871709,DR Congo,Nigeria,0,0,0,0,0,nul,2
11,73871710,Benin,Zambia,1,0,1,1,0,dom,2
12,73871711,Equatorial Guinea,Tunisia,0,1,1,0,1,ext,2
12,73871712,Senegal,Comoros,1,0,1,1,0,dom,2
12,73871714,Nigeria,South Africa,3,0,3,3,0,dom,2
12,73871715,Burkina Faso,Cameroon,2,1,3,2,1,dom,2
12,73871716,Uganda,Angola,1,0,1,1,0,dom,2
12,73871717,Egypt,DR Congo,0,0,0,0,0,nul,2
12,73871718,Algeria,Gabon,4,0,4,4,0,dom,2
12,73871719,Mozambique,Benin,0,0,0,0,0,nul,2
12,73871721,Botswana,Ivory Coast,0,1,1,0,1,ext,2
13,73871724,Tanzania,Mozambique,0,2,2,0,2,ext,2
13,73871725,Gabon,Morocco,0,0,0,0,0,nul,2
13,73871726,Mali,Nigeria,2,0,2,2,0,dom,2
13,73871731,Angola,Equatorial Guinea,0,1,1,0,1,ext,2
13,73871732,DR Congo,Zimbabwe,1,1,2,1,1,nul,2
13,73871734,South Africa,Egypt,0,0,0,0,0,nul,2
14,73871736,Zambia,Ivory Coast,1,0,1,1,0,dom,2
14,73871738,Cameroon,DR Congo,1,1,2,1,1,nul,2
14,73871740,Uganda,Tanzania,2,1,3,2,1,dom,2
14,73871741,Morocco,Comoros,0,1,1,0,1,ext,2
14,73871742,Burkina Faso,Angola,0,0,0,0,0,nul,2
14,73871743,Sudan,Tunisia,3,1,4,3,1,dom,2
14,73871745,Zimbabwe,South Africa,0,0,0,0,0,nul,2
14,73871746,Algeria,Senegal,0,0,0,0,0,nul,2
15,73871747,Gabon,Egypt,1,0,1,1,0,dom,2
15,73871748,Ivory Coast,Algeria,1,0,1,1,0,dom,2
15,73871749,South Africa,Cameroon,0,1,1,0,1,ext,2
15,73871750,Zambia,Mozambique,2,0,2,2,0,dom,2
15,73871752,Angola,Sudan,0,0,0,0,0,nul,2
15,73871753,Tanzania,Equatorial Guinea,0,1,1,0,1,ext,2
15,73871754,Benin,Burkina Faso,2,0,2,2,0,dom,2
15,73871756,Mali,Zimbabwe,1,1,2,1,1,nul,2
15,73871757,Comoros,Nigeria,2,1,3,2,1,dom,2
15,73871758,Botswana,Uganda,0,0,0,0,0,nul,2
16,73871760,Mozambique,Ivory Coast,1,0,1,1,0,dom,2
16,73871761,Uganda,Zambia,1,0,1,1,0,dom,2
16,73871762,Cameroon,Mali,0,2,2,0,2,ext,2
16,73871763,Egypt,Comoros,2,1,3,2,1,dom,2
16,73871764,Equatorial Guinea,Botswana,1,1,2,1,1,nul,2
16,73871766,DR Congo,Angola,4,0,4,4,0,dom,2
16,73871770,Nigeria,Senegal,0,0,0,0,0,nul,2
17,73871771,Benin,DR Congo,0,0,0,0,0,nul,2
17,73871772,Botswana,Burkina Faso,0,2,2,0,2,ext,2
17,73871773,Senegal,Egypt,1,1,2,1,1,nul,2
17,73871774,Algeria,Nigeria,5,0,5,5,0,dom,2
17,73871776,Gabon,Cameroon,1,0,1,1,0,dom,2
17,73871778,Zambia,Equatorial Guinea,0,2,2,0,2,ext,2
17,73871779,Mali,Tunisia,1,0,1,1,0,dom,2
17,73871780,Comoros,Zimbabwe,0,0,0,0,0,nul,2
17,73871781,Mozambique,Uganda,5,0,5,5,0,dom,2
17,73871782,Ivory Coast,Morocco,1,1,2,1,1,nul,2
18,73871783,Tunisia,Gabon,0,1,1,0,1,ext,2
18,73871784,Cameroon,Comoros,0,0,0,0,0,nul,2
18,73871788,Egypt,Algeria,0,0,0,0,0,nul,2
18,73871789,South Africa,Benin,1,2,3,1,2,ext,2
18,73871790,Zimbabwe,Senegal,1,0,1,1,0,dom,2
18,73871791,Uganda,Ivory Coast,0,3,3,0,3,ext,2
18,73871792,Equatorial Guinea,Mozambique,0,0,0,0,0,nul,2
18,73871793,DR Congo,Tanzania,1,0,1,1,0,dom,2
19,73871796,Uganda,Equatorial Guinea,1,1,2,1,1,nul,2
19,73871797,Algeria,Zimbabwe,5,0,5,5,0,dom,2
19,73871799,Morocco,Egypt,0,0,0,0,0,nul,2
19,73871800,Botswana,DR Congo,0,0,0,0,0,nul,2
19,73871801,Ivory Coast,Nigeria,0,1,1,0,1,ext,2
19,73871803,Comoros,Tunisia,0,0,0,0,0,nul,2
19,73871804,Gabon,Angola,0,0,0,0,0,nul,2
19,73871805,Zambia,Sudan,1,0,1,1,0,dom,2
19,73871806,Benin,Mali,0,0,0,0,0,nul,2
20,73871807,Sudan,Mozambique,0,4,4,0,4,ext,2
20,73871809,Angola,Comoros,0,3,3,0,3,ext,2
20,73871810,Zimbabwe,Morocco,0,3,3,0,3,ext,2
20,73871812,Cameroon,Algeria,0,1,1,0,1,ext,2
20,73871813,Egypt,Nigeria,0,1,1,0,1,ext,2
20,73871814,Tunisia,Senegal,0,1,1,0,1,ext,2
20,73871815,Benin,Gabon,0,1,1,0,1,ext,2
20,73871818,Equatorial Guinea,Ivory Coast,0,0,0,0,0,nul,2
21,73871819,Algeria,Tunisia,0,1,1,0,1,ext,2
21,73871822,Equatorial Guinea,Burkina Faso,0,0,0,0,0,nul,2
21,73871823,Morocco,Cameroon,3,0,3,3,0,dom,2
21,73871824,Comoros,Benin,2,0,2,2,0,dom,2
21,73871825,Zambia,South Africa,0,0,0,0,0,nul,2
21,73871826,Ivory Coast,Egypt,2,0,2,2,0,dom,2
21,73871827,Senegal,Angola,0,0,0,0,0,nul,2
22,73871831,Tunisia,Morocco,2,0,2,2,0,dom,2
22,73871832,DR Congo,Uganda,0,1,1,0,1,ext,2
22,73871833,Benin,Senegal,0,1,1,0,1,ext,2
22,73871834,Tanzania,Comoros,1,0,1,1,0,dom,2
22,73871835,South Africa,Mozambique,2,0,2,2,0,dom,2
22,73871837,Sudan,Equatorial Guinea,2,2,4,2,2,nul,2
22,73871838,Cameroon,Nigeria,1,1,2,1,1,nul,2
22,73871839,Zimbabwe,Egypt,0,4,4,0,4,ext,2
22,73871840,Angola,Algeria,2,0,2,2,0,dom,2
22,73871841,Gabon,Botswana,0,1,1,0,1,ext,2
23,73871843,Ivory Coast,Zimbabwe,0,0,0,0,0,nul,2
23,73871844,Senegal,Tanzania,0,0,0,0,0,nul,2
23,73871845,Nigeria,Tunisia,0,2,2,0,2,ext,2
23,73871846,Zambia,Gabon,2,3,5,2,3,ext,2
23,73871849,Equatorial Guinea,DR Congo,0,2,2,0,2,ext,2
23,73871850,Mozambique,Mali,0,1,1,0,1,ext,2
23,73871851,Morocco,Angola,1,0,1,1,0,dom,2
23,73871852,Burkina Faso,Sudan,6,0,6,6,0,dom,2
24,73871855,Angola,Nigeria,0,0,0,0,0,nul,2
24,73871856,Tanzania,Algeria,0,1,1,0,1,ext,2
24,73871860,Sudan,Ivory Coast,0,0,0,0,0,nul,2
24,73871861,Cameroon,Zimbabwe,4,0,4,4,0,dom,2
24,73871862,Botswana,Senegal,0,0,0,0,0,nul,2
24,73871865,Mali,Uganda,5,0,5,5,0,dom,2
24,73871866,Tunisia,Egypt,1,1,2,1,1,nul,2
25,73871870,Nigeria,Benin,1,2,3,1,2,ext,2
25,73871871,Uganda,Gabon,3,1,4,3,1,dom,2
25,73871872,Ivory Coast,Cameroon,1,0,1,1,0,dom,2
25,73871873,Equatorial Guinea,Mali,1,1,2,1,1,nul,2
25,73871875,Zimbabwe,Tunisia,1,2,3,1,2,ext,2
25,73871876,Sudan,DR Congo,1,0,1,1,0,dom,2
26,73871879,Mali,Burkina Faso,2,1,3,2,1,dom,2
26,73871882,Comoros,Uganda,0,0,0,0,0,nul,2
26,73871883,Gabon,Equatorial Guinea,0,0,0,0,0,nul,2
26,73871884,DR Congo,Ivory Coast,2,1,3,2,1,dom,2
26,73871887,Tanzania,Nigeria,0,0,0,0,0,nul,2
26,73871890,Botswana,Morocco,0,1,1,0,1,ext,2
27,73871892,Sudan,Mali,1,1,2,1,1,nul,2
27,73871894,Equatorial Guinea,Comoros,2,0,2,2,0,dom,2
27,73871898,Cameroon,Angola,2,0,2,2,0,dom,2
27,73871899,Ivory Coast,Tunisia,2,0,2,2,0,dom,2
27,73871900,Morocco,Zambia,2,0,2,2,0,dom,2
28,73871903,Algeria,Uganda,3,2,5,3,2,dom,2
28,73871904,Comoros,Burkina Faso,0,2,2,0,2,ext,2
28,73871906,Tanzania,Zimbabwe,0,0,0,0,0,nul,2
28,73871907,Benin,Cameroon,1,1,2,1,1,nul,2
28,73871908,South Africa,Ivory Coast,2,1,3,2,1,dom,2
28,73871909,Mozambique,Morocco,1,1,2,1,1,nul,2
28,73871910,Senegal,Equatorial Guinea,2,1,3,2,1,dom,2
28,73871911,Mali,DR Congo,0,0,0,0,0,nul,2
28,73871912,Zambia,Nigeria,0,0,0,0,0,nul,2
28,73871913,Gabon,Sudan,2,0,2,2,0,dom,2
29,73871915,Burkina Faso,Senegal,0,4,4,0,4,ext,2
29,73871916,Egypt,Zambia,2,1,3,2,1,dom,2
29,73871919,South Africa,Mali,0,3,3,0,3,ext,2
29,73871920,Zimbabwe,Botswana,1,1,2,1,1,nul,2
29,73871921,Ivory Coast,Angola,1,1,2,1,1,nul,2
29,73871915,Burkina Faso,Senegal,1,1,2,1,1,,0,,,0,0,0,nul,2
29,73871916,Egypt,Zambia,1,0,1,1,0,,0,,,0,0,0,dom,2
29,73871917,Uganda,Morocco,2,0,2,2,0,,0,,,0,0,0,dom,2
29,73871918,Equatorial Guinea,Algeria,0,3,3,0,3,,0,,,0,0,0,ext,2
29,73871919,South Africa,Mali,0,0,0,0,0,,0,,,0,0,0,nul,2
29,73871920,Zimbabwe,Botswana,0,0,0,0,0,,0,,,0,0,0,nul,2
29,73871921,Ivory Coast,Angola,0,1,1,0,1,,0,,,0,0,0,ext,2
29,73871922,Nigeria,Mozambique,0,0,0,0,0,,0,,,0,0,0,nul,2
29,73871923,Cameroon,Tanzania,6,0,6,6,0,,0,,,0,0,0,dom,2
29,73871924,Tunisia,Benin,1,1,2,1,1,,0,,,0,0,0,nul,2
29,73871925,DR Congo,Gabon,3,0,3,3,0,,0,,,0,0,0,dom,2
29,73871926,Sudan,Comoros,0,1,1,0,1,,0,,,0,0,0,ext,2
30,73871927,Comoros,DR Congo,2,2,4,2,2,,0,,,0,0,0,nul,2
30,73871928,Gabon,South Africa,2,0,2,2,0,,0,,,0,0,0,dom,2
30,73871929,Algeria,Burkina Faso,0,2,2,0,2,,0,,,0,0,0,ext,2
30,73871930,Tanzania,Tunisia,0,1,1,0,1,,0,,,0,0,0,ext,2
30,73871931,Morocco,Equatorial Guinea,2,2,4,2,2,,0,,,0,0,0,nul,2
30,73871932,Uganda,Nigeria,1,1,2,1,1,,0,,,0,0,0,nul,2
30,73871933,Benin,Angola,2,1,3,2,1,,0,,,0,0,0,dom,2
30,73871934,Senegal,Sudan,3,1,4,3,1,,0,,,0,0,0,dom,2
30,73871935,Zambia,Zimbabwe,0,0,0,0,0,,0,,,0,0,0,nul,2
30,73871936,Mali,Ivory Coast,0,0,0,0,0,,0,,,0,0,0,nul,2
30,73871937,Mozambique,Egypt,2,2,4,2,2,,0,,,0,0,0,nul,2
30,73871938,Botswana,Cameroon,2,0,2,2,0,,0,,,0,0,0,dom,2
31,73871940,Tunisia,Botswana,3,3,6,3,3,nul,2
31,73871941,Ivory Coast,Benin,1,0,1,1,0,dom,2
31,73871943,Equatorial Guinea,Nigeria,2,0,2,2,0,dom,2
31,73871944,Burkina Faso,Morocco,0,0,0,0,0,nul,2
31,73871945,Egypt,Uganda,3,1,4,3,1,dom,2
31,73871946,Cameroon,Zambia,2,2,4,2,2,nul,2
31,73871947,Zimbabwe,Mozambique,1,2,3,1,2,ext,2
31,73871948,Mali,Gabon,3,1,4,3,1,dom,2
32,73871951,Mozambique,Cameroon,0,1,1,0,1,ext,2
32,73871952,Equatorial Guinea,Egypt,0,0,0,0,0,nul,2
32,73871954,Zambia,Tunisia,1,0,1,1,0,dom,2
32,73871956,Tanzania,Benin,0,1,1,0,1,ext,2
32,73871957,Nigeria,Burkina Faso,4,0,4,4,0,dom,2
32,73871958,Gabon,Ivory Coast,0,0,0,0,0,nul,2
32,73871959,Senegal,South Africa,0,0,0,0,0,nul,2
32,73871961,Algeria,DR Congo,0,3,3,0,3,ext,2
32,73871962,Comoros,Mali,0,1,1,0,1,ext,2
33,73871966,Zimbabwe,Equatorial Guinea,4,2,6,4,2,dom,2
33,73871968,South Africa,Algeria,4,0,4,4,0,dom,2
33,73871972,DR Congo,Morocco,1,0,1,1,0,dom,2
33,73871966,Zimbabwe,Equatorial Guinea,1,0,1,1,0,dom,2
33,73871968,South Africa,Algeria,4,0,4,4,0,dom,2
33,73871972,DR Congo,Morocco,0,0,0,0,0,nul,2
33,73871973,Sudan,Nigeria,0,0,0,0,0,nul,2
33,73871974,Gabon,Comoros,0,0,0,0,0,nul,2
33,73871973,Sudan,Nigeria,0,0,0,0,0,nul,2
33,73871974,Gabon,Comoros,0,2,2,0,2,ext,2
33,73871973,Sudan,Nigeria,0,0,0,0,0,nul,2
33,73871974,Gabon,Comoros,0,2,2,0,2,ext,2
36,73871999,Algeria,Comoros,3,2,5,3,2,dom,2
36,73872000,Mozambique,Tanzania,0,0,0,0,0,nul,2
36,73872001,Morocco,Gabon,1,0,1,1,0,dom,2
36,73872002,Nigeria,Mali,0,0,0,0,0,nul,2
36,73872005,Burkina Faso,Tunisia,2,3,5,2,3,ext,2
36,73872007,Equatorial Guinea,Angola,4,1,5,4,1,dom,2
36,73872008,Zimbabwe,DR Congo,2,1,3,2,1,dom,2
36,73871999,Algeria,Comoros,3,2,5,3,2,dom,2
36,73872000,Mozambique,Tanzania,0,0,0,0,0,nul,2
36,73872001,Morocco,Gabon,1,0,1,1,0,dom,2
36,73872002,Nigeria,Mali,0,0,0,0,0,nul,2
36,73872005,Burkina Faso,Tunisia,2,3,5,2,3,ext,2
36,73872007,Equatorial Guinea,Angola,4,1,5,4,1,dom,2
36,73872008,Zimbabwe,DR Congo,2,1,3,2,1,dom,2
36,73872010,Egypt,South Africa,3,2,5,3,2,dom,2
37,73872012,Ivory Coast,Zambia,1,1,2,1,1,nul,2
37,73872013,Gabon,Nigeria,1,0,1,1,0,dom,2
37,73872014,DR Congo,Cameroon,1,0,1,1,0,dom,2
37,73872016,Tanzania,Uganda,2,1,3,2,1,dom,2
37,73872017,Comoros,Morocco,1,0,1,1,0,dom,2
37,73872019,Tunisia,Sudan,3,1,4,3,1,dom,2
37,73872021,South Africa,Zimbabwe,2,1,3,2,1,dom,2
37,73872022,Senegal,Algeria,0,1,1,0,1,ext,2
40,73872047,DR Congo,Benin,0,0,0,0,0,nul,2
40,73872048,Burkina Faso,Botswana,3,0,3,3,0,dom,2
40,73872049,Egypt,Senegal,1,0,1,1,0,dom,2
40,73872050,Nigeria,Algeria,0,2,2,0,2,ext,2
40,73872052,Cameroon,Gabon,1,1,2,1,1,nul,2
40,73872054,Equatorial Guinea,Zambia,0,0,0,0,0,nul,2
40,73872055,Tunisia,Mali,1,2,3,1,2,ext,2
40,73872056,Zimbabwe,Comoros,1,2,3,1,2,ext,2
40,73872057,Uganda,Mozambique,0,1,1,0,1,ext,2
40,73872058,Morocco,Ivory Coast,3,0,3,3,0,dom,2
40,73872047,DR Congo,Benin,0,0,0,0,0,nul,2
40,73872048,Burkina Faso,Botswana,3,0,3,3,0,dom,2
40,73872049,Egypt,Senegal,1,0,1,1,0,dom,2
40,73872050,Nigeria,Algeria,0,2,2,0,2,ext,2
40,73872052,Cameroon,Gabon,1,1,2,1,1,nul,2
40,73872054,Equatorial Guinea,Zambia,0,0,0,0,0,nul,2
40,73872055,Tunisia,Mali,1,2,3,1,2,ext,2
40,73872056,Zimbabwe,Comoros,1,2,3,1,2,ext,2
40,73872057,Uganda,Mozambique,0,1,1,0,1,ext,2
40,73872058,Morocco,Ivory Coast,3,0,3,3,0,dom,2
40,73872047,DR Congo,Benin,0,0,0,0,0,nul,2
40,73872048,Burkina Faso,Botswana,3,0,3,3,0,dom,2
40,73872049,Egypt,Senegal,1,0,1,1,0,dom,2
40,73872050,Nigeria,Algeria,0,2,2,0,2,ext,2
40,73872052,Cameroon,Gabon,1,1,2,1,1,nul,2
40,73872054,Equatorial Guinea,Zambia,0,0,0,0,0,nul,2
40,73872055,Tunisia,Mali,1,2,3,1,2,ext,2
40,73872056,Zimbabwe,Comoros,1,2,3,1,2,ext,2
40,73872057,Uganda,Mozambique,0,1,1,0,1,ext,2
40,73872058,Morocco,Ivory Coast,3,0,3,3,0,dom,2
41,73872059,Gabon,Tunisia,1,1,2,1,1,nul,2
41,73872060,Comoros,Cameroon,3,0,3,3,0,dom,2
41,73872064,Algeria,Egypt,1,0,1,1,0,dom,2
41,73872065,Benin,South Africa,0,0,0,0,0,nul,2
41,73872066,Senegal,Zimbabwe,1,1,2,1,1,nul,2
41,73872067,Ivory Coast,Uganda,1,0,1,1,0,dom,2
41,73872069,Tanzania,DR Congo,0,0,0,0,0,nul,2
42,73872072,Equatorial Guinea,Uganda,1,3,4,1,3,ext,2
42,73872073,Zimbabwe,Algeria,0,2,2,0,2,ext,2
42,73872075,Egypt,Morocco,2,1,3,2,1,dom,2
42,73872076,DR Congo,Botswana,0,0,0,0,0,nul,2
42,73872077,Nigeria,Ivory Coast,1,1,2,1,1,nul,2
42,73872078,Cameroon,Senegal,0,0,0,0,0,nul,2
42,73872079,Tunisia,Comoros,1,0,1,1,0,dom,2
42,73872080,Angola,Gabon,2,0,2,2,0,dom,2
42,73872081,Sudan,Zambia,0,3,3,0,3,ext,2
42,73872082,Mali,Benin,2,0,2,2,0,dom,2
43,73872083,Mozambique,Sudan,0,0,0,0,0,nul,2
43,73872084,Botswana,South Africa,0,0,0,0,0,nul,2
43,73872085,Comoros,Angola,0,0,0,0,0,nul,2
43,73872086,Morocco,Zimbabwe,2,2,4,2,2,nul,2
43,73872088,Algeria,Cameroon,2,1,3,2,1,dom,2
43,73872089,Nigeria,Egypt,0,0,0,0,0,nul,2
43,73872090,Senegal,Tunisia,1,0,1,1,0,dom,2
43,73872091,Gabon,Benin,2,0,2,2,0,dom,2
43,73872094,Ivory Coast,Equatorial Guinea,0,1,1,0,1,ext,2
44,73872095,Tunisia,Algeria,0,0,0,0,0,nul,2
44,73872098,Burkina Faso,Equatorial Guinea,3,1,4,3,1,dom,2
44,73872099,Cameroon,Morocco,1,1,2,1,1,nul,2
44,73872100,Benin,Comoros,3,0,3,3,0,dom,2
44,73872101,South Africa,Zambia,1,2,3,1,2,ext,2
44,73872102,Egypt,Ivory Coast,4,0,4,4,0,dom,2
44,73872103,Angola,Senegal,0,0,0,0,0,nul,2
45,73872107,Morocco,Tunisia,1,1,2,1,1,nul,2
45,73872108,Uganda,DR Congo,0,0,0,0,0,nul,2
45,73872109,Senegal,Benin,0,0,0,0,0,nul,2
45,73872110,Comoros,Tanzania,0,0,0,0,0,nul,2
45,73872111,Mozambique,South Africa,1,1,2,1,1,nul,2
45,73872113,Equatorial Guinea,Sudan,0,0,0,0,0,nul,2
45,73872114,Nigeria,Cameroon,0,1,1,0,1,ext,2
45,73872115,Egypt,Zimbabwe,4,0,4,4,0,dom,2
45,73872116,Algeria,Angola,0,0,0,0,0,nul,2
45,73872117,Botswana,Gabon,2,0,2,2,0,dom,2
46,73872119,Zimbabwe,Ivory Coast,1,0,1,1,0,dom,2
46,73872120,Tanzania,Senegal,0,0,0,0,0,nul,2
46,73872121,Tunisia,Nigeria,2,1,3,2,1,dom,2
46,73872122,Gabon,Zambia,0,1,1,0,1,ext,2
46,73872125,DR Congo,Equatorial Guinea,0,0,0,0,0,nul,2
46,73872126,Mali,Mozambique,1,2,3,1,2,ext,2
46,73872128,Sudan,Burkina Faso,2,3,5,2,3,ext,2
46,73872130,Comoros,Botswana,0,0,0,0,0,nul,2
1,73879133,Morocco,Botswana,2,0,2,2,0,dom,3
1,73879134,Sudan,Ivory Coast,2,1,3,2,1,dom,3
1,73879135,Mali,Nigeria,0,0,0,0,0,nul,3
1,73879136,Mozambique,Comoros,0,0,0,0,0,nul,3
1,73879137,Cameroon,Equatorial Guinea,1,1,2,1,1,nul,3
1,73879139,Zambia,Senegal,2,0,2,2,0,dom,3
1,73879141,Egypt,Benin,0,3,3,0,3,ext,3
1,73879142,Zimbabwe,South Africa,1,0,1,1,0,dom,3
1,73879143,Tanzania,Uganda,0,0,0,0,0,nul,3
1,73879144,Angola,Tunisia,1,0,1,1,0,dom,3
2,73879145,Benin,Cameroon,2,1,3,2,1,dom,3
2,73879146,Ivory Coast,Burkina Faso,0,0,0,0,0,nul,3
2,73879147,Equatorial Guinea,Sudan,0,0,0,0,0,nul,3
2,73879149,Senegal,Gabon,2,1,3,2,1,dom,3
2,73879150,Comoros,Morocco,3,0,3,3,0,dom,3
2,73879151,DR Congo,Angola,2,1,3,2,1,dom,3
2,73879152,South Africa,Mali,0,0,0,0,0,nul,3
2,73879155,Tunisia,Nigeria,4,0,4,4,0,dom,3
2,73879156,Algeria,Tanzania,4,0,4,4,0,dom,3
3,73879158,Mali,Tunisia,1,0,1,1,0,dom,3
3,73879159,Angola,Ivory Coast,0,0,0,0,0,nul,3
3,73879160,Morocco,Uganda,2,0,2,2,0,dom,3
3,73879161,Gabon,Egypt,0,4,4,0,4,ext,3
3,73879162,Sudan,Benin,1,1,2,1,1,nul,3
3,73879164,Nigeria,DR Congo,0,2,2,0,2,ext,3
3,73879165,Tanzania,Senegal,0,0,0,0,0,nul,3
3,73879166,Zimbabwe,Comoros,2,1,3,2,1,dom,3
3,73879167,Burkina Faso,Equatorial Guinea,6,0,6,6,0,dom,3
3,73879168,South Africa,Botswana,2,0,2,2,0,dom,3
4,73879169,Botswana,Mali,1,1,2,1,1,nul,3
4,73879170,Zambia,Sudan,1,0,1,1,0,dom,3
4,73879173,Ivory Coast,Nigeria,2,0,2,2,0,dom,3
4,73879174,Senegal,Mozambique,1,0,1,1,0,dom,3
4,73879176,Comoros,South Africa,3,0,3,3,0,dom,3
4,73879179,Uganda,Zimbabwe,0,0,0,0,0,nul,3
5,73879182,Mali,DR Congo,0,1,1,0,1,ext,3
5,73879184,Burkina Faso,Zambia,0,0,0,0,0,nul,3
5,73879185,Mozambique,Egypt,0,3,3,0,3,ext,3
5,73879186,Angola,Benin,2,0,2,2,0,dom,3
5,73879187,Botswana,Comoros,0,1,1,0,1,ext,3
5,73879188,Morocco,Senegal,2,1,3,2,1,dom,3
5,73879189,Nigeria,Equatorial Guinea,4,1,5,4,1,dom,3
5,73879192,South Africa,Uganda,2,1,3,2,1,dom,3
6,73879193,Algeria,South Africa,0,0,0,0,0,nul,3
6,73879194,Comoros,Mali,0,0,0,0,0,nul,3
6,73879195,Uganda,Botswana,0,0,0,0,0,nul,3
6,73879196,Cameroon,Mozambique,2,0,2,2,0,dom,3
6,73879197,Benin,Nigeria,0,0,0,0,0,nul,3
6,73879198,Ivory Coast,DR Congo,0,1,1,0,1,ext,3
6,73879200,Equatorial Guinea,Tunisia,0,1,1,0,1,ext,3
6,73879201,Zambia,Angola,0,0,0,0,0,nul,3
6,73879202,Tanzania,Sudan,0,1,1,0,1,ext,3
6,73879203,Senegal,Zimbabwe,0,0,0,0,0,nul,3
6,73879204,Gabon,Burkina Faso,0,0,0,0,0,nul,3
7,73879206,Mali,Ivory Coast,1,0,1,1,0,dom,3
7,73879207,Zimbabwe,Egypt,0,2,2,0,2,ext,3
7,73879208,Tunisia,Benin,1,0,1,1,0,dom,3
7,73879209,South Africa,Senegal,0,0,0,0,0,nul,3
7,73879210,Comoros,Uganda,0,1,1,0,1,ext,3
7,73879211,Mozambique,Sudan,1,0,1,1,0,dom,3
7,73879212,Botswana,Algeria,0,2,2,0,2,ext,3
7,73879214,Angola,Gabon,1,2,3,1,2,ext,3
8,73879217,Senegal,Botswana,1,0,1,1,0,dom,3
8,73879218,Mozambique,Burkina Faso,0,0,0,0,0,nul,3
8,73879220,Gabon,Nigeria,0,3,3,0,3,ext,3
8,73879222,Egypt,South Africa,2,1,3,2,1,dom,3
8,73879223,Benin,DR Congo,0,1,1,0,1,ext,3
8,73879225,Zambia,Tunisia,1,1,2,1,1,nul,3
8,73879226,Uganda,Mali,0,1,1,0,1,ext,3
8,73879227,Equatorial Guinea,Ivory Coast,0,1,1,0,1,ext,3
8,73879228,Algeria,Comoros,2,2,4,2,2,nul,3
9,73879231,Morocco,Burkina Faso,5,0,5,5,0,dom,3
9,73879233,Zimbabwe,Sudan,2,0,2,2,0,dom,3
9,73879235,Nigeria,Tanzania,0,0,0,0,0,nul,3
9,73879237,DR Congo,Zambia,1,2,3,1,2,ext,3
9,73879238,South Africa,Cameroon,2,0,2,2,0,dom,3
9,73879239,Tunisia,Gabon,1,0,1,1,0,dom,3
9,73879240,Uganda,Algeria,2,0,2,2,0,dom,3
10,73879241,Senegal,Uganda,2,0,2,2,0,dom,3
10,73879245,Sudan,South Africa,2,1,3,2,1,dom,3
10,73879246,Egypt,Comoros,1,0,1,1,0,dom,3
10,73879247,Algeria,Mali,0,1,1,0,1,ext,3
10,73879248,Benin,Equatorial Guinea,2,0,2,2,0,dom,3
10,73879250,Tanzania,Tunisia,0,1,1,0,1,ext,3
10,73879251,Morocco,Angola,1,0,1,1,0,dom,3
10,73879252,Burkina Faso,Zimbabwe,0,0,0,0,0,nul,3
11,73879253,Algeria,Senegal,0,1,1,0,1,ext,3
11,73879254,Uganda,Egypt,0,0,0,0,0,nul,3
11,73879255,Botswana,Sudan,0,0,0,0,0,nul,3
11,73879257,Mali,Benin,2,0,2,2,0,dom,3
11,73879258,Zimbabwe,Angola,0,0,0,0,0,nul,3
11,73879260,Equatorial Guinea,Zambia,0,2,2,0,2,ext,3
11,73879261,Comoros,Cameroon,0,0,0,0,0,nul,3
11,73879264,Nigeria,Morocco,2,0,2,2,0,dom,3
12,73879265,Gabon,Equatorial Guinea,1,1,2,1,1,nul,3
12,73879267,Tanzania,Ivory Coast,1,1,2,1,1,nul,3
12,73879268,Egypt,Algeria,1,3,4,1,3,ext,3
12,73879270,Mozambique,DR Congo,0,1,1,0,1,ext,3
12,73879272,Angola,South Africa,0,1,1,0,1,ext,3
12,73879273,Burkina Faso,Botswana,0,2,2,0,2,ext,3
12,73879274,Senegal,Mali,0,1,1,0,1,ext,3
13,73879278,DR Congo,Morocco,0,0,0,0,0,nul,3
13,73879279,Uganda,Sudan,5,0,5,5,0,dom,3
13,73879280,Comoros,Burkina Faso,2,1,3,2,1,dom,3
13,73879281,Senegal,Egypt,0,0,0,0,0,nul,3
13,73879282,South Africa,Nigeria,0,0,0,0,0,nul,3
13,73879283,Equatorial Guinea,Tanzania,0,0,0,0,0,nul,3
13,73879284,Tunisia,Zimbabwe,1,1,2,1,1,nul,3
13,73879285,Benin,Gabon,1,3,4,1,3,ext,3
13,73879287,Mali,Zambia,1,0,1,1,0,dom,3
14,73879289,Cameroon,Senegal,2,1,3,2,1,dom,3
14,73879290,Tanzania,Benin,1,0,1,1,0,dom,3
14,73879291,Gabon,Zambia,0,2,2,0,2,ext,3
14,73879292,Sudan,Algeria,1,4,5,1,4,ext,3
14,73879294,Zimbabwe,DR Congo,3,1,4,3,1,dom,3
14,73879295,Nigeria,Botswana,1,0,1,1,0,dom,3
14,73879296,Mozambique,Equatorial Guinea,2,1,3,2,1,dom,3
14,73879298,Burkina Faso,Uganda,1,2,3,1,2,ext,3
15,73879301,DR Congo,South Africa,2,1,3,2,1,dom,3
15,73879302,Mali,Gabon,2,0,2,2,0,dom,3
15,73879303,Equatorial Guinea,Morocco,0,0,0,0,0,nul,3
15,73879307,Zambia,Tanzania,3,0,3,3,0,dom,3
15,73879309,Uganda,Angola,2,0,2,2,0,dom,3
15,73879311,Ivory Coast,Zimbabwe,0,0,0,0,0,nul,3
16,73879313,Sudan,Egypt,1,2,3,1,2,ext,3
16,73879314,Botswana,DR Congo,0,2,2,0,2,ext,3
16,73879315,South Africa,Ivory Coast,3,0,3,3,0,dom,3
16,73879316,Angola,Algeria,1,0,1,1,0,dom,3
16,73879318,Nigeria,Uganda,2,0,2,2,0,dom,3
16,73879319,Tanzania,Gabon,0,1,1,0,1,ext,3
16,73879320,Burkina Faso,Senegal,1,1,2,1,1,nul,3
16,73879322,Tunisia,Comoros,1,2,3,1,2,ext,3
16,73879323,Mozambique,Zambia,0,1,1,0,1,ext,3
17,73879325,Equatorial Guinea,South Africa,1,1,2,1,1,nul,3
17,73879330,Mali,Tanzania,2,1,3,2,1,dom,3
17,73879332,Uganda,Tunisia,0,0,0,0,0,nul,3
17,73879333,Cameroon,Sudan,1,0,1,1,0,dom,3
17,73879334,Zambia,Morocco,1,2,3,1,2,ext,3
17,73879335,Senegal,Angola,0,0,0,0,0,nul,3
18,73879338,DR Congo,Uganda,0,0,0,0,0,nul,3
18,73879339,Zimbabwe,Zambia,0,0,0,0,0,nul,3
18,73879340,Angola,Egypt,1,0,1,1,0,dom,3
18,73879341,Burkina Faso,Cameroon,1,2,3,1,2,ext,3
18,73879342,Sudan,Mali,0,0,0,0,0,nul,3
18,73879343,Botswana,Equatorial Guinea,1,2,3,1,2,ext,3
18,73879344,Tunisia,Algeria,1,0,1,1,0,dom,3
18,73879345,Nigeria,Senegal,0,3,3,0,3,ext,3
18,73879348,Morocco,Gabon,0,0,0,0,0,nul,3
19,73879350,Benin,Botswana,0,0,0,0,0,nul,3
19,73879352,Tanzania,Morocco,0,2,2,0,2,ext,3
19,73879354,Senegal,Tunisia,0,0,0,0,0,nul,3
19,73879358,Mali,Mozambique,1,2,3,1,2,ext,3
19,73879359,Sudan,Burkina Faso,0,1,1,0,1,ext,3
20,73879361,South Africa,Gabon,1,1,2,1,1,nul,3
20,73879362,Ivory Coast,Algeria,1,1,2,1,1,nul,3
20,73879363,Botswana,Zambia,0,2,2,0,2,ext,3
20,73879364,Comoros,Benin,2,0,2,2,0,dom,3
20,73879365,Uganda,Equatorial Guinea,6,0,6,6,0,dom,3
20,73879366,Zimbabwe,Tanzania,0,0,0,0,0,nul,3
20,73879368,Burkina Faso,Mali,0,0,0,0,0,nul,3
20,73879369,Angola,Sudan,3,0,3,3,0,dom,3
20,73879370,Nigeria,Cameroon,0,0,0,0,0,nul,3
20,73879371,Morocco,Mozambique,4,0,4,4,0,dom,3
20,73879372,DR Congo,Senegal,0,0,0,0,0,nul,3
21,73879373,Burkina Faso,Angola,0,0,0,0,0,nul,3
21,73879374,Senegal,Ivory Coast,1,0,1,1,0,dom,3
21,73879375,Mozambique,Zimbabwe,5,0,5,5,0,dom,3
21,73879376,Algeria,Equatorial Guinea,0,0,0,0,0,nul,3
21,73879377,Benin,Uganda,1,1,2,1,1,nul,3
21,73879378,Sudan,Nigeria,1,1,2,1,1,nul,3
21,73879380,Gabon,Botswana,0,0,0,0,0,nul,3
21,73879383,Zambia,Comoros,0,2,2,0,2,ext,3
22,73879385,Comoros,Gabon,2,0,2,2,0,dom,3
22,73879387,Algeria,Benin,0,0,0,0,0,nul,3
22,73879388,Botswana,Tanzania,1,0,1,1,0,dom,3
22,73879389,Equatorial Guinea,Senegal,0,0,0,0,0,nul,3
22,73879392,Zimbabwe,Morocco,0,0,0,0,0,nul,3
22,73879396,Tunisia,Sudan,3,1,4,3,1,dom,3
23,73879397,Mali,Zimbabwe,1,0,1,1,0,dom,3
23,73879398,Zambia,Algeria,0,1,1,0,1,ext,3
23,73879400,Angola,Nigeria,1,0,1,1,0,dom,3
23,73879402,Sudan,DR Congo,0,0,0,0,0,nul,3
23,73879404,Mozambique,Botswana,1,0,1,1,0,dom,3
23,73879406,Tanzania,Comoros,1,3,4,1,3,ext,3
23,73879408,Egypt,Equatorial Guinea,1,2,3,1,2,ext,3
24,73879410,Ivory Coast,Sudan,2,0,2,2,0,dom,3
24,73879411,Nigeria,Mali,1,0,1,1,0,dom,3
24,73879412,Comoros,Mozambique,0,0,0,0,0,nul,3
24,73879413,Equatorial Guinea,Cameroon,1,0,1,1,0,dom,3
24,73879415,Senegal,Zambia,0,0,0,0,0,nul,3
24,73879417,Benin,Egypt,0,0,0,0,0,nul,3
24,73879418,South Africa,Zimbabwe,0,0,0,0,0,nul,3
24,73879419,Uganda,Tanzania,4,1,5,4,1,dom,3
24,73879420,Tunisia,Angola,0,1,1,0,1,ext,3
25,73879421,Cameroon,Benin,2,0,2,2,0,dom,3
25,73879422,Burkina Faso,Ivory Coast,2,0,2,2,0,dom,3
25,73879423,Sudan,Equatorial Guinea,4,0,4,4,0,dom,3
25,73879426,Morocco,Comoros,4,0,4,4,0,dom,3
25,73879427,Angola,DR Congo,0,1,1,0,1,ext,3
25,73879430,Egypt,Zambia,1,0,1,1,0,dom,3
25,73879431,Nigeria,Tunisia,1,0,1,1,0,dom,3
25,73879432,Tanzania,Algeria,0,0,0,0,0,nul,3
26,73879434,Tunisia,Mali,1,0,1,1,0,dom,3
26,73879435,Ivory Coast,Angola,1,1,2,1,1,nul,3
26,73879436,Uganda,Morocco,1,1,2,1,1,nul,3
26,73879437,Egypt,Gabon,1,0,1,1,0,dom,3
26,73879438,Benin,Sudan,3,1,4,3,1,dom,3
26,73879440,DR Congo,Nigeria,0,2,2,0,2,ext,3
26,73879441,Senegal,Tanzania,0,0,0,0,0,nul,3
26,73879442,Comoros,Zimbabwe,0,1,1,0,1,ext,3
26,73879444,Botswana,South Africa,0,4,4,0,4,ext,3
27,73879446,Sudan,Zambia,0,1,1,0,1,ext,3
27,73879449,Nigeria,Ivory Coast,0,0,0,0,0,nul,3
27,73879450,Mozambique,Senegal,0,0,0,0,0,nul,3
27,73879452,South Africa,Comoros,1,0,1,1,0,dom,3
27,73879455,Zimbabwe,Uganda,3,2,5,3,2,dom,3
28,73879458,DR Congo,Mali,0,0,0,0,0,nul,3
28,73879461,Egypt,Mozambique,2,0,2,2,0,dom,3
28,73879462,Benin,Angola,1,1,2,1,1,nul,3
28,73879463,Comoros,Botswana,0,0,0,0,0,nul,3
28,73879464,Senegal,Morocco,1,2,3,1,2,ext,3
28,73879465,Equatorial Guinea,Nigeria,0,1,1,0,1,ext,3
28,73879467,Cameroon,Tanzania,0,0,0,0,0,nul,3
28,73879468,Uganda,South Africa,4,0,4,4,0,dom,3
29,73879469,South Africa,Algeria,1,1,2,1,1,nul,3
29,73879470,Mali,Comoros,0,1,1,0,1,ext,3
29,73879471,Botswana,Uganda,1,3,4,1,3,ext,3
29,73879472,Mozambique,Cameroon,0,0,0,0,0,nul,3
29,73879473,Nigeria,Benin,1,0,1,1,0,dom,3
29,73879474,DR Congo,Ivory Coast,1,0,1,1,0,dom,3
29,73879476,Tunisia,Equatorial Guinea,4,0,4,4,0,dom,3
29,73879477,Angola,Zambia,1,0,1,1,0,dom,3
29,73879478,Sudan,Tanzania,0,0,0,0,0,nul,3
29,73879479,Zimbabwe,Senegal,1,1,2,1,1,nul,3
29,73879480,Burkina Faso,Gabon,3,1,4,3,1,dom,3
30,73879482,Ivory Coast,Mali,1,0,1,1,0,dom,3
30,73879483,Egypt,Zimbabwe,2,0,2,2,0,dom,3
30,73879484,Benin,Tunisia,1,0,1,1,0,dom,3
30,73879485,Senegal,South Africa,2,1,3,2,1,dom,3
30,73879486,Uganda,Comoros,0,1,1,0,1,ext,3
30,73879487,Sudan,Mozambique,0,1,1,0,1,ext,3
30,73879488,Algeria,Botswana,1,1,2,1,1,nul,3
30,73879490,Gabon,Angola,1,2,3,1,2,ext,3
31,73879493,Botswana,Senegal,0,0,0,0,0,nul,3
31,73879494,Burkina Faso,Mozambique,2,2,4,2,2,nul,3
31,73879496,Nigeria,Gabon,1,1,2,1,1,nul,3
31,73879497,Zimbabwe,Cameroon,1,0,1,1,0,dom,3
31,73879499,DR Congo,Benin,0,1,1,0,1,ext,3
31,73879502,Mali,Uganda,3,1,4,3,1,dom,3
31,73879503,Ivory Coast,Equatorial Guinea,4,0,4,4,0,dom,3
31,73879504,Comoros,Algeria,0,0,0,0,0,nul,3
32,73879505,Egypt,Botswana,1,1,2,1,1,nul,3
32,73879507,Burkina Faso,Morocco,0,3,3,0,3,ext,3
32,73879508,Senegal,Comoros,1,0,1,1,0,dom,3
32,73879509,Sudan,Zimbabwe,1,0,1,1,0,dom,3
32,73879510,Mozambique,Angola,0,0,0,0,0,nul,3
32,73879511,Tanzania,Nigeria,0,3,3,0,3,ext,3
32,73879513,Zambia,DR Congo,1,1,2,1,1,nul,3
32,73879514,Cameroon,South Africa,1,2,3,1,2,ext,3
32,73879515,Gabon,Tunisia,0,4,4,0,4,ext,3
32,73879516,Algeria,Uganda,5,0,5,5,0,dom,3
33,73879517,Uganda,Senegal,0,0,0,0,0,nul,3
33,73879518,DR Congo,Gabon,0,2,2,0,2,ext,3
33,73879521,South Africa,Sudan,1,0,1,1,0,dom,3
33,73879522,Comoros,Egypt,4,0,4,4,0,dom,3
33,73879523,Mali,Algeria,0,0,0,0,0,nul,3
33,73879524,Equatorial Guinea,Benin,0,0,0,0,0,nul,3
33,73879526,Tunisia,Tanzania,0,0,0,0,0,nul,3
33,73879527,Angola,Morocco,0,0,0,0,0,nul,3
33,73879528,Zimbabwe,Burkina Faso,0,0,0,0,0,nul,3
34,73879529,Senegal,Algeria,1,0,1,1,0,dom,3
34,73879530,Egypt,Uganda,1,1,2,1,1,nul,3
34,73879531,Sudan,Botswana,0,2,2,0,2,ext,3
34,73879532,Burkina Faso,South Africa,0,2,2,0,2,ext,3
34,73879534,Angola,Zimbabwe,0,1,1,0,1,ext,3
34,73879536,Zambia,Equatorial Guinea,0,0,0,0,0,nul,3
34,73879537,Cameroon,Comoros,0,0,0,0,0,nul,3
34,73879538,Mozambique,Tunisia,1,1,2,1,1,nul,3
34,73879539,Tanzania,DR Congo,0,1,1,0,1,ext,3
34,73879540,Morocco,Nigeria,0,1,1,0,1,ext,3
35,73879541,Equatorial Guinea,Gabon,0,1,1,0,1,ext,3
35,73879543,Ivory Coast,Tanzania,1,0,1,1,0,dom,3
35,73879544,Algeria,Egypt,1,2,3,1,2,ext,3
35,73879546,DR Congo,Mozambique,1,1,2,1,1,nul,3
35,73879548,South Africa,Angola,2,1,3,2,1,dom,3
35,73879549,Botswana,Burkina Faso,0,1,1,0,1,ext,3
35,73879550,Mali,Senegal,0,0,0,0,0,nul,3
36,73879554,Morocco,DR Congo,2,2,4,2,2,nul,3
36,73879555,Sudan,Uganda,0,0,0,0,0,nul,3
36,73879558,Nigeria,South Africa,0,4,4,0,4,ext,3
36,73879559,Tanzania,Equatorial Guinea,1,0,1,1,0,dom,3
36,73879560,Zimbabwe,Tunisia,2,1,3,2,1,dom,3
36,73879561,Gabon,Benin,0,0,0,0,0,nul,3
36,73879563,Zambia,Mali,1,1,2,1,1,nul,3
37,73879565,Senegal,Cameroon,1,0,1,1,0,dom,3
37,73879566,Benin,Tanzania,1,1,2,1,1,nul,3
37,73879567,Zambia,Gabon,1,0,1,1,0,dom,3
37,73879568,Algeria,Sudan,1,0,1,1,0,dom,3
37,73879570,DR Congo,Zimbabwe,2,1,3,2,1,dom,3
37,73879571,Botswana,Nigeria,1,0,1,1,0,dom,3
37,73879572,Equatorial Guinea,Mozambique,1,1,2,1,1,nul,3
37,73879574,Uganda,Burkina Faso,3,0,3,3,0,dom,3
38,73879577,South Africa,DR Congo,0,1,1,0,1,ext,3
38,73879579,Morocco,Equatorial Guinea,3,1,4,3,1,dom,3
38,73879583,Tanzania,Zambia,0,1,1,0,1,ext,3
38,73879585,Angola,Uganda,0,2,2,0,2,ext,3
38,73879587,Zimbabwe,Ivory Coast,2,1,3,2,1,dom,3
39,73879589,Egypt,Sudan,1,0,1,1,0,dom,3
39,73879590,DR Congo,Botswana,0,0,0,0,0,nul,3
39,73879591,Ivory Coast,South Africa,1,1,2,1,1,nul,3
39,73879592,Algeria,Angola,2,0,2,2,0,dom,3
39,73879593,Mali,Cameroon,2,0,2,2,0,dom,3
39,73879594,Uganda,Nigeria,0,0,0,0,0,nul,3
39,73879595,Gabon,Tanzania,0,1,1,0,1,ext,3
39,73879596,Senegal,Burkina Faso,4,0,4,4,0,dom,3
39,73879598,Comoros,Tunisia,1,0,1,1,0,dom,3
39,73879599,Zambia,Mozambique,0,1,1,0,1,ext,3
40,73879601,South Africa,Equatorial Guinea,4,0,4,4,0,dom,3
40,73879606,Tanzania,Mali,0,0,0,0,0,nul,3
40,73879608,Tunisia,Uganda,1,0,1,1,0,dom,3
40,73879609,Sudan,Cameroon,0,1,1,0,1,ext,3
40,73879610,Morocco,Zambia,0,1,1,0,1,ext,3
40,73879611,Angola,Senegal,0,0,0,0,0,nul,3
41,73879614,Uganda,DR Congo,1,0,1,1,0,dom,3
41,73879615,Zambia,Zimbabwe,2,0,2,2,0,dom,3
41,73879617,Cameroon,Burkina Faso,2,0,2,2,0,dom,3
41,73879619,Equatorial Guinea,Botswana,2,1,3,2,1,dom,3
41,73879620,Algeria,Tunisia,2,0,2,2,0,dom,3
41,73879621,Senegal,Nigeria,0,0,0,0,0,nul,3
41,73879624,Gabon,Morocco,0,3,3,0,3,ext,3
42,73879626,Botswana,Benin,0,0,0,0,0,nul,3
42,73879628,Morocco,Tanzania,3,0,3,3,0,dom,3
42,73879630,Tunisia,Senegal,0,0,0,0,0,nul,3
42,73879634,Mozambique,Mali,0,1,1,0,1,ext,3
42,73879635,Burkina Faso,Sudan,3,0,3,3,0,dom,3
43,73879637,Gabon,South Africa,0,0,0,0,0,nul,3
43,73879638,Algeria,Ivory Coast,3,1,4,3,1,dom,3
43,73879640,Benin,Comoros,0,0,0,0,0,nul,3
43,73879641,Equatorial Guinea,Uganda,0,0,0,0,0,nul,3
43,73879642,Tanzania,Zimbabwe,0,0,0,0,0,nul,3
43,73879644,Mali,Burkina Faso,2,0,2,2,0,dom,3
43,73879645,Sudan,Angola,1,1,2,1,1,nul,3
43,73879646,Cameroon,Nigeria,0,0,0,0,0,nul,3
43,73879647,Mozambique,Morocco,0,4,4,0,4,ext,3
43,73879648,Senegal,DR Congo,1,1,2,1,1,nul,3
44,73879649,Angola,Burkina Faso,0,0,0,0,0,nul,3
44,73879650,Ivory Coast,Senegal,2,0,2,2,0,dom,3
44,73879651,Zimbabwe,Mozambique,0,0,0,0,0,nul,3
44,73879652,Equatorial Guinea,Algeria,1,1,2,1,1,nul,3
44,73879653,Uganda,Benin,1,0,1,1,0,dom,3
44,73879654,Nigeria,Sudan,2,0,2,2,0,dom,3
44,73879656,Botswana,Gabon,0,1,1,0,1,ext,3
44,73879659,Comoros,Zambia,2,1,3,2,1,dom,3
45,73879661,Gabon,Comoros,1,2,3,1,2,ext,3
45,73879663,Benin,Algeria,2,0,2,2,0,dom,3
45,73879664,Tanzania,Botswana,0,1,1,0,1,ext,3
45,73879665,Senegal,Equatorial Guinea,3,0,3,3,0,dom,3
45,73879668,Morocco,Zimbabwe,3,0,3,3,0,dom,3
45,73879671,Mali,Angola,1,0,1,1,0,dom,3
45,73879672,Sudan,Tunisia,0,2,2,0,2,ext,3
46,73879673,Zimbabwe,Mali,0,0,0,0,0,nul,3
46,73879674,Algeria,Zambia,0,0,0,0,0,nul,3
46,73879676,Nigeria,Angola,0,0,0,0,0,nul,3
46,73879678,DR Congo,Sudan,1,0,1,1,0,dom,3
46,73879680,Botswana,Mozambique,1,2,3,1,2,ext,3
46,73879682,Comoros,Tanzania,0,0,0,0,0,nul,3
46,73879683,South Africa,Morocco,2,2,4,2,2,nul,3
46,73879684,Equatorial Guinea,Egypt,0,0,0,0,0,nul,3
1,73883995,Algeria,Senegal,0,0,0,0,0,nul,4
1,73883996,Burkina Faso,Equatorial Guinea,0,0,0,0,0,nul,4
1,73883999,South Africa,Angola,2,0,2,2,0,dom,4
1,73884000,DR Congo,Zimbabwe,2,0,2,2,0,dom,4
1,73884001,Sudan,Zambia,0,3,3,0,3,ext,4
1,73884003,Botswana,Uganda,0,0,0,0,0,nul,4
2,73884005,Morocco,Sudan,2,1,3,2,1,dom,4
2,73884006,Gabon,Burkina Faso,0,0,0,0,0,nul,4
2,73884007,Mali,Botswana,0,0,0,0,0,nul,4
2,73884008,Comoros,Egypt,2,0,2,2,0,dom,4
2,73884010,Zimbabwe,Cameroon,3,0,3,3,0,dom,4
2,73884011,Tunisia,DR Congo,2,1,3,2,1,dom,4
2,73884012,Equatorial Guinea,South Africa,0,0,0,0,0,nul,4
2,73884014,Uganda,Algeria,2,1,3,2,1,dom,4
2,73884015,Tanzania,Senegal,4,0,4,4,0,dom,4
3,73884018,DR Congo,Comoros,0,0,0,0,0,nul,4
3,73884019,Burkina Faso,Sudan,6,0,6,6,0,dom,4
3,73884021,Benin,Angola,0,1,1,0,1,ext,4
3,73884022,Ivory Coast,Equatorial Guinea,4,0,4,4,0,dom,4
3,73884023,Botswana,Mozambique,0,2,2,0,2,ext,4
3,73884024,Nigeria,Morocco,0,0,0,0,0,nul,4
3,73884025,Senegal,Zimbabwe,1,0,1,1,0,dom,4
3,73884026,Egypt,Zambia,0,2,2,0,2,ext,4
3,73884028,South Africa,Gabon,3,0,3,3,0,dom,4
4,73884029,Tunisia,Senegal,0,2,2,0,2,ext,4
4,73884030,Burkina Faso,Nigeria,0,1,1,0,1,ext,4
4,73884032,Mali,Algeria,2,0,2,2,0,dom,4
4,73884033,Equatorial Guinea,Benin,1,0,1,1,0,dom,4
4,73884034,Mozambique,Uganda,1,2,3,1,2,ext,4
4,73884036,Sudan,South Africa,0,4,4,0,4,ext,4
4,73884037,Angola,Botswana,0,1,1,0,1,ext,4
4,73884038,Morocco,Egypt,0,1,1,0,1,ext,4
4,73884039,Zambia,DR Congo,0,0,0,0,0,nul,4
4,73884040,Gabon,Ivory Coast,2,1,3,2,1,dom,4
5,73884042,Benin,Gabon,0,0,0,0,0,nul,4
5,73884046,Egypt,Burkina Faso,4,0,4,4,0,dom,4
5,73884048,Ivory Coast,Sudan,4,0,4,4,0,dom,4
5,73884049,Mali,Mozambique,1,0,1,1,0,dom,4
5,73884051,DR Congo,Morocco,0,3,3,0,3,ext,4
6,73884053,Mozambique,Algeria,0,1,1,0,1,ext,4
6,73884054,Angola,Mali,0,1,1,0,1,ext,4
6,73884058,Gabon,Botswana,1,0,1,1,0,dom,4
6,73884059,Morocco,Cameroon,1,1,2,1,1,nul,4
6,73884060,Comoros,Tanzania,2,1,3,2,1,dom,4
6,73884061,Sudan,Benin,1,1,2,1,1,nul,4
6,73884063,Zambia,Senegal,1,0,1,1,0,dom,4
6,73884064,Nigeria,Ivory Coast,1,0,1,1,0,dom,4
7,73884065,Uganda,Gabon,0,1,1,0,1,ext,4
7,73884066,Algeria,Tunisia,2,0,2,2,0,dom,4
7,73884067,Tanzania,Zambia,0,0,0,0,0,nul,4
7,73884069,Senegal,Morocco,1,0,1,1,0,dom,4
7,73884071,Mali,Equatorial Guinea,3,1,4,3,1,dom,4
7,73884074,Botswana,Sudan,0,1,1,0,1,ext,4
7,73884076,Zimbabwe,Comoros,1,1,2,1,1,nul,4
8,73884077,Comoros,Tunisia,0,0,0,0,0,nul,4
8,73884078,South Africa,Cameroon,0,3,3,0,3,ext,4
8,73884080,Burkina Faso,Senegal,0,2,2,0,2,ext,4
8,73884081,Zambia,Zimbabwe,0,0,0,0,0,nul,4
8,73884082,Morocco,Tanzania,0,0,0,0,0,nul,4
8,73884084,Nigeria,Botswana,0,0,0,0,0,nul,4
8,73884086,Sudan,Uganda,0,0,0,0,0,nul,4
8,73884087,Ivory Coast,DR Congo,0,0,0,0,0,nul,4
9,73884089,Mozambique,Gabon,1,2,3,1,2,ext,4
9,73884090,Angola,Equatorial Guinea,4,0,4,4,0,dom,4
9,73884091,Cameroon,Ivory Coast,0,0,0,0,0,nul,4
9,73884094,Mali,Sudan,2,0,2,2,0,dom,4
9,73884097,Zimbabwe,Morocco,0,2,2,0,2,ext,4
9,73884098,Algeria,Comoros,0,0,0,0,0,nul,4
9,73884099,Uganda,Nigeria,1,0,1,1,0,dom,4
10,73884102,Equatorial Guinea,Algeria,0,2,2,0,2,ext,4
10,73884103,Benin,Cameroon,4,0,4,4,0,dom,4
10,73884104,Sudan,Mozambique,2,1,3,2,1,dom,4
10,73884106,Nigeria,Mali,1,0,1,1,0,dom,4
10,73884107,Morocco,Tunisia,0,0,0,0,0,nul,4
10,73884109,Zambia,Comoros,1,0,1,1,0,dom,4
10,73884110,Ivory Coast,Senegal,2,0,2,2,0,dom,4
10,73884112,South Africa,Tanzania,1,1,2,1,1,nul,4
11,73884115,Mali,Egypt,1,0,1,1,0,dom,4
11,73884116,Equatorial Guinea,Gabon,2,1,3,2,1,dom,4
11,73884118,Senegal,Benin,4,0,4,4,0,dom,4
11,73884119,Mozambique,Nigeria,0,0,0,0,0,nul,4
11,73884121,Angola,Sudan,1,0,1,1,0,dom,4
11,73884122,Botswana,Cameroon,0,0,0,0,0,nul,4
11,73884124,Zimbabwe,South Africa,0,0,0,0,0,nul,4
12,73884125,Burkina Faso,Comoros,3,0,3,3,0,dom,4
12,73884127,South Africa,Tunisia,0,0,0,0,0,nul,4
12,73884128,Botswana,Senegal,1,0,1,1,0,dom,4
12,73884130,Gabon,Algeria,0,1,1,0,1,ext,4
12,73884131,Benin,Tanzania,1,0,1,1,0,dom,4
12,73884132,DR Congo,Mali,0,0,0,0,0,nul,4
12,73884133,Egypt,Mozambique,1,0,1,1,0,dom,4
12,73884135,Sudan,Equatorial Guinea,2,1,3,2,1,dom,4
12,73884136,Nigeria,Angola,1,1,2,1,1,nul,4
13,73884139,Mozambique,DR Congo,0,1,1,0,1,ext,4
13,73884140,Tanzania,Botswana,0,0,0,0,0,nul,4
13,73884144,Comoros,South Africa,0,1,1,0,1,ext,4
13,73884146,Zimbabwe,Benin,0,0,0,0,0,nul,4
14,73884151,Cameroon,Mozambique,1,3,4,1,3,ext,4
14,73884152,Egypt,Equatorial Guinea,4,0,4,4,0,dom,4
14,73884153,Ivory Coast,Comoros,2,0,2,2,0,dom,4
14,73884154,Botswana,Zimbabwe,0,0,0,0,0,nul,4
14,73884155,DR Congo,Angola,0,0,0,0,0,nul,4
14,73884156,South Africa,Zambia,3,0,3,3,0,dom,4
14,73884160,Benin,Tunisia,0,1,1,0,1,ext,4
15,73884161,Mozambique,Senegal,0,1,1,0,1,ext,4
15,73884162,Mali,Tanzania,0,0,0,0,0,nul,4
15,73884165,Equatorial Guinea,DR Congo,0,1,1,0,1,ext,4
15,73884167,Morocco,South Africa,3,1,4,3,1,dom,4
15,73884169,Comoros,Benin,0,0,0,0,0,nul,4
15,73884170,Sudan,Nigeria,0,0,0,0,0,nul,4
15,73884171,Tunisia,Botswana,2,0,2,2,0,dom,4
15,73884172,Zimbabwe,Uganda,1,2,3,1,2,ext,4
16,73884173,Mali,Zimbabwe,2,0,2,2,0,dom,4
16,73884175,DR Congo,Gabon,1,1,2,1,1,nul,4
16,73884179,Egypt,Sudan,1,1,2,1,1,nul,4
16,73884180,Cameroon,Equatorial Guinea,1,0,1,1,0,dom,4
16,73884182,Nigeria,Algeria,1,0,1,1,0,dom,4
16,73884183,Botswana,Comoros,0,3,3,0,3,ext,4
17,73884185,Sudan,DR Congo,1,5,6,1,5,ext,4
17,73884186,Comoros,Uganda,1,0,1,1,0,dom,4
17,73884188,Tunisia,Mali,1,0,1,1,0,dom,4
17,73884189,Burkina Faso,Ivory Coast,2,0,2,2,0,dom,4
17,73884190,Angola,Tanzania,0,2,2,0,2,ext,4
17,73884192,Morocco,Benin,4,0,4,4,0,dom,4
17,73884193,Algeria,South Africa,4,0,4,4,0,dom,4
17,73884196,Zambia,Botswana,1,0,1,1,0,dom,4
18,73884197,Uganda,Zambia,0,1,1,0,1,ext,4
18,73884198,Zimbabwe,Angola,0,0,0,0,0,nul,4
18,73884199,Botswana,Morocco,0,0,0,0,0,nul,4
18,73884201,Benin,Burkina Faso,1,2,3,1,2,ext,4
18,73884203,Mali,Comoros,1,2,3,1,2,ext,4
18,73884204,Cameroon,Sudan,1,0,1,1,0,dom,4
18,73884205,Senegal,Gabon,0,3,3,0,3,ext,4
18,73884206,Tanzania,Equatorial Guinea,0,0,0,0,0,nul,4
18,73884207,DR Congo,Nigeria,1,0,1,1,0,dom,4
19,73884210,Equatorial Guinea,Zimbabwe,0,1,1,0,1,ext,4
19,73884213,Egypt,DR Congo,0,0,0,0,0,nul,4
19,73884214,Zambia,Mali,0,1,1,0,1,ext,4
19,73884215,Nigeria,Cameroon,0,0,0,0,0,nul,4
19,73884218,Angola,Tunisia,0,0,0,0,0,nul,4
19,73884219,South Africa,Benin,2,0,2,2,0,dom,4
19,73884220,Burkina Faso,Botswana,1,0,1,1,0,dom,4
20,73884221,Cameroon,Egypt,0,1,1,0,1,ext,4
20,73884222,DR Congo,Algeria,0,0,0,0,0,nul,4
20,73884224,Senegal,Nigeria,0,0,0,0,0,nul,4
20,73884225,Botswana,South Africa,0,1,1,0,1,ext,4
20,73884226,Uganda,Burkina Faso,1,1,2,1,1,nul,4
20,73884228,Zimbabwe,Gabon,2,1,3,2,1,dom,4
20,73884231,Mali,Morocco,2,2,4,2,2,nul,4
20,73884232,Tanzania,Sudan,1,1,2,1,1,nul,4
21,73884233,DR Congo,Cameroon,1,0,1,1,0,dom,4
21,73884234,Equatorial Guinea,Comoros,1,1,2,1,1,nul,4
21,73884236,Ivory Coast,Botswana,1,0,1,1,0,dom,4
21,73884237,Egypt,Senegal,0,1,1,0,1,ext,4
21,73884238,Burkina Faso,Mali,0,1,1,0,1,ext,4
21,73884239,Zambia,Angola,1,0,1,1,0,dom,4
21,73884243,Algeria,Benin,5,0,5,5,0,dom,4
22,73884246,Botswana,Benin,0,0,0,0,0,nul,4
22,73884248,Cameroon,Algeria,1,1,2,1,1,nul,4
22,73884249,Uganda,Ivory Coast,1,0,1,1,0,dom,4
22,73884254,Equatorial Guinea,Zambia,1,0,1,1,0,dom,4
22,73884256,Mali,South Africa,3,1,4,3,1,dom,4
23,73884257,Ivory Coast,Mali,1,0,1,1,0,dom,4
23,73884258,Cameroon,Senegal,0,1,1,0,1,ext,4
23,73884259,DR Congo,Tanzania,2,0,2,2,0,dom,4
23,73884262,South Africa,Mozambique,0,0,0,0,0,nul,4
23,73884263,Egypt,Zimbabwe,0,0,0,0,0,nul,4
23,73884264,Burkina Faso,Angola,1,0,1,1,0,dom,4
23,73884265,Benin,Uganda,2,0,2,2,0,dom,4
23,73884266,Algeria,Botswana,1,3,4,1,3,ext,4
23,73884267,Morocco,Equatorial Guinea,0,2,2,0,2,ext,4
23,73884268,Gabon,Zambia,1,2,3,1,2,ext,4
24,73884271,Senegal,Algeria,0,0,0,0,0,nul,4
24,73884272,Equatorial Guinea,Burkina Faso,0,0,0,0,0,nul,4
24,73884275,Angola,South Africa,1,2,3,1,2,ext,4
24,73884276,Zimbabwe,DR Congo,0,0,0,0,0,nul,4
24,73884277,Zambia,Sudan,4,0,4,4,0,dom,4
24,73884279,Uganda,Botswana,1,0,1,1,0,dom,4
25,73884281,Sudan,Morocco,0,5,5,0,5,ext,4
25,73884282,Burkina Faso,Gabon,3,0,3,3,0,dom,4
25,73884283,Botswana,Mali,0,0,0,0,0,nul,4
25,73884284,Egypt,Comoros,0,0,0,0,0,nul,4
25,73884286,Cameroon,Zimbabwe,1,0,1,1,0,dom,4
25,73884287,DR Congo,Tunisia,0,0,0,0,0,nul,4
25,73884288,South Africa,Equatorial Guinea,4,0,4,4,0,dom,4
25,73884289,Ivory Coast,Angola,0,0,0,0,0,nul,4
25,73884290,Algeria,Uganda,6,0,6,6,0,dom,4
25,73884291,Senegal,Tanzania,1,0,1,1,0,dom,4
26,73884294,Comoros,DR Congo,0,1,1,0,1,ext,4
26,73884295,Sudan,Burkina Faso,2,1,3,2,1,dom,4
26,73884297,Angola,Benin,0,0,0,0,0,nul,4
26,73884298,Equatorial Guinea,Ivory Coast,0,0,0,0,0,nul,4
26,73884299,Mozambique,Botswana,0,1,1,0,1,ext,4
26,73884300,Morocco,Nigeria,3,0,3,3,0,dom,4
26,73884301,Zimbabwe,Senegal,0,0,0,0,0,nul,4
26,73884302,Zambia,Egypt,0,0,0,0,0,nul,4
26,73884304,Gabon,South Africa,1,3,4,1,3,ext,4
27,73884305,Senegal,Tunisia,0,0,0,0,0,nul,4
27,73884306,Nigeria,Burkina Faso,2,0,2,2,0,dom,4
27,73884307,Tanzania,Zimbabwe,0,0,0,0,0,nul,4
27,73884308,Algeria,Mali,1,0,1,1,0,dom,4
27,73884309,Benin,Equatorial Guinea,2,0,2,2,0,dom,4
27,73884310,Uganda,Mozambique,0,1,1,0,1,ext,4
27,73884311,Cameroon,Comoros,0,0,0,0,0,nul,4
27,73884312,South Africa,Sudan,4,0,4,4,0,dom,4
27,73884313,Botswana,Angola,0,1,1,0,1,ext,4
27,73884314,Egypt,Morocco,0,0,0,0,0,nul,4
27,73884315,DR Congo,Zambia,1,0,1,1,0,dom,4
28,73884318,Gabon,Benin,1,0,1,1,0,dom,4
28,73884322,Burkina Faso,Egypt,0,1,1,0,1,ext,4
28,73884324,Sudan,Ivory Coast,0,0,0,0,0,nul,4
28,73884327,Morocco,DR Congo,2,0,2,2,0,dom,4
29,73884329,Algeria,Mozambique,1,1,2,1,1,nul,4
29,73884330,Mali,Angola,2,0,2,2,0,dom,4
29,73884332,Zimbabwe,Tunisia,0,1,1,0,1,ext,4
29,73884334,Botswana,Gabon,1,1,2,1,1,nul,4
29,73884335,Cameroon,Morocco,1,2,3,1,2,ext,4
29,73884336,Tanzania,Comoros,0,2,2,0,2,ext,4
29,73884337,Benin,Sudan,5,1,6,5,1,dom,4
29,73884340,Ivory Coast,Nigeria,3,0,3,3,0,dom,4
30,73884341,Gabon,Uganda,1,2,3,1,2,ext,4
30,73884342,Tunisia,Algeria,1,0,1,1,0,dom,4
30,73884343,Zambia,Tanzania,0,1,1,0,1,ext,4
30,73884345,Morocco,Senegal,3,0,3,3,0,dom,4
30,73884346,Egypt,Ivory Coast,0,0,0,0,0,nul,4
30,73884347,Equatorial Guinea,Mali,0,0,0,0,0,nul,4
30,73884350,Sudan,Botswana,2,1,3,2,1,dom,4
30,73884352,Comoros,Zimbabwe,1,0,1,1,0,dom,4
31,73884353,Tunisia,Comoros,1,0,1,1,0,dom,4
31,73884354,Cameroon,South Africa,1,1,2,1,1,nul,4
31,73884356,Senegal,Burkina Faso,0,1,1,0,1,ext,4
31,73884357,Zimbabwe,Zambia,2,1,3,2,1,dom,4
31,73884358,Tanzania,Morocco,0,0,0,0,0,nul,4
31,73884361,Benin,Egypt,0,1,1,0,1,ext,4
31,73884362,Uganda,Sudan,1,0,1,1,0,dom,4
31,73884363,DR Congo,Ivory Coast,0,0,0,0,0,nul,4
31,73884364,Algeria,Angola,4,0,4,4,0,dom,4
32,73884365,Gabon,Mozambique,1,2,3,1,2,ext,4
32,73884366,Equatorial Guinea,Angola,0,1,1,0,1,ext,4
32,73884367,Ivory Coast,Cameroon,0,0,0,0,0,nul,4
32,73884369,DR Congo,Benin,0,1,1,0,1,ext,4
32,73884371,Burkina Faso,Tanzania,1,0,1,1,0,dom,4
32,73884373,Morocco,Zimbabwe,3,0,3,3,0,dom,4
32,73884374,Comoros,Algeria,1,0,1,1,0,dom,4
32,73884375,Nigeria,Uganda,2,0,2,2,0,dom,4
33,73884378,Algeria,Equatorial Guinea,3,1,4,3,1,dom,4
33,73884379,Cameroon,Benin,4,0,4,4,0,dom,4
33,73884380,Mozambique,Sudan,1,0,1,1,0,dom,4
33,73884382,Mali,Nigeria,1,1,2,1,1,nul,4
33,73884383,Tunisia,Morocco,0,1,1,0,1,ext,4
33,73884385,Comoros,Zambia,0,0,0,0,0,nul,4
33,73884386,Senegal,Ivory Coast,1,0,1,1,0,dom,4
33,73884387,Angola,Gabon,0,0,0,0,0,nul,4
33,73884388,Tanzania,South Africa,1,4,5,1,4,ext,4
34,73884391,Egypt,Mali,0,0,0,0,0,nul,4
34,73884392,Gabon,Equatorial Guinea,2,0,2,2,0,dom,4
34,73884394,Benin,Senegal,0,0,0,0,0,nul,4
34,73884395,Nigeria,Mozambique,0,0,0,0,0,nul,4
34,73884397,Sudan,Angola,1,0,1,1,0,dom,4
34,73884398,Cameroon,Botswana,1,3,4,1,3,ext,4
34,73884400,South Africa,Zimbabwe,2,0,2,2,0,dom,4
35,73884401,Comoros,Burkina Faso,0,0,0,0,0,nul,4
35,73884402,Zambia,Morocco,3,0,3,3,0,dom,4
35,73884403,Tunisia,South Africa,0,0,0,0,0,nul,4
35,73884404,Senegal,Botswana,0,2,2,0,2,ext,4
35,73884406,Algeria,Gabon,2,1,3,2,1,dom,4
35,73884407,Tanzania,Benin,2,1,3,2,1,dom,4
35,73884408,Mali,DR Congo,0,0,0,0,0,nul,4
35,73884409,Mozambique,Egypt,1,1,2,1,1,nul,4
35,73884411,Equatorial Guinea,Sudan,2,0,2,2,0,dom,4
35,73884412,Angola,Nigeria,1,0,1,1,0,dom,4
36,73884415,DR Congo,Mozambique,1,0,1,1,0,dom,4
36,73884416,Botswana,Tanzania,0,2,2,0,2,ext,4
36,73884420,South Africa,Comoros,0,0,0,0,0,nul,4
36,73884422,Benin,Zimbabwe,2,1,3,2,1,dom,4
37,73884427,Mozambique,Cameroon,0,0,0,0,0,nul,4
37,73884428,Equatorial Guinea,Egypt,0,1,1,0,1,ext,4
37,73884429,Comoros,Ivory Coast,0,0,0,0,0,nul,4
37,73884430,Zimbabwe,Botswana,0,0,0,0,0,nul,4
37,73884432,Zambia,South Africa,1,1,2,1,1,nul,4
37,73884433,Morocco,Burkina Faso,2,0,2,2,0,dom,4
37,73884436,Tunisia,Benin,4,0,4,4,0,dom,4
38,73884441,DR Congo,Equatorial Guinea,0,0,0,0,0,nul,4
38,73884442,Egypt,Gabon,4,0,4,4,0,dom,4
38,73884444,Cameroon,Angola,0,0,0,0,0,nul,4
38,73884445,Benin,Comoros,2,3,5,2,3,ext,4
38,73884446,Nigeria,Sudan,6,0,6,6,0,dom,4
39,73884449,Zimbabwe,Mali,0,3,3,0,3,ext,4
39,73884451,Gabon,DR Congo,1,1,2,1,1,nul,4
39,73884452,Tunisia,Uganda,0,1,1,0,1,ext,4
39,73884455,Sudan,Egypt,0,0,0,0,0,nul,4
39,73884456,Equatorial Guinea,Cameroon,0,3,3,0,3,ext,4
39,73884458,Algeria,Nigeria,3,0,3,3,0,dom,4
39,73884459,Comoros,Botswana,0,1,1,0,1,ext,4
40,73884461,DR Congo,Sudan,0,0,0,0,0,nul,4
40,73884462,Uganda,Comoros,2,0,2,2,0,dom,4
40,73884464,Mali,Tunisia,2,1,3,2,1,dom,4
40,73884465,Ivory Coast,Burkina Faso,2,1,3,2,1,dom,4
40,73884466,Tanzania,Angola,1,0,1,1,0,dom,4
40,73884468,Benin,Morocco,4,0,4,4,0,dom,4
40,73884469,South Africa,Algeria,1,1,2,1,1,nul,4
40,73884470,Senegal,Equatorial Guinea,0,4,4,0,4,ext,4
40,73884472,Botswana,Zambia,1,3,4,1,3,ext,4
41,73884473,Zambia,Uganda,0,2,2,0,2,ext,4
41,73884474,Angola,Zimbabwe,0,0,0,0,0,nul,4
41,73884475,Morocco,Botswana,3,0,3,3,0,dom,4
41,73884479,Comoros,Mali,0,1,1,0,1,ext,4
41,73884480,Sudan,Cameroon,0,0,0,0,0,nul,4
41,73884481,Gabon,Senegal,0,2,2,0,2,ext,4
41,73884482,Equatorial Guinea,Tanzania,1,0,1,1,0,dom,4
41,73884483,Nigeria,DR Congo,0,0,0,0,0,nul,4
42,73884486,Zimbabwe,Equatorial Guinea,2,0,2,2,0,dom,4
42,73884489,DR Congo,Egypt,0,2,2,0,2,ext,4
42,73884490,Mali,Zambia,2,0,2,2,0,dom,4
42,73884491,Cameroon,Nigeria,1,1,2,1,1,nul,4
42,73884494,Tunisia,Angola,4,0,4,4,0,dom,4
42,73884495,Benin,South Africa,1,2,3,1,2,ext,4
42,73884496,Botswana,Burkina Faso,2,2,4,2,2,nul,4
43,73884497,Egypt,Cameroon,2,0,2,2,0,dom,4
43,73884498,Algeria,DR Congo,1,0,1,1,0,dom,4
43,73884500,Nigeria,Senegal,1,1,2,1,1,nul,4
43,73884501,South Africa,Botswana,1,0,1,1,0,dom,4
43,73884502,Burkina Faso,Uganda,3,2,5,3,2,dom,4
43,73884504,Gabon,Zimbabwe,1,0,1,1,0,dom,4
43,73884507,Morocco,Mali,1,0,1,1,0,dom,4
43,73884508,Sudan,Tanzania,0,0,0,0,0,nul,4
44,73884509,Cameroon,DR Congo,0,0,0,0,0,nul,4
44,73884510,Comoros,Equatorial Guinea,1,0,1,1,0,dom,4
44,73884512,Botswana,Ivory Coast,3,1,4,3,1,dom,4
44,73884513,Senegal,Egypt,1,1,2,1,1,nul,4
44,73884514,Mali,Burkina Faso,3,0,3,3,0,dom,4
44,73884515,Angola,Zambia,1,2,3,1,2,ext,4
44,73884518,Zimbabwe,Sudan,3,1,4,3,1,dom,4
44,73884520,Uganda,South Africa,0,1,1,0,1,ext,4
45,73884522,Benin,Botswana,0,0,0,0,0,nul,4
45,73884524,Algeria,Cameroon,2,0,2,2,0,dom,4
45,73884525,Ivory Coast,Uganda,0,0,0,0,0,nul,4
45,73884527,Morocco,Angola,0,0,0,0,0,nul,4
45,73884530,Zambia,Equatorial Guinea,0,0,0,0,0,nul,4
45,73884532,South Africa,Mali,0,0,0,0,0,nul,4
46,73884533,Mali,Ivory Coast,0,2,2,0,2,ext,5
46,73884534,Senegal,Cameroon,0,0,0,0,0,nul,5
46,73884538,Mozambique,South Africa,5,0,5,5,0,dom,5
46,73884539,Zimbabwe,Egypt,2,2,4,2,2,nul,5
46,73884540,Angola,Burkina Faso,3,0,3,3,0,dom,5
46,73884542,Botswana,Algeria,3,0,3,3,0,dom,5
46,73884543,Equatorial Guinea,Morocco,2,0,2,2,0,dom,5
46,73884544,Zambia,Gabon,1,3,4,1,3,ext,5
1,73891310,Equatorial Guinea,Cameroon,0,0,0,0,0,nul,5
1,73891312,South Africa,Tanzania,1,1,2,1,1,nul,5
1,73891314,Angola,Sudan,2,0,2,2,0,dom,5
2,73891320,Zambia,Mali,2,2,4,2,2,nul,5
2,73891321,Tanzania,Zimbabwe,3,2,5,3,2,dom,5
2,73891325,Nigeria,Morocco,0,0,0,0,0,nul,5
2,73891326,Algeria,Equatorial Guinea,2,3,5,2,3,ext,5
2,73891327,Benin,Senegal,1,1,2,1,1,nul,5
2,73891328,Gabon,Comoros,0,0,0,0,0,nul,5
2,73891330,Botswana,Angola,2,1,3,2,1,dom,5
3,73891332,Uganda,Benin,0,0,0,0,0,nul,5
3,73891333,Angola,Cameroon,1,0,1,1,0,dom,5
3,73891334,Mali,Comoros,1,0,1,1,0,dom,5
3,73891336,Senegal,Tanzania,0,0,0,0,0,nul,5
3,73891337,Morocco,Tunisia,2,0,2,2,0,dom,5
3,73891338,DR Congo,Botswana,1,0,1,1,0,dom,5
3,73891339,Nigeria,Sudan,3,0,3,3,0,dom,5
3,73891340,South Africa,Mozambique,3,0,3,3,0,dom,5
3,73891341,Equatorial Guinea,Zambia,1,0,1,1,0,dom,5
3,73891343,Burkina Faso,Gabon,2,2,4,2,2,nul,5
4,73891344,Ivory Coast,Senegal,1,1,2,1,1,nul,5
4,73891345,Benin,Tunisia,1,0,1,1,0,dom,5
4,73891346,Zambia,Egypt,0,2,2,0,2,ext,5
4,73891347,Mali,Burkina Faso,3,1,4,3,1,dom,5
4,73891349,Algeria,Angola,1,0,1,1,0,dom,5
4,73891350,Tanzania,Uganda,2,2,4,2,2,nul,5
4,73891351,Gabon,South Africa,3,0,3,3,0,dom,5
4,73891353,Sudan,Morocco,1,0,1,1,0,dom,5
4,73891355,Mozambique,Zimbabwe,0,0,0,0,0,nul,5
5,73891356,Morocco,Benin,3,1,4,3,1,dom,5
5,73891357,Uganda,Ivory Coast,4,0,4,4,0,dom,5
5,73891360,Zimbabwe,Gabon,1,1,2,1,1,nul,5
5,73891361,Senegal,Mozambique,0,0,0,0,0,nul,5
5,73891362,Tunisia,Tanzania,0,0,0,0,0,nul,5
5,73891363,Egypt,Comoros,1,1,2,1,1,nul,5
5,73891364,DR Congo,Algeria,1,1,2,1,1,nul,5
5,73891365,Equatorial Guinea,Burkina Faso,0,1,1,0,1,ext,5
5,73891367,Angola,Zambia,5,0,5,5,0,dom,5
6,73891369,Cameroon,Sudan,3,1,4,3,1,dom,5
6,73891371,Mozambique,Uganda,0,0,0,0,0,nul,5
6,73891373,Botswana,Morocco,0,3,3,0,3,ext,5
6,73891374,Algeria,Nigeria,4,0,4,4,0,dom,5
6,73891376,Comoros,Angola,0,2,2,0,2,ext,5
6,73891377,Gabon,Senegal,0,0,0,0,0,nul,5
6,73891378,Equatorial Guinea,South Africa,0,1,1,0,1,ext,5
6,73891379,Ivory Coast,Tunisia,1,1,2,1,1,nul,5
7,73891381,Egypt,South Africa,3,0,3,3,0,dom,5
7,73891383,Tunisia,Mozambique,2,0,2,2,0,dom,5
7,73891385,Sudan,Algeria,0,0,0,0,0,nul,5
7,73891386,Angola,Burkina Faso,2,0,2,2,0,dom,5
7,73891388,Botswana,Cameroon,0,0,0,0,0,nul,5
7,73891389,Zimbabwe,Equatorial Guinea,3,0,3,3,0,dom,5
7,73891390,Benin,Ivory Coast,0,0,0,0,0,nul,5
7,73891391,Morocco,Tanzania,1,0,1,1,0,dom,5
8,73891392,Mali,Uganda,1,0,1,1,0,dom,5
8,73891395,Comoros,Nigeria,0,1,1,0,1,ext,5
8,73891396,Mozambique,Benin,0,0,0,0,0,nul,5
8,73891397,South Africa,Angola,3,1,4,3,1,dom,5
8,73891398,Zambia,Sudan,5,0,5,5,0,dom,5
8,73891401,Ivory Coast,Tanzania,0,0,0,0,0,nul,5
8,73891402,Burkina Faso,DR Congo,1,0,1,1,0,dom,5
8,73891403,Gabon,Tunisia,0,1,1,0,1,ext,5
9,73891405,Nigeria,Burkina Faso,2,0,2,2,0,dom,5
9,73891410,Benin,Gabon,0,1,1,0,1,ext,5
9,73891411,Morocco,Ivory Coast,1,0,1,1,0,dom,5
9,73891413,Botswana,Zambia,0,2,2,0,2,ext,5
9,73891414,Uganda,Equatorial Guinea,2,0,2,2,0,dom,5
9,73891415,Sudan,Comoros,0,2,2,0,2,ext,5
10,73891417,Equatorial Guinea,Tunisia,0,1,1,0,1,ext,5
10,73891418,Angola,Senegal,0,3,3,0,3,ext,5
10,73891419,South Africa,Nigeria,1,0,1,1,0,dom,5
10,73891420,Mali,Benin,0,3,3,0,3,ext,5
10,73891421,Gabon,Tanzania,0,1,1,0,1,ext,5
10,73891422,Zambia,Cameroon,1,0,1,1,0,dom,5
10,73891424,Mozambique,Ivory Coast,0,3,3,0,3,ext,5
10,73891425,Comoros,Botswana,1,1,2,1,1,nul,5
11,73891430,Morocco,Mozambique,3,0,3,3,0,dom,5
11,73891431,Nigeria,Zimbabwe,1,1,2,1,1,nul,5
11,73891433,Sudan,South Africa,1,1,2,1,1,nul,5
11,73891436,Tanzania,Mali,4,0,4,4,0,dom,5
11,73891428,Algeria,Zambia,1,1,2,1,1,,0,,,0,0,0,nul,5
11,73891429,Tunisia,Egypt,0,2,2,0,2,,0,,,0,0,0,ext,5
11,73891430,Morocco,Mozambique,3,0,3,3,0,,0,,,0,0,0,dom,5
11,73891431,Nigeria,Zimbabwe,1,1,2,1,1,,0,,,0,0,0,nul,5
11,73891432,Benin,Equatorial Guinea,3,0,3,3,0,,0,,,0,0,0,dom,5
11,73891433,Sudan,South Africa,0,1,1,0,1,,0,,,0,0,0,ext,5
11,73891434,Ivory Coast,Gabon,1,0,1,1,0,,0,,,0,0,0,dom,5
11,73891435,DR Congo,Senegal,1,0,1,1,0,,0,,,0,0,0,dom,5
11,73891436,Tanzania,Mali,4,0,4,4,0,,0,,,0,0,0,dom,5
11,73891437,Uganda,Angola,0,0,0,0,0,,0,,,0,0,0,nul,5
11,73891438,Botswana,Burkina Faso,0,0,0,0,0,,0,,,0,0,0,nul,5
11,73891439,Cameroon,Comoros,1,0,1,1,0,,0,,,0,0,0,dom,5
12,73891440,Equatorial Guinea,Tanzania,0,2,2,0,2,,0,,,0,0,0,ext,5
12,73891441,Angola,Tunisia,1,0,1,1,0,,0,,,0,0,0,dom,5
12,73891442,Zambia,Morocco,0,1,1,0,1,,0,,,0,0,0,ext,5
12,73891443,Egypt,Benin,3,0,3,3,0,,0,,,0,0,0,dom,5
12,73891444,Gabon,Mozambique,0,2,2,0,2,,0,,,0,0,0,ext,5
12,73891445,Senegal,Nigeria,0,1,1,0,1,,0,,,0,0,0,ext,5
12,73891446,Zimbabwe,Sudan,0,0,0,0,0,,0,,,0,0,0,nul,5
12,73891447,South Africa,Botswana,6,0,6,6,0,,0,,,0,0,0,dom,5
12,73891448,DR Congo,Uganda,0,2,2,0,2,,0,,,0,0,0,ext,5
12,73891449,Mali,Ivory Coast,1,0,1,1,0,,0,,,0,0,0,dom,5
12,73891450,Burkina Faso,Cameroon,0,0,0,0,0,,0,,,0,0,0,nul,5
12,73891451,Comoros,Algeria,1,1,2,1,1,,0,,,0,0,0,nul,5
13,73891452,Mozambique,Mali,0,1,1,0,1,ext,5
13,73891454,Sudan,Senegal,0,0,0,0,0,nul,5
13,73891455,Botswana,Zimbabwe,0,1,1,0,1,ext,5
13,73891458,Cameroon,South Africa,1,0,1,1,0,dom,5
13,73891459,Morocco,Gabon,1,2,3,1,2,ext,5
13,73891460,Benin,Angola,1,1,2,1,1,nul,5
13,73891461,Ivory Coast,Equatorial Guinea,2,1,3,2,1,dom,5
17,73891501,Mozambique,DR Congo,1,1,2,1,1,nul,5
17,73891505,Algeria,Uganda,4,2,6,4,2,dom,5
17,73891506,Morocco,Equatorial Guinea,0,1,1,0,1,ext,5
17,73891507,Burkina Faso,South Africa,0,0,0,0,0,nul,5
17,73891509,Mali,Egypt,0,0,0,0,0,nul,5
17,73891510,Botswana,Benin,0,1,1,0,1,ext,5
17,73891511,Cameroon,Tunisia,0,0,0,0,0,nul,5
17,73891501,Mozambique,DR Congo,0,1,1,0,1,ext,5
17,73891505,Algeria,Uganda,1,1,2,1,1,nul,5
17,73891506,Morocco,Equatorial Guinea,4,0,4,4,0,dom,5
17,73891507,Burkina Faso,South Africa,0,1,1,0,1,ext,5
18,73891512,Nigeria,Mozambique,0,1,1,0,1,ext,5
18,73891515,South Africa,Morocco,1,0,1,1,0,dom,5
18,73891517,Benin,Cameroon,0,0,0,0,0,nul,5
18,73891518,DR Congo,Gabon,1,2,3,1,2,ext,5
18,73891520,Botswana,Tanzania,0,3,3,0,3,ext,5
18,73891522,Egypt,Equatorial Guinea,1,0,1,1,0,dom,5
19,73891524,Algeria,Benin,0,1,1,0,1,ext,5
19,73891525,Zambia,Tunisia,2,1,3,2,1,dom,5
19,73891526,Comoros,Uganda,0,0,0,0,0,nul,5
19,73891528,Cameroon,Tanzania,0,0,0,0,0,nul,5
19,73891530,Equatorial Guinea,Angola,0,0,0,0,0,nul,5
19,73891532,Gabon,Nigeria,1,0,1,1,0,dom,5
19,73891534,Ivory Coast,Botswana,3,0,3,3,0,dom,5
19,73891535,Mozambique,Sudan,2,0,2,2,0,dom,5
20,73891536,DR Congo,Equatorial Guinea,1,0,1,1,0,dom,5
20,73891537,Sudan,Gabon,0,1,1,0,1,ext,5
20,73891540,Nigeria,Mali,0,0,0,0,0,nul,5
20,73891542,Tunisia,Comoros,2,1,3,2,1,dom,5
20,73891543,Cameroon,Ivory Coast,2,0,2,2,0,dom,5
20,73891546,Benin,Zambia,2,2,4,2,2,nul,5
21,73891548,Morocco,Angola,0,0,0,0,0,nul,5
21,73891550,Mozambique,Cameroon,5,0,5,5,0,dom,5
21,73891552,Burkina Faso,Tunisia,1,1,2,1,1,nul,5
21,73891555,Zambia,Tanzania,0,0,0,0,0,nul,5
21,73891559,Mali,Sudan,0,2,2,0,2,ext,5
22,73891560,Cameroon,Gabon,2,0,2,2,0,dom,5
22,73891562,DR Congo,Angola,0,0,0,0,0,nul,5
22,73891564,Algeria,Mozambique,0,0,0,0,0,nul,5
22,73891565,Botswana,Mali,0,2,2,0,2,ext,5
22,73891567,Benin,Burkina Faso,0,0,0,0,0,nul,5
22,73891568,Tunisia,South Africa,0,0,0,0,0,nul,5
23,73891572,Morocco,DR Congo,2,0,2,2,0,dom,5
23,73891575,Burkina Faso,Tanzania,0,1,1,0,1,ext,5
23,73891577,Senegal,Uganda,1,2,3,1,2,ext,5
23,73891579,Zimbabwe,Tunisia,0,0,0,0,0,nul,5
23,73891580,South Africa,Benin,3,0,3,3,0,dom,5
23,73891582,Mali,Cameroon,3,0,3,3,0,dom,5
24,73891585,Tunisia,Senegal,2,0,2,2,0,dom,5
24,73891586,Cameroon,Equatorial Guinea,1,0,1,1,0,dom,5
24,73891587,Zambia,Gabon,0,0,0,0,0,nul,5
24,73891588,Tanzania,South Africa,1,0,1,1,0,dom,5
24,73891590,Sudan,Angola,0,0,0,0,0,nul,5
24,73891594,Mozambique,Comoros,4,1,5,4,1,dom,5
25,73891596,Mali,Zambia,1,0,1,1,0,dom,5
25,73891597,Zimbabwe,Tanzania,2,0,2,2,0,dom,5
25,73891601,Morocco,Nigeria,2,0,2,2,0,dom,5
25,73891602,Equatorial Guinea,Algeria,0,0,0,0,0,nul,5
25,73891603,Senegal,Benin,1,0,1,1,0,dom,5
25,73891604,Comoros,Gabon,3,2,5,3,2,dom,5
25,73891606,Angola,Botswana,1,0,1,1,0,dom,5
26,73891608,Benin,Uganda,2,0,2,2,0,dom,5
26,73891609,Cameroon,Angola,0,0,0,0,0,nul,5
26,73891610,Comoros,Mali,0,2,2,0,2,ext,5
26,73891612,Tanzania,Senegal,0,1,1,0,1,ext,5
26,73891613,Tunisia,Morocco,0,0,0,0,0,nul,5
26,73891614,Botswana,DR Congo,0,0,0,0,0,nul,5
26,73891615,Sudan,Nigeria,0,1,1,0,1,ext,5
26,73891616,Mozambique,South Africa,2,1,3,2,1,dom,5
26,73891617,Zambia,Equatorial Guinea,1,0,1,1,0,dom,5
26,73891619,Gabon,Burkina Faso,2,2,4,2,2,nul,5
27,73891620,Senegal,Ivory Coast,1,1,2,1,1,nul,5
27,73891621,Tunisia,Benin,0,1,1,0,1,ext,5
27,73891622,Egypt,Zambia,1,0,1,1,0,dom,5
27,73891623,Burkina Faso,Mali,1,1,2,1,1,nul,5
27,73891625,Angola,Algeria,0,0,0,0,0,nul,5
27,73891626,Uganda,Tanzania,2,0,2,2,0,dom,5
27,73891627,South Africa,Gabon,0,0,0,0,0,nul,5
27,73891629,Morocco,Sudan,0,0,0,0,0,nul,5
27,73891631,Zimbabwe,Mozambique,1,0,1,1,0,dom,5
28,73891633,Ivory Coast,Uganda,3,2,5,3,2,dom,5
28,73891636,Gabon,Zimbabwe,0,1,1,0,1,ext,5
28,73891637,Mozambique,Senegal,2,0,2,2,0,dom,5
28,73891638,Tanzania,Tunisia,0,2,2,0,2,ext,5
28,73891639,Comoros,Egypt,3,2,5,3,2,dom,5
28,73891640,Algeria,DR Congo,2,0,2,2,0,dom,5
28,73891632,Benin,Morocco,0,1,1,0,1,,0,,,0,0,0,ext,5
28,73891633,Ivory Coast,Uganda,0,0,0,0,0,,0,,,0,0,0,nul,5
28,73891634,Mali,South Africa,1,1,2,1,1,,0,,,0,0,0,nul,5
28,73891635,Cameroon,Nigeria,2,0,2,2,0,,0,,,0,0,0,dom,5
28,73891636,Gabon,Zimbabwe,0,3,3,0,3,,0,,,0,0,0,ext,5
28,73891637,Mozambique,Senegal,4,0,4,4,0,,0,,,0,0,0,dom,5
28,73891638,Tanzania,Tunisia,0,0,0,0,0,,0,,,0,0,0,nul,5
28,73891639,Comoros,Egypt,3,0,3,3,0,,0,,,0,0,0,dom,5
28,73891640,Algeria,DR Congo,1,1,2,1,1,,0,,,0,0,0,nul,5
28,73891641,Burkina Faso,Equatorial Guinea,3,0,3,3,0,,0,,,0,0,0,dom,5
28,73891642,Botswana,Sudan,3,0,3,3,0,,0,,,0,0,0,dom,5
28,73891643,Zambia,Angola,1,0,1,1,0,,0,,,0,0,0,dom,5
29,73891644,Benin,Tanzania,1,1,2,1,1,,0,,,0,0,0,nul,5
29,73891645,Sudan,Cameroon,1,1,2,1,1,,0,,,0,0,0,nul,5
29,73891646,DR Congo,Zambia,0,0,0,0,0,,0,,,0,0,0,nul,5
29,73891647,Uganda,Mozambique,1,1,2,1,1,,0,,,0,0,0,nul,5
29,73891648,Egypt,Burkina Faso,0,1,1,0,1,,0,,,0,0,0,ext,5
29,73891649,Morocco,Botswana,2,0,2,2,0,,0,,,0,0,0,dom,5
29,73891650,Nigeria,Algeria,1,0,1,1,0,,0,,,0,0,0,dom,5
29,73891651,Zimbabwe,Mali,1,0,1,1,0,,0,,,0,0,0,dom,5
29,73891652,Angola,Comoros,2,1,3,2,1,,0,,,0,0,0,dom,5
29,73891653,Senegal,Gabon,1,0,1,1,0,,0,,,0,0,0,dom,5
29,73891654,South Africa,Equatorial Guinea,4,1,5,4,1,,0,,,0,0,0,dom,5
29,73891655,Tunisia,Ivory Coast,2,0,2,2,0,,0,,,0,0,0,dom,5
30,73891657,South Africa,Egypt,0,0,0,0,0,nul,5
30,73891659,Mozambique,Tunisia,1,1,2,1,1,nul,5
30,73891661,Algeria,Sudan,0,0,0,0,0,nul,5
30,73891662,Burkina Faso,Angola,1,1,2,1,1,nul,5
30,73891664,Cameroon,Botswana,0,2,2,0,2,ext,5
30,73891665,Equatorial Guinea,Zimbabwe,0,0,0,0,0,nul,5
30,73891666,Ivory Coast,Benin,0,0,0,0,0,nul,5
30,73891667,Tanzania,Morocco,0,0,0,0,0,nul,5
31,73891668,Uganda,Mali,1,1,2,1,1,nul,5
31,73891671,Nigeria,Comoros,4,0,4,4,0,dom,5
31,73891672,Benin,Mozambique,5,1,6,5,1,dom,5
31,73891674,Sudan,Zambia,3,1,4,3,1,dom,5
31,73891668,Uganda,Mali,2,2,4,2,2,,0,,,0,0,0,nul,5
31,73891669,Zimbabwe,Egypt,0,0,0,0,0,,0,,,0,0,0,nul,5
31,73891670,Senegal,Equatorial Guinea,1,0,1,1,0,,0,,,0,0,0,dom,5
31,73891671,Nigeria,Comoros,2,2,4,2,2,,0,,,0,0,0,nul,5
31,73891672,Benin,Mozambique,1,0,1,1,0,,0,,,0,0,0,dom,5
31,73891673,Angola,South Africa,0,3,3,0,3,,0,,,0,0,0,ext,5
31,73891674,Sudan,Zambia,4,1,5,4,1,,0,,,0,0,0,dom,5
31,73891675,Morocco,Cameroon,4,0,4,4,0,,0,,,0,0,0,dom,5
31,73891676,Botswana,Algeria,0,0,0,0,0,,0,,,0,0,0,nul,5
31,73891677,Tanzania,Ivory Coast,2,2,4,2,2,,0,,,0,0,0,nul,5
31,73891678,DR Congo,Burkina Faso,0,0,0,0,0,,0,,,0,0,0,nul,5
31,73891679,Tunisia,Gabon,1,0,1,1,0,,0,,,0,0,0,dom,5
31,73891677,Tanzania,Ivory Coast,0,0,0,0,0,nul,5
31,73891678,DR Congo,Burkina Faso,1,1,2,1,1,nul,5
31,73891679,Tunisia,Gabon,4,0,4,4,0,dom,5
32,73891681,Burkina Faso,Nigeria,0,0,0,0,0,nul,5
32,73891684,Egypt,Senegal,0,0,0,0,0,nul,5
32,73891686,Gabon,Benin,4,0,4,4,0,dom,5
32,73891687,Ivory Coast,Morocco,0,0,0,0,0,nul,5
32,73891689,Zambia,Botswana,0,1,1,0,1,ext,5
32,73891690,Equatorial Guinea,Uganda,0,3,3,0,3,ext,5
32,73891691,Comoros,Sudan,0,1,1,0,1,ext,5
33,73891693,Tunisia,Equatorial Guinea,1,0,1,1,0,dom,5
33,73891694,Senegal,Angola,2,0,2,2,0,dom,5
33,73891695,Nigeria,South Africa,0,1,1,0,1,ext,5
33,73891696,Benin,Mali,0,0,0,0,0,nul,5
33,73891697,Tanzania,Gabon,0,0,0,0,0,nul,5
33,73891701,Botswana,Comoros,2,2,4,2,2,nul,5
34,73891706,Mozambique,Morocco,0,0,0,0,0,nul,5
34,73891707,Zimbabwe,Nigeria,0,2,2,0,2,ext,5
34,73891709,South Africa,Sudan,1,2,3,1,2,ext,5
34,73891711,Senegal,DR Congo,1,0,1,1,0,dom,5
34,73891712,Mali,Tanzania,2,1,3,2,1,dom,5
34,73891715,Comoros,Cameroon,1,1,2,1,1,nul,5
37,73891741,Botswana,Senegal,0,1,1,0,1,ext,5
37,73891744,Mozambique,Equatorial Guinea,1,0,1,1,0,dom,5
37,73891745,Gabon,Mali,1,3,4,1,3,ext,5
37,73891747,Tanzania,Angola,0,1,1,0,1,ext,5
37,73891749,Tunisia,Nigeria,1,0,1,1,0,dom,5
38,73891754,DR Congo,Tanzania,2,1,3,2,1,dom,5
38,73891756,Burkina Faso,Comoros,1,2,3,1,2,ext,5
38,73891757,Uganda,Botswana,1,4,5,1,4,ext,5
38,73891758,Nigeria,Benin,0,1,1,0,1,ext,5
38,73891759,Mali,Morocco,2,1,3,2,1,dom,5
38,73891761,Equatorial Guinea,Gabon,1,1,2,1,1,nul,5
38,73891763,Angola,Ivory Coast,1,0,1,1,0,dom,5
39,73891764,Botswana,Tunisia,0,1,1,0,1,ext,5
39,73891768,Zambia,Zimbabwe,0,0,0,0,0,nul,5
39,73891770,Gabon,Egypt,0,1,1,0,1,ext,5
39,73891771,Morocco,Burkina Faso,1,0,1,1,0,dom,5
39,73891772,Mali,Equatorial Guinea,0,1,1,0,1,ext,5
39,73891773,Comoros,South Africa,1,0,1,1,0,dom,5
39,73891775,Algeria,Senegal,2,1,3,2,1,dom,5
40,73891777,DR Congo,Mozambique,1,0,1,1,0,dom,5
40,73891781,Uganda,Algeria,0,0,0,0,0,nul,5
40,73891782,Equatorial Guinea,Morocco,1,0,1,1,0,dom,5
40,73891783,South Africa,Burkina Faso,2,0,2,2,0,dom,5
40,73891785,Egypt,Mali,0,1,1,0,1,ext,5
40,73891786,Benin,Botswana,1,0,1,1,0,dom,5
40,73891787,Tunisia,Cameroon,0,0,0,0,0,nul,5
41,73891788,Mozambique,Nigeria,0,0,0,0,0,nul,5
41,73891789,Comoros,Senegal,0,0,0,0,0,nul,5
41,73891790,Burkina Faso,Zimbabwe,0,1,1,0,1,ext,5
41,73891791,Morocco,South Africa,2,0,2,2,0,dom,5
41,73891793,Cameroon,Benin,5,0,5,5,0,dom,5
41,73891794,Gabon,DR Congo,1,1,2,1,1,nul,5
41,73891796,Tanzania,Botswana,0,0,0,0,0,nul,5
41,73891798,Equatorial Guinea,Egypt,0,0,0,0,0,nul,5
41,73891799,Ivory Coast,Sudan,5,0,5,5,0,dom,5
42,73891800,Benin,Algeria,2,0,2,2,0,dom,5
42,73891801,Tunisia,Zambia,2,1,3,2,1,dom,5
42,73891802,Uganda,Comoros,2,2,4,2,2,nul,5
42,73891804,Tanzania,Cameroon,0,0,0,0,0,nul,5
42,73891806,Angola,Equatorial Guinea,3,0,3,3,0,dom,5
42,73891808,Nigeria,Gabon,0,0,0,0,0,nul,5
42,73891810,Botswana,Ivory Coast,1,2,3,1,2,ext,5
42,73891811,Sudan,Mozambique,3,0,3,3,0,dom,5
43,73891813,Gabon,Sudan,1,1,2,1,1,nul,5
43,73891816,Mali,Nigeria,2,1,3,2,1,dom,5
43,73891817,Algeria,Tanzania,3,0,3,3,0,dom,5
43,73891818,Comoros,Tunisia,0,0,0,0,0,nul,5
43,73891819,Ivory Coast,Cameroon,2,0,2,2,0,dom,5
43,73891822,Zambia,Benin,3,0,3,3,0,dom,5
44,73891824,Angola,Morocco,0,2,2,0,2,ext,5
44,73891826,Cameroon,Mozambique,1,0,1,1,0,dom,5
44,73891828,Tunisia,Burkina Faso,3,0,3,3,0,dom,5
44,73891831,Tanzania,Zambia,0,0,0,0,0,nul,5
44,73891835,Sudan,Mali,1,1,2,1,1,nul,5
45,73891836,Gabon,Cameroon,1,1,2,1,1,nul,5
45,73891838,Angola,DR Congo,0,0,0,0,0,nul,5
45,73891840,Mozambique,Algeria,1,1,2,1,1,nul,5
45,73891841,Mali,Botswana,1,0,1,1,0,dom,5
45,73891842,Zimbabwe,Uganda,0,0,0,0,0,nul,5
45,73891844,South Africa,Tunisia,4,0,4,4,0,dom,5
46,73891848,DR Congo,Morocco,0,2,2,0,2,ext,5
46,73891850,Botswana,Equatorial Guinea,3,0,3,3,0,dom,5
46,73891851,Tanzania,Burkina Faso,1,1,2,1,1,nul,5
46,73891852,Algeria,Gabon,0,0,0,0,0,nul,5
46,73891853,Uganda,Senegal,5,0,5,5,0,dom,5
46,73891855,Tunisia,Zimbabwe,3,0,3,3,0,dom,5
46,73891858,Cameroon,Mali,2,0,2,2,0,dom,5
1,73898346,Nigeria,South Africa,2,0,2,2,0,dom,6
1,73898348,Comoros,Tunisia,0,0,0,0,0,nul,6
1,73898349,Gabon,Angola,0,0,0,0,0,nul,6
1,73898352,Uganda,Algeria,2,0,2,2,0,dom,6
1,73898353,Equatorial Guinea,DR Congo,2,0,2,2,0,dom,6
1,73898354,Benin,Mozambique,0,3,3,0,3,ext,6
1,73898355,Cameroon,Zimbabwe,1,0,1,1,0,dom,6
1,73898356,Ivory Coast,Botswana,0,0,0,0,0,nul,6
1,73898357,Zambia,Burkina Faso,1,0,1,1,0,dom,6
2,73898361,Zimbabwe,Morocco,2,0,2,2,0,dom,6
2,73898362,Mali,Angola,2,1,3,2,1,dom,6
2,73898363,DR Congo,Benin,3,0,3,3,0,dom,6
2,73898364,South Africa,Equatorial Guinea,2,1,3,2,1,dom,6
2,73898365,Algeria,Comoros,0,0,0,0,0,nul,6
2,73898367,Tunisia,Tanzania,2,1,3,2,1,dom,6
2,73898368,Botswana,Nigeria,4,0,4,4,0,dom,6
2,73898369,Ivory Coast,Egypt,4,0,4,4,0,dom,6
3,73898371,Comoros,Burkina Faso,1,0,1,1,0,dom,6
3,73898372,Uganda,Senegal,0,0,0,0,0,nul,6
3,73898373,Cameroon,DR Congo,1,3,4,1,3,ext,6
3,73898374,Tanzania,Algeria,1,1,2,1,1,nul,6
3,73898376,Zambia,Ivory Coast,1,0,1,1,0,dom,6
3,73898377,Nigeria,Egypt,0,3,3,0,3,ext,6
3,73898378,Morocco,Mozambique,2,2,4,2,2,nul,6
3,73898379,Gabon,Mali,0,4,4,0,4,ext,6
3,73898380,Angola,Tunisia,2,2,4,2,2,nul,6
3,73898381,Sudan,Zimbabwe,0,0,0,0,0,nul,6
4,73898384,Burkina Faso,Tanzania,1,0,1,1,0,dom,6
4,73898386,Mozambique,Sudan,0,1,1,0,1,ext,6
4,73898387,Botswana,Benin,1,0,1,1,0,dom,6
4,73898388,Egypt,Equatorial Guinea,3,1,4,3,1,dom,6
4,73898389,Ivory Coast,Uganda,1,0,1,1,0,dom,6
4,73898391,Senegal,Comoros,3,0,3,3,0,dom,6
5,73898395,Tanzania,Senegal,0,0,0,0,0,nul,6
5,73898396,Mali,Algeria,1,0,1,1,0,dom,6
5,73898397,Gabon,Tunisia,0,0,0,0,0,nul,6
5,73898398,Sudan,DR Congo,0,4,4,0,4,ext,6
5,73898399,Uganda,Nigeria,2,1,3,2,1,dom,6
5,73898401,Equatorial Guinea,Zambia,0,1,1,0,1,ext,6
5,73898402,Angola,Burkina Faso,1,0,1,1,0,dom,6
5,73898403,Zimbabwe,Mozambique,0,0,0,0,0,nul,6
5,73898404,Cameroon,Botswana,1,0,1,1,0,dom,6
5,73898405,Benin,Egypt,0,2,2,0,2,ext,6
6,73898406,Senegal,Angola,1,0,1,1,0,dom,6
6,73898408,DR Congo,Zimbabwe,0,0,0,0,0,nul,6
6,73898409,Nigeria,Comoros,0,0,0,0,0,nul,6
6,73898410,Mozambique,Gabon,2,1,3,2,1,dom,6
6,73898411,Burkina Faso,Mali,0,0,0,0,0,nul,6
6,73898416,Egypt,Cameroon,0,0,0,0,0,nul,6
6,73898417,Algeria,Tunisia,0,0,0,0,0,nul,6
7,73898418,Cameroon,Zambia,2,0,2,2,0,dom,6
7,73898419,Sudan,Botswana,1,1,2,1,1,nul,6
7,73898420,Gabon,Algeria,0,4,4,0,4,ext,6
7,73898421,Mozambique,DR Congo,2,1,3,2,1,dom,6
7,73898422,Zimbabwe,South Africa,1,0,1,1,0,dom,6
7,73898423,Angola,Ivory Coast,3,0,3,3,0,dom,6
7,73898424,Morocco,Egypt,1,2,3,1,2,ext,6
7,73898425,Tunisia,Burkina Faso,1,0,1,1,0,dom,6
7,73898426,Comoros,Equatorial Guinea,0,1,1,0,1,ext,6
7,73898428,Tanzania,Nigeria,0,0,0,0,0,nul,6
7,73898429,Mali,Senegal,1,0,1,1,0,dom,6
8,73898430,Uganda,Cameroon,0,0,0,0,0,nul,6
8,73898432,Zambia,Morocco,1,0,1,1,0,dom,6
8,73898433,Botswana,Zimbabwe,0,0,0,0,0,nul,6
8,73898434,DR Congo,Gabon,1,0,1,1,0,dom,6
8,73898436,Ivory Coast,Mali,2,0,2,2,0,dom,6
8,73898437,South Africa,Mozambique,1,0,1,1,0,dom,6
8,73898438,Nigeria,Angola,0,0,0,0,0,nul,6
8,73898440,Burkina Faso,Algeria,1,2,3,1,2,ext,6
9,73898442,Tanzania,Benin,4,0,4,4,0,dom,6
9,73898443,Mali,Nigeria,0,1,1,0,1,ext,6
9,73898444,Algeria,Senegal,1,0,1,1,0,dom,6
9,73898445,Gabon,Burkina Faso,1,0,1,1,0,dom,6
9,73898446,Tunisia,Ivory Coast,1,0,1,1,0,dom,6
9,73898450,Sudan,Zambia,2,0,2,2,0,dom,6
9,73898452,Mozambique,Botswana,2,0,2,2,0,dom,6
9,73898453,Cameroon,Comoros,1,1,2,1,1,nul,6
10,73898457,Botswana,DR Congo,0,1,1,0,1,ext,6
10,73898460,Comoros,Morocco,0,0,0,0,0,nul,6
10,73898464,Uganda,Sudan,1,0,1,1,0,dom,6
11,73898466,South Africa,Botswana,1,0,1,1,0,dom,6
11,73898467,Burkina Faso,Ivory Coast,1,2,3,1,2,ext,6
11,73898469,Algeria,Nigeria,1,1,2,1,1,nul,6
11,73898472,Tunisia,Equatorial Guinea,2,0,2,2,0,dom,6
11,73898473,Sudan,Comoros,1,1,2,1,1,nul,6
11,73898474,Angola,Cameroon,1,0,1,1,0,dom,6
12,73898479,Cameroon,Mali,1,2,3,1,2,ext,6
12,73898483,Equatorial Guinea,Algeria,0,1,1,0,1,ext,6
12,73898484,Zambia,DR Congo,4,0,4,4,0,dom,6
12,73898485,Botswana,Gabon,0,1,1,0,1,ext,6
12,73898487,Comoros,Zimbabwe,0,1,1,0,1,ext,6
12,73898488,Uganda,Mozambique,0,0,0,0,0,nul,6
12,73898489,Ivory Coast,Senegal,1,0,1,1,0,dom,6
13,73898490,South Africa,Zambia,1,0,1,1,0,dom,6
13,73898491,DR Congo,Uganda,3,0,3,3,0,dom,6
13,73898492,Senegal,Nigeria,2,0,2,2,0,dom,6
13,73898493,Tunisia,Cameroon,1,0,1,1,0,dom,6
13,73898495,Mozambique,Comoros,0,2,2,0,2,ext,6
13,73898496,Zimbabwe,Tanzania,1,3,4,1,3,ext,6
13,73898497,Algeria,Benin,3,0,3,3,0,dom,6
13,73898498,Mali,Morocco,1,0,1,1,0,dom,6
13,73898499,Burkina Faso,Equatorial Guinea,4,2,6,4,2,dom,6
13,73898500,Gabon,Ivory Coast,0,0,0,0,0,nul,6
13,73898501,Sudan,Angola,1,2,3,1,2,ext,6
14,73898502,Nigeria,Ivory Coast,1,1,2,1,1,nul,6
14,73898506,Equatorial Guinea,Senegal,1,1,2,1,1,nul,6
14,73898507,Tanzania,Mozambique,2,1,3,2,1,dom,6
14,73898508,Sudan,Mali,0,1,1,0,1,ext,6
14,73898509,Angola,Zimbabwe,0,0,0,0,0,nul,6
14,73898510,Egypt,Gabon,3,1,4,3,1,dom,6
14,73898511,Comoros,DR Congo,0,0,0,0,0,nul,6
15,73898514,Gabon,Nigeria,1,0,1,1,0,dom,6
15,73898515,Mozambique,Angola,1,0,1,1,0,dom,6
15,73898516,Ivory Coast,Equatorial Guinea,0,1,1,0,1,ext,6
15,73898517,Senegal,Benin,2,0,2,2,0,dom,6
15,73898518,Burkina Faso,Cameroon,0,1,1,0,1,ext,6
15,73898520,South Africa,Comoros,0,1,1,0,1,ext,6
15,73898521,Algeria,Morocco,2,0,2,2,0,dom,6
15,73898524,Egypt,Zambia,2,1,3,2,1,dom,6
16,73898526,Cameroon,Senegal,4,0,4,4,0,dom,6
16,73898527,Uganda,Egypt,1,0,1,1,0,dom,6
16,73898528,Benin,Ivory Coast,1,0,1,1,0,dom,6
16,73898532,Morocco,Burkina Faso,1,0,1,1,0,dom,6
16,73898533,Zimbabwe,Tunisia,4,0,4,4,0,dom,6
16,73898534,Comoros,Botswana,0,0,0,0,0,nul,6
16,73898535,Mali,Mozambique,1,1,2,1,1,nul,6
16,73898536,Equatorial Guinea,Nigeria,1,3,4,1,3,ext,6
17,73898538,Gabon,Equatorial Guinea,0,0,0,0,0,nul,6
17,73898539,South Africa,Angola,0,2,2,0,2,ext,6
17,73898541,Botswana,Tanzania,5,0,5,5,0,dom,6
17,73898542,Egypt,Comoros,0,0,0,0,0,nul,6
17,73898544,Ivory Coast,Cameroon,1,0,1,1,0,dom,6
17,73898545,Algeria,Zimbabwe,0,2,2,0,2,ext,6
17,73898546,Senegal,Morocco,1,0,1,1,0,dom,6
17,73898548,Nigeria,Benin,5,0,5,5,0,dom,6
17,73898549,DR Congo,Mali,1,1,2,1,1,nul,6
18,73898550,Sudan,Senegal,0,1,1,0,1,ext,6
18,73898551,Mali,South Africa,0,0,0,0,0,nul,6
18,73898553,Benin,Equatorial Guinea,1,0,1,1,0,dom,6
18,73898554,Tunisia,DR Congo,1,2,3,1,2,ext,6
18,73898555,Tanzania,Egypt,0,0,0,0,0,nul,6
18,73898556,Uganda,Gabon,1,2,3,1,2,ext,6
18,73898558,Morocco,Ivory Coast,0,3,3,0,3,ext,6
18,73898559,Angola,Botswana,0,0,0,0,0,nul,6
18,73898560,Mozambique,Algeria,1,0,1,1,0,dom,6
18,73898561,Cameroon,Nigeria,0,0,0,0,0,nul,6
19,73898563,DR Congo,Algeria,1,1,2,1,1,nul,6
19,73898567,Zambia,Tanzania,0,0,0,0,0,nul,6
19,73898569,Burkina Faso,Mozambique,2,0,2,2,0,dom,6
19,73898570,Gabon,Benin,0,0,0,0,0,nul,6
19,73898571,Equatorial Guinea,Cameroon,0,0,0,0,0,nul,6
19,73898572,Uganda,Comoros,1,0,1,1,0,dom,6
20,73898574,Zimbabwe,Ivory Coast,1,0,1,1,0,dom,6
20,73898575,DR Congo,Burkina Faso,0,0,0,0,0,nul,6
20,73898577,Mali,Egypt,0,0,0,0,0,nul,6
20,73898579,Algeria,South Africa,1,2,3,1,2,ext,6
20,73898581,Mozambique,Senegal,0,0,0,0,0,nul,6
20,73898582,Cameroon,Benin,2,0,2,2,0,dom,6
20,73898583,Angola,Zambia,0,0,0,0,0,nul,6
20,73898585,Tanzania,Uganda,0,1,1,0,1,ext,6
25,73898636,Cameroon,Mozambique,1,2,3,1,2,ext,6
25,73898637,Morocco,Zimbabwe,1,0,1,1,0,dom,6
25,73898638,Angola,Mali,0,0,0,0,0,nul,6
25,73898639,Benin,DR Congo,2,2,4,2,2,nul,6
25,73898640,Equatorial Guinea,South Africa,1,4,5,1,4,ext,6
25,73898641,Comoros,Algeria,0,1,1,0,1,ext,6
25,73898643,Tanzania,Tunisia,0,0,0,0,0,nul,6
25,73898644,Nigeria,Botswana,4,0,4,4,0,dom,6
25,73898645,Egypt,Ivory Coast,1,0,1,1,0,dom,6
26,73898647,Burkina Faso,Comoros,0,0,0,0,0,nul,6
26,73898649,DR Congo,Cameroon,1,0,1,1,0,dom,6
26,73898650,Algeria,Tanzania,3,0,3,3,0,dom,6
26,73898652,Ivory Coast,Zambia,3,0,3,3,0,dom,6
26,73898653,Egypt,Nigeria,0,0,0,0,0,nul,6
26,73898654,Mozambique,Morocco,0,1,1,0,1,ext,6
26,73898655,Mali,Gabon,0,0,0,0,0,nul,6
26,73898656,Tunisia,Angola,5,1,6,5,1,dom,6
26,73898657,Zimbabwe,Sudan,4,0,4,4,0,dom,6
27,73898658,Mali,Tunisia,2,1,3,2,1,,0,,,0,0,0,dom,6
27,73898659,Gabon,Zimbabwe,0,0,0,0,0,,0,,,0,0,0,nul,6
27,73898660,Tanzania,Burkina Faso,0,1,1,0,1,,0,,,0,0,0,ext,6
27,73898661,Zambia,Nigeria,0,0,0,0,0,,0,,,0,0,0,nul,6
27,73898662,Sudan,Mozambique,0,2,2,0,2,,0,,,0,0,0,ext,6
27,73898663,Benin,Botswana,1,1,2,1,1,,0,,,0,0,0,nul,6
27,73898664,Equatorial Guinea,Egypt,0,0,0,0,0,,0,,,0,0,0,nul,6
27,73898665,Uganda,Ivory Coast,0,0,0,0,0,,0,,,0,0,0,nul,6
27,73898666,Angola,Algeria,1,1,2,1,1,,0,,,0,0,0,nul,6
27,73898667,Comoros,Senegal,0,1,1,0,1,,0,,,0,0,0,ext,6
27,73898668,Morocco,DR Congo,1,1,2,1,1,,0,,,0,0,0,nul,6
27,73898669,Cameroon,South Africa,4,1,5,4,1,,0,,,0,0,0,dom,6
28,73898670,Ivory Coast,Comoros,1,0,1,1,0,dom,6
28,73898671,Senegal,Tanzania,0,0,0,0,0,nul,6
28,73898672,Algeria,Mali,0,0,0,0,0,nul,6
28,73898673,Tunisia,Gabon,5,1,6,5,1,dom,6
28,73898674,DR Congo,Sudan,3,0,3,3,0,dom,6
28,73898675,Nigeria,Uganda,0,2,2,0,2,ext,6
28,73898677,Zambia,Equatorial Guinea,5,0,5,5,0,dom,6
28,73898678,Burkina Faso,Angola,2,1,3,2,1,dom,6
28,73898679,Mozambique,Zimbabwe,0,2,2,0,2,ext,6
28,73898680,Botswana,Cameroon,0,0,0,0,0,nul,6
28,73898681,Egypt,Benin,0,0,0,0,0,nul,6
29,73898682,Angola,Senegal,1,1,2,1,1,nul,6
29,73898684,Zimbabwe,DR Congo,2,0,2,2,0,dom,6
29,73898686,Gabon,Mozambique,0,0,0,0,0,nul,6
29,73898687,Mali,Burkina Faso,0,0,0,0,0,nul,6
29,73898691,Tanzania,Ivory Coast,1,1,2,1,1,nul,6
29,73898692,Cameroon,Egypt,3,0,3,3,0,dom,6
29,73898693,Tunisia,Algeria,0,1,1,0,1,ext,6
30,73898694,Zambia,Cameroon,0,0,0,0,0,nul,6
30,73898695,Botswana,Sudan,1,2,3,1,2,ext,6
30,73898696,Algeria,Gabon,2,0,2,2,0,dom,6
30,73898698,South Africa,Zimbabwe,2,0,2,2,0,dom,6
30,73898699,Ivory Coast,Angola,3,0,3,3,0,dom,6
30,73898701,Burkina Faso,Tunisia,0,0,0,0,0,nul,6
30,73898702,Equatorial Guinea,Comoros,1,0,1,1,0,dom,6
30,73898703,Uganda,Benin,1,0,1,1,0,dom,6
30,73898704,Nigeria,Tanzania,2,1,3,2,1,dom,6
30,73898705,Senegal,Mali,0,0,0,0,0,nul,6
31,73898706,Cameroon,Uganda,1,2,3,1,2,ext,6
31,73898707,Comoros,Benin,2,1,3,2,1,dom,6
31,73898708,Morocco,Zambia,1,0,1,1,0,dom,6
31,73898709,Zimbabwe,Botswana,0,1,1,0,1,ext,6
31,73898710,Gabon,DR Congo,2,0,2,2,0,dom,6
31,73898712,Mali,Ivory Coast,0,0,0,0,0,nul,6
31,73898713,Mozambique,South Africa,6,0,6,6,0,dom,6
31,73898714,Angola,Nigeria,0,0,0,0,0,nul,6
31,73898715,Sudan,Egypt,3,1,4,3,1,dom,6
31,73898716,Algeria,Burkina Faso,0,0,0,0,0,nul,6
32,73898718,Benin,Tanzania,2,2,4,2,2,nul,6
32,73898719,Nigeria,Mali,1,0,1,1,0,dom,6
32,73898720,Senegal,Algeria,1,0,1,1,0,dom,6
32,73898721,Burkina Faso,Gabon,3,0,3,3,0,dom,6
32,73898722,Ivory Coast,Tunisia,0,0,0,0,0,nul,6
32,73898726,Zambia,Sudan,2,0,2,2,0,dom,6
32,73898728,Botswana,Mozambique,0,4,4,0,4,ext,6
32,73898729,Comoros,Cameroon,0,0,0,0,0,nul,6
33,73898733,DR Congo,Botswana,1,0,1,1,0,dom,6
33,73898734,Mali,Equatorial Guinea,1,0,1,1,0,dom,6
33,73898736,Morocco,Comoros,0,0,0,0,0,nul,6
34,73898742,Botswana,South Africa,1,2,3,1,2,ext,6
34,73898743,Ivory Coast,Burkina Faso,3,0,3,3,0,dom,6
34,73898744,Senegal,Gabon,0,0,0,0,0,nul,6
34,73898745,Nigeria,Algeria,0,2,2,0,2,ext,6
34,73898748,Equatorial Guinea,Tunisia,0,0,0,0,0,nul,6
34,73898749,Comoros,Sudan,1,0,1,1,0,dom,6
34,73898750,Cameroon,Angola,2,1,3,2,1,dom,6
35,73898754,South Africa,Egypt,0,0,0,0,0,nul,6
35,73898755,Mali,Cameroon,3,0,3,3,0,dom,6
35,73898759,Algeria,Equatorial Guinea,2,1,3,2,1,dom,6
35,73898760,DR Congo,Zambia,2,1,3,2,1,dom,6
35,73898761,Gabon,Botswana,0,0,0,0,0,nul,6
35,73898763,Zimbabwe,Comoros,0,1,1,0,1,ext,6
35,73898764,Mozambique,Uganda,2,0,2,2,0,dom,6
35,73898765,Senegal,Ivory Coast,1,0,1,1,0,dom,6
36,73898766,Zambia,South Africa,0,1,1,0,1,ext,6
36,73898767,Uganda,DR Congo,2,2,4,2,2,nul,6
36,73898768,Nigeria,Senegal,0,0,0,0,0,nul,6
36,73898769,Cameroon,Tunisia,1,0,1,1,0,dom,6
36,73898771,Comoros,Mozambique,0,4,4,0,4,ext,6
36,73898773,Benin,Algeria,2,1,3,2,1,dom,6
36,73898774,Morocco,Mali,0,0,0,0,0,nul,6
36,73898775,Equatorial Guinea,Burkina Faso,2,2,4,2,2,nul,6
36,73898776,Ivory Coast,Gabon,1,1,2,1,1,nul,6
36,73898777,Angola,Sudan,1,1,2,1,1,nul,6
37,73898778,Ivory Coast,Nigeria,0,0,0,0,0,nul,6
37,73898782,Senegal,Equatorial Guinea,3,0,3,3,0,dom,6
37,73898783,Mozambique,Tanzania,0,1,1,0,1,ext,6
37,73898784,Mali,Sudan,6,0,6,6,0,dom,6
37,73898785,Zimbabwe,Angola,1,0,1,1,0,dom,6
37,73898786,Gabon,Egypt,1,5,6,1,5,ext,6
37,73898787,DR Congo,Comoros,0,1,1,0,1,ext,6
38,73898790,Nigeria,Gabon,1,1,2,1,1,nul,6
38,73898791,Angola,Mozambique,1,1,2,1,1,nul,6
38,73898792,Equatorial Guinea,Ivory Coast,2,1,3,2,1,dom,6
38,73898793,Benin,Senegal,1,1,2,1,1,nul,6
38,73898794,Cameroon,Burkina Faso,1,2,3,1,2,ext,6
38,73898796,Comoros,South Africa,0,1,1,0,1,ext,6
38,73898797,Morocco,Algeria,2,1,3,2,1,dom,6
38,73898800,Zambia,Egypt,0,0,0,0,0,nul,6
39,73898804,Ivory Coast,Benin,1,1,2,1,1,nul,6
39,73898806,Gabon,Zambia,2,1,3,2,1,dom,6
39,73898808,Burkina Faso,Morocco,0,0,0,0,0,nul,6
39,73898809,Tunisia,Zimbabwe,0,3,3,0,3,ext,6
39,73898810,Botswana,Comoros,3,1,4,3,1,dom,6
39,73898811,Mozambique,Mali,3,0,3,3,0,dom,6
39,73898812,Nigeria,Equatorial Guinea,0,1,1,0,1,ext,6
40,73898814,Equatorial Guinea,Gabon,0,0,0,0,0,nul,6
40,73898815,Angola,South Africa,2,0,2,2,0,dom,6
40,73898817,Tanzania,Botswana,2,1,3,2,1,dom,6
40,73898818,Comoros,Egypt,2,1,3,2,1,dom,6
40,73898820,Cameroon,Ivory Coast,4,0,4,4,0,dom,6
40,73898821,Zimbabwe,Algeria,4,0,4,4,0,dom,6
40,73898822,Morocco,Senegal,1,1,2,1,1,nul,6
40,73898823,Sudan,Burkina Faso,0,4,4,0,4,ext,6
40,73898825,Mali,DR Congo,1,3,4,1,3,ext,6
41,73898826,Senegal,Sudan,1,1,2,1,1,nul,6
41,73898827,South Africa,Mali,3,0,3,3,0,dom,6
41,73898828,Zambia,Comoros,0,0,0,0,0,nul,6
41,73898829,Equatorial Guinea,Benin,0,1,1,0,1,ext,6
41,73898830,DR Congo,Tunisia,0,1,1,0,1,ext,6
41,73898831,Egypt,Tanzania,1,0,1,1,0,dom,6
41,73898832,Gabon,Uganda,0,0,0,0,0,nul,6
41,73898835,Botswana,Angola,0,0,0,0,0,nul,6
41,73898836,Algeria,Mozambique,0,0,0,0,0,nul,6
41,73898837,Nigeria,Cameroon,0,3,3,0,3,ext,6
42,73898839,Algeria,DR Congo,2,1,3,2,1,dom,6
42,73898840,Angola,Egypt,2,2,4,2,2,nul,6
42,73898843,Tanzania,Zambia,3,0,3,3,0,dom,6
42,73898846,Benin,Gabon,0,0,0,0,0,nul,6
42,73898847,Cameroon,Equatorial Guinea,0,0,0,0,0,nul,6
42,73898848,Comoros,Uganda,1,2,3,1,2,ext,6
43,73898850,Ivory Coast,Zimbabwe,0,0,0,0,0,nul,6
43,73898851,Burkina Faso,DR Congo,1,0,1,1,0,dom,6
43,73898852,Gabon,Comoros,1,1,2,1,1,nul,6
43,73898853,Egypt,Mali,1,2,3,1,2,ext,6
43,73898855,South Africa,Algeria,0,0,0,0,0,nul,6
43,73898857,Senegal,Mozambique,1,0,1,1,0,dom,6
43,73898858,Benin,Cameroon,0,0,0,0,0,nul,6
43,73898859,Zambia,Angola,0,0,0,0,0,nul,6
43,73898861,Uganda,Tanzania,0,0,0,0,0,nul,6
44,73898862,DR Congo,Senegal,0,0,0,0,0,nul,6
44,73898863,Angola,Uganda,1,0,1,1,0,dom,6
44,73898864,Mali,Zambia,0,0,0,0,0,nul,6
44,73898867,Mozambique,Ivory Coast,3,0,3,3,0,dom,6
44,73898870,Sudan,Equatorial Guinea,0,0,0,0,0,nul,6
44,73898872,Burkina Faso,South Africa,2,1,3,2,1,dom,6
44,73898873,Morocco,Benin,0,1,1,0,1,ext,6
45,73898875,Equatorial Guinea,Zimbabwe,0,0,0,0,0,nul,6
45,73898876,Botswana,Burkina Faso,0,0,0,0,0,nul,6
45,73898877,Senegal,South Africa,0,0,0,0,0,nul,6
45,73898879,Egypt,Algeria,1,0,1,1,0,dom,6
45,73898881,Ivory Coast,DR Congo,0,1,1,0,1,ext,6
45,73898884,Uganda,Mali,2,0,2,2,0,dom,6
46,73898887,Zimbabwe,Benin,0,0,0,0,0,nul,6
46,73898888,Burkina Faso,Egypt,3,0,3,3,0,dom,6
46,73898890,DR Congo,Nigeria,0,0,0,0,0,nul,6
46,73898891,Mali,Comoros,5,0,5,5,0,dom,6
46,73898892,Morocco,Gabon,2,2,4,2,2,nul,6
46,73898893,Sudan,Cameroon,3,0,3,3,0,dom,6
1,73904412,Sudan,Algeria,2,0,2,2,0,dom,7
1,73904413,Nigeria,Uganda,2,1,3,2,1,dom,7
1,73904415,Benin,Comoros,0,0,0,0,0,nul,7
1,73904421,Senegal,Ivory Coast,1,0,1,1,0,dom,7
1,73904423,Burkina Faso,South Africa,1,0,1,1,0,dom,7
2,73904424,Burkina Faso,Morocco,2,1,3,2,1,dom,7
2,73904425,Uganda,Mali,0,0,0,0,0,nul,7
2,73904426,Ivory Coast,Sudan,0,0,0,0,0,nul,7
2,73904428,Zimbabwe,Benin,2,1,3,2,1,dom,7
2,73904429,Algeria,Nigeria,3,0,3,3,0,dom,7
2,73904431,South Africa,Zambia,0,0,0,0,0,nul,7
2,73904434,Botswana,Senegal,4,0,4,4,0,dom,7
3,73904436,Benin,Mozambique,1,1,2,1,1,,0,,,0,0,0,nul,7
3,73904437,Cameroon,Egypt,0,0,0,0,0,,0,,,0,0,0,nul,7
3,73904438,Tanzania,Equatorial Guinea,0,0,0,0,0,,0,,,0,0,0,nul,7
3,73904439,Comoros,Uganda,1,1,2,1,1,,0,,,0,0,0,nul,7
3,73904440,Nigeria,Ivory Coast,2,3,5,2,3,,0,,,0,0,0,ext,7
3,73904441,Senegal,Burkina Faso,2,0,2,2,0,,0,,,0,0,0,dom,7
3,73904442,Gabon,South Africa,0,0,0,0,0,,0,,,0,0,0,nul,7
3,73904443,DR Congo,Tunisia,0,0,0,0,0,,0,,,0,0,0,nul,7
3,73904444,Mali,Algeria,0,2,2,0,2,,0,,,0,0,0,ext,7
3,73904445,Zimbabwe,Angola,0,0,0,0,0,,0,,,0,0,0,nul,7
3,73904446,Sudan,Botswana,0,1,1,0,1,,0,,,0,0,0,ext,7
3,73904447,Zambia,Morocco,1,1,2,1,1,,0,,,0,0,0,nul,7
4,73904448,Equatorial Guinea,Cameroon,0,0,0,0,0,nul,7
4,73904450,Egypt,Zimbabwe,1,0,1,1,0,dom,7
4,73904452,Burkina Faso,Sudan,6,0,6,6,0,dom,7
4,73904455,Uganda,Mozambique,1,1,2,1,1,nul,7
4,73904457,Zambia,Senegal,0,0,0,0,0,nul,7
4,73904458,Algeria,Comoros,3,0,3,3,0,dom,7
5,73904464,Sudan,Zambia,1,1,2,1,1,nul,7
5,73904465,Cameroon,Tunisia,0,0,0,0,0,nul,7
5,73904466,Mozambique,Algeria,0,0,0,0,0,nul,7
5,73904467,Nigeria,Burkina Faso,1,1,2,1,1,nul,7
5,73904469,Angola,Egypt,0,1,1,0,1,ext,7
5,73904471,Gabon,Senegal,5,0,5,5,0,dom,7
6,73904472,Egypt,Benin,4,0,4,4,0,,0,,,0,0,0,dom,7
6,73904473,Gabon,Sudan,1,0,1,1,0,,0,,,0,0,0,dom,7
6,73904474,Algeria,Uganda,3,0,3,3,0,,0,,,0,0,0,dom,7
6,73904475,Tunisia,Zimbabwe,0,0,0,0,0,,0,,,0,0,0,nul,7
6,73904476,Ivory Coast,Mozambique,0,0,0,0,0,,0,,,0,0,0,nul,7
6,73904477,Botswana,Comoros,0,1,1,0,1,,0,,,0,0,0,ext,7
6,73904478,Zambia,Nigeria,0,3,3,0,3,,0,,,0,0,0,ext,7
6,73904479,Equatorial Guinea,Angola,0,0,0,0,0,,0,,,0,0,0,nul,7
6,73904480,Burkina Faso,Mali,0,1,1,0,1,,0,,,0,0,0,ext,7
6,73904481,Morocco,Tanzania,2,0,2,2,0,,0,,,0,0,0,dom,7
6,73904482,South Africa,Cameroon,2,0,2,2,0,,0,,,0,0,0,dom,7
6,73904483,Senegal,DR Congo,1,1,2,1,1,,0,,,0,0,0,nul,7
7,73904484,Angola,Tunisia,0,1,1,0,1,,0,,,0,0,0,ext,7
7,73904485,Zimbabwe,South Africa,2,1,3,2,1,,0,,,0,0,0,dom,7
7,73904486,Egypt,Equatorial Guinea,1,0,1,1,0,,0,,,0,0,0,dom,7
7,73904487,Tanzania,Senegal,0,0,0,0,0,,0,,,0,0,0,nul,7
7,73904488,Comoros,Burkina Faso,0,0,0,0,0,,0,,,0,0,0,nul,7
7,73904489,Cameroon,Morocco,1,4,5,1,4,,0,,,0,0,0,ext,7
7,73904490,Uganda,Ivory Coast,2,0,2,2,0,,0,,,0,0,0,dom,7
7,73904491,Mali,Zambia,1,0,1,1,0,,0,,,0,0,0,dom,7
7,73904492,Benin,Algeria,3,1,4,3,1,,0,,,0,0,0,dom,7
7,73904493,DR Congo,Sudan,0,0,0,0,0,,0,,,0,0,0,nul,7
7,73904494,Mozambique,Botswana,0,0,0,0,0,,0,,,0,0,0,nul,7
7,73904495,Nigeria,Gabon,0,0,0,0,0,,0,,,0,0,0,nul,7
8,73904496,Sudan,Tanzania,0,0,0,0,0,nul,7
8,73904498,Equatorial Guinea,Benin,1,0,1,1,0,dom,7
8,73904502,Zambia,Comoros,2,4,6,2,4,ext,7
8,73904504,Senegal,Cameroon,1,1,2,1,1,nul,7
8,73904505,Botswana,Uganda,0,0,0,0,0,nul,7
9,73904508,Uganda,Burkina Faso,4,0,4,4,0,dom,7
9,73904509,Egypt,South Africa,0,1,1,0,1,ext,7
9,73904510,Mozambique,Zambia,1,0,1,1,0,dom,7
9,73904511,Cameroon,Sudan,1,0,1,1,0,dom,7
9,73904512,Angola,Morocco,1,0,1,1,0,dom,7
9,73904513,Mali,DR Congo,2,0,2,2,0,dom,7
9,73904517,Comoros,Gabon,2,0,2,2,0,dom,7
9,73904519,Tanzania,Nigeria,1,1,2,1,1,nul,7
10,73904520,Nigeria,Cameroon,0,0,0,0,0,nul,7
10,73904522,Tanzania,Mali,0,0,0,0,0,nul,7
10,73904524,DR Congo,Comoros,0,0,0,0,0,nul,7
10,73904526,Sudan,Zimbabwe,0,1,1,0,1,ext,7
10,73904527,Zambia,Uganda,0,0,0,0,0,nul,7
10,73904529,Botswana,Ivory Coast,1,1,2,1,1,nul,7
10,73904530,Morocco,Egypt,0,2,2,0,2,ext,7
10,73904531,Tunisia,Benin,2,1,3,2,1,dom,7
11,73904532,Comoros,Tanzania,1,0,1,1,0,,0,,,0,0,0,dom,7
11,73904533,Algeria,Zambia,0,1,1,0,1,,0,,,0,0,0,ext,7
11,73904534,Mozambique,DR Congo,1,2,3,1,2,,0,,,0,0,0,ext,7
11,73904535,Benin,Botswana,0,0,0,0,0,,0,,,0,0,0,nul,7
11,73904536,Equatorial Guinea,Morocco,1,2,3,1,2,,0,,,0,0,0,ext,7
11,73904537,Uganda,Gabon,0,4,4,0,4,,0,,,0,0,0,ext,7
11,73904538,Egypt,Senegal,0,0,0,0,0,,0,,,0,0,0,nul,7
11,73904539,Tunisia,South Africa,1,1,2,1,1,,0,,,0,0,0,nul,7
11,73904540,Zimbabwe,Nigeria,1,0,1,1,0,,0,,,0,0,0,dom,7
11,73904541,Ivory Coast,Burkina Faso,3,0,3,3,0,,0,,,0,0,0,dom,7
11,73904542,Cameroon,Mali,0,0,0,0,0,,0,,,0,0,0,nul,7
11,73904543,Angola,Sudan,2,0,2,2,0,,0,,,0,0,0,dom,7
12,73904544,Gabon,Algeria,0,0,0,0,0,,0,,,0,0,0,nul,7
12,73904545,Burkina Faso,Botswana,0,0,0,0,0,,0,,,0,0,0,nul,7
12,73904546,Senegal,Equatorial Guinea,3,0,3,3,0,,0,,,0,0,0,dom,7
12,73904547,DR Congo,Uganda,2,0,2,2,0,,0,,,0,0,0,dom,7
12,73904548,Nigeria,Angola,1,0,1,1,0,,0,,,0,0,0,dom,7
12,73904549,Mali,Zimbabwe,1,0,1,1,0,,0,,,0,0,0,dom,7
12,73904550,Cameroon,Comoros,0,1,1,0,1,,0,,,0,0,0,ext,7
12,73904551,Tanzania,Mozambique,1,1,2,1,1,,0,,,0,0,0,nul,7
12,73904552,Zambia,Ivory Coast,1,0,1,1,0,,0,,,0,0,0,dom,7
12,73904553,Morocco,Tunisia,0,0,0,0,0,,0,,,0,0,0,nul,7
12,73904554,Sudan,Egypt,1,1,2,1,1,,0,,,0,0,0,nul,7
12,73904555,South Africa,Benin,4,0,4,4,0,,0,,,0,0,0,dom,7
13,73904556,Angola,Mali,0,1,1,0,1,ext,7
13,73904557,Tunisia,Senegal,0,0,0,0,0,nul,7
13,73904558,Mozambique,Cameroon,0,0,0,0,0,nul,7
13,73904560,Uganda,Tanzania,4,1,5,4,1,dom,7
13,73904562,Equatorial Guinea,Sudan,1,0,1,1,0,dom,7
13,73904563,Egypt,Nigeria,1,2,3,1,2,ext,7
13,73904566,Benin,Burkina Faso,0,0,0,0,0,nul,7
14,73904568,Zimbabwe,Mozambique,1,0,1,1,0,dom,7
14,73904569,Senegal,South Africa,5,0,5,5,0,dom,7
14,73904570,Zambia,Burkina Faso,0,0,0,0,0,nul,7
14,73904571,Tanzania,Algeria,0,2,2,0,2,ext,7
14,73904572,Morocco,Benin,3,0,3,3,0,dom,7
14,73904575,Comoros,Angola,2,0,2,2,0,dom,7
14,73904577,Mali,Egypt,3,2,5,3,2,dom,7
14,73904579,DR Congo,Ivory Coast,1,1,2,1,1,nul,7
15,73904580,Burkina Faso,Gabon,3,1,4,3,1,dom,7
15,73904581,Morocco,Senegal,2,0,2,2,0,dom,7
15,73904582,Botswana,DR Congo,0,0,0,0,0,nul,7
15,73904584,Benin,Zambia,2,1,3,2,1,dom,7
15,73904585,Angola,Mozambique,0,1,1,0,1,ext,7
15,73904587,Tunisia,Nigeria,3,0,3,3,0,dom,7
15,73904588,Uganda,Zimbabwe,0,0,0,0,0,nul,7
15,73904589,Ivory Coast,Tanzania,3,0,3,3,0,dom,7
15,73904590,South Africa,Sudan,3,0,3,3,0,dom,7
16,73904593,Cameroon,Ivory Coast,0,0,0,0,0,nul,7
16,73904594,Comoros,Equatorial Guinea,0,1,1,0,1,ext,7
16,73904596,Sudan,Morocco,0,3,3,0,3,ext,7
16,73904597,Angola,Uganda,1,2,3,1,2,ext,7
16,73904598,Tanzania,Botswana,1,0,1,1,0,dom,7
16,73904599,Nigeria,South Africa,1,0,1,1,0,dom,7
16,73904602,Zimbabwe,Algeria,0,1,1,0,1,ext,7
16,73904603,Mali,Tunisia,0,0,0,0,0,nul,7
17,73904605,Burkina Faso,Tanzania,0,1,1,0,1,ext,7
17,73904607,Zambia,DR Congo,0,0,0,0,0,nul,7
17,73904608,Egypt,Uganda,0,1,1,0,1,ext,7
17,73904609,Benin,Gabon,1,1,2,1,1,nul,7
17,73904610,Ivory Coast,Zimbabwe,1,0,1,1,0,dom,7
17,73904611,South Africa,Mali,0,0,0,0,0,nul,7
17,73904613,Botswana,Cameroon,0,1,1,0,1,ext,7
17,73904615,Tunisia,Comoros,1,1,2,1,1,nul,7
18,73904617,Tanzania,Zambia,0,2,2,0,2,ext,7
18,73904618,Uganda,Equatorial Guinea,1,1,2,1,1,nul,7
18,73904620,Comoros,South Africa,0,0,0,0,0,nul,7
18,73904626,Angola,Ivory Coast,0,1,1,0,1,ext,7
19,73904628,Equatorial Guinea,Algeria,1,1,2,1,1,nul,7
19,73904629,Zambia,Cameroon,2,0,2,2,0,dom,7
19,73904630,Sudan,Nigeria,0,1,1,0,1,ext,7
19,73904631,Tunisia,Uganda,1,0,1,1,0,dom,7
19,73904632,Burkina Faso,Zimbabwe,1,1,2,1,1,nul,7
19,73904633,Ivory Coast,Egypt,0,0,0,0,0,nul,7
19,73904634,Benin,DR Congo,0,0,0,0,0,nul,7
19,73904636,Senegal,Mali,0,0,0,0,0,nul,7
19,73904637,Morocco,Comoros,4,0,4,4,0,dom,7
20,73904641,Zimbabwe,Zambia,0,0,0,0,0,nul,7
20,73904642,Comoros,Senegal,0,3,3,0,3,ext,7
20,73904643,Egypt,Botswana,0,3,3,0,3,ext,7
20,73904646,Mali,Sudan,3,0,3,3,0,dom,7
20,73904649,Nigeria,Benin,1,0,1,1,0,dom,7
20,73904650,Algeria,Tunisia,1,0,1,1,0,dom,7
20,73904651,Cameroon,Gabon,2,0,2,2,0,dom,7
21,73904652,Tunisia,Ivory Coast,0,0,0,0,0,nul,7
21,73904653,Morocco,Uganda,2,2,4,2,2,nul,7
21,73904655,South Africa,Algeria,2,1,3,2,1,dom,7
21,73904656,Botswana,Equatorial Guinea,0,3,3,0,3,ext,7
21,73904657,Benin,Tanzania,0,0,0,0,0,nul,7
21,73904658,Senegal,Mozambique,1,0,1,1,0,dom,7
21,73904661,Burkina Faso,Egypt,0,3,3,0,3,ext,7
21,73904663,Sudan,Comoros,2,3,5,2,3,ext,7
22,73904664,Algeria,Morocco,2,0,2,2,0,dom,7
22,73904665,Zimbabwe,DR Congo,0,0,0,0,0,nul,7
22,73904666,Tunisia,Botswana,0,0,0,0,0,nul,7
22,73904667,Egypt,Zambia,1,0,1,1,0,dom,7
22,73904668,Comoros,Nigeria,0,0,0,0,0,nul,7
22,73904671,Ivory Coast,South Africa,0,0,0,0,0,nul,7
22,73904672,Mozambique,Sudan,0,0,0,0,0,nul,7
22,73904673,Equatorial Guinea,Burkina Faso,1,1,2,1,1,nul,7
22,73904674,Mali,Benin,0,0,0,0,0,nul,7
22,73904675,Uganda,Senegal,3,1,4,3,1,dom,7
23,73904677,Senegal,Algeria,0,1,1,0,1,ext,7
23,73904679,Mali,Comoros,1,0,1,1,0,dom,7
23,73904681,South Africa,Botswana,0,0,0,0,0,nul,7
23,73904682,Gabon,Egypt,0,0,0,0,0,nul,7
23,73904683,Zambia,Equatorial Guinea,1,0,1,1,0,dom,7
23,73904684,Sudan,Uganda,2,0,2,2,0,dom,7
23,73904685,DR Congo,Angola,1,3,4,1,3,ext,7
23,73904686,Benin,Cameroon,0,2,2,0,2,ext,7
24,73904688,Algeria,Sudan,5,0,5,5,0,dom,7
24,73904689,Uganda,Nigeria,0,1,1,0,1,ext,7
24,73904691,Comoros,Benin,1,0,1,1,0,dom,7
24,73904697,Ivory Coast,Senegal,1,0,1,1,0,dom,7
24,73904699,South Africa,Burkina Faso,1,1,2,1,1,nul,7
25,73904700,Morocco,Burkina Faso,1,3,4,1,3,ext,7
25,73904701,Mali,Uganda,0,0,0,0,0,nul,7
25,73904702,Sudan,Ivory Coast,1,1,2,1,1,nul,7
25,73904704,Benin,Zimbabwe,3,1,4,3,1,dom,7
25,73904705,Nigeria,Algeria,1,0,1,1,0,dom,7
25,73904710,Senegal,Botswana,1,0,1,1,0,dom,7
26,73904712,Mozambique,Benin,1,0,1,1,0,dom,7
26,73904713,Egypt,Cameroon,1,0,1,1,0,dom,7
26,73904715,Uganda,Comoros,1,0,1,1,0,dom,7
26,73904716,Ivory Coast,Nigeria,1,0,1,1,0,dom,7
26,73904717,Burkina Faso,Senegal,1,2,3,1,2,ext,7
26,73904718,South Africa,Gabon,1,1,2,1,1,nul,7
26,73904719,Tunisia,DR Congo,0,0,0,0,0,nul,7
26,73904722,Botswana,Sudan,1,0,1,1,0,dom,7
26,73904723,Morocco,Zambia,5,0,5,5,0,dom,7
27,73904724,Cameroon,Equatorial Guinea,1,1,2,1,1,nul,7
27,73904726,Zimbabwe,Egypt,1,0,1,1,0,dom,7
27,73904728,Sudan,Burkina Faso,0,3,3,0,3,ext,7
27,73904731,Mozambique,Uganda,0,0,0,0,0,nul,7
27,73904732,Tanzania,Tunisia,0,2,2,0,2,ext,7
27,73904733,Senegal,Zambia,0,0,0,0,0,nul,7
27,73904734,Comoros,Algeria,2,0,2,2,0,dom,7
28,73904740,Zambia,Sudan,0,3,3,0,3,ext,7
28,73904741,Tunisia,Cameroon,4,0,4,4,0,dom,7
28,73904742,Algeria,Mozambique,0,0,0,0,0,nul,7
28,73904743,Burkina Faso,Nigeria,3,0,3,3,0,dom,7
28,73904745,Egypt,Angola,3,0,3,3,0,dom,7
28,73904747,Senegal,Gabon,1,0,1,1,0,dom,7
29,73904752,Mozambique,Ivory Coast,0,0,0,0,0,nul,7
29,73904754,Nigeria,Zambia,0,1,1,0,1,ext,7
29,73904757,Tanzania,Morocco,1,1,2,1,1,nul,7
29,73904758,Cameroon,South Africa,3,0,3,3,0,dom,7
30,73904762,Equatorial Guinea,Egypt,4,0,4,4,0,dom,7
30,73904763,Senegal,Tanzania,1,1,2,1,1,nul,7
30,73904766,Ivory Coast,Uganda,1,1,2,1,1,nul,7
30,73904768,Algeria,Benin,0,2,2,0,2,ext,7
30,73904769,Sudan,DR Congo,0,0,0,0,0,nul,7
30,73904770,Botswana,Mozambique,0,0,0,0,0,nul,7
30,73904771,Gabon,Nigeria,0,0,0,0,0,nul,7
31,73904772,Tanzania,Sudan,1,2,3,1,2,ext,7
31,73904778,Comoros,Zambia,0,0,0,0,0,nul,7
31,73904780,Cameroon,Senegal,0,0,0,0,0,nul,7
32,73904785,South Africa,Egypt,0,0,0,0,0,nul,7
32,73904787,Sudan,Cameroon,1,0,1,1,0,dom,7
32,73904789,DR Congo,Mali,0,1,1,0,1,ext,7
32,73904790,Ivory Coast,Benin,4,0,4,4,0,dom,7
32,73904793,Gabon,Comoros,0,1,1,0,1,ext,7
32,73904795,Nigeria,Tanzania,0,1,1,0,1,ext,7
33,73904796,Cameroon,Nigeria,0,0,0,0,0,nul,7
33,73904798,Mali,Tanzania,1,0,1,1,0,dom,7
33,73904800,Comoros,DR Congo,1,0,1,1,0,dom,7
33,73904802,Zimbabwe,Sudan,0,0,0,0,0,nul,7
33,73904803,Uganda,Zambia,0,0,0,0,0,nul,7
33,73904805,Ivory Coast,Botswana,0,0,0,0,0,nul,7
33,73904806,Egypt,Morocco,0,0,0,0,0,nul,7
33,73904807,Benin,Tunisia,0,0,0,0,0,nul,7
34,73904808,Tanzania,Comoros,1,2,3,1,2,ext,7
34,73904810,DR Congo,Mozambique,0,0,0,0,0,nul,7
34,73904811,Botswana,Benin,0,2,2,0,2,ext,7
34,73904812,Morocco,Equatorial Guinea,0,0,0,0,0,nul,7
34,73904813,Gabon,Uganda,1,2,3,1,2,ext,7
34,73904814,Senegal,Egypt,0,0,0,0,0,nul,7
34,73904815,South Africa,Tunisia,1,0,1,1,0,dom,7
35,73904822,Equatorial Guinea,Senegal,0,0,0,0,0,nul,7
35,73904825,Zimbabwe,Mali,2,1,3,2,1,dom,7
35,73904826,Comoros,Cameroon,2,1,3,2,1,dom,7
35,73904827,Mozambique,Tanzania,0,0,0,0,0,nul,7
35,73904830,Egypt,Sudan,2,0,2,2,0,dom,7
36,73904832,Mali,Angola,0,1,1,0,1,ext,7
36,73904833,Senegal,Tunisia,2,2,4,2,2,nul,7
36,73904834,Cameroon,Mozambique,0,0,0,0,0,nul,7
36,73904836,Tanzania,Uganda,2,0,2,2,0,dom,7
36,73904839,Nigeria,Egypt,2,1,3,2,1,dom,7
37,73904844,Mozambique,Zimbabwe,1,0,1,1,0,dom,7
37,73904845,South Africa,Senegal,1,1,2,1,1,nul,7
37,73904846,Burkina Faso,Zambia,1,0,1,1,0,dom,7
37,73904847,Algeria,Tanzania,1,0,1,1,0,dom,7
37,73904848,Benin,Morocco,1,0,1,1,0,dom,7
37,73904849,Equatorial Guinea,Nigeria,2,1,3,2,1,dom,7
37,73904851,Angola,Comoros,1,1,2,1,1,nul,7
37,73904853,Egypt,Mali,3,0,3,3,0,dom,7
37,73904855,Ivory Coast,DR Congo,0,1,1,0,1,ext,7
38,73904856,Gabon,Burkina Faso,1,1,2,1,1,nul,7
38,73904857,Senegal,Morocco,1,1,2,1,1,nul,7
38,73904858,DR Congo,Botswana,2,1,3,2,1,dom,7
38,73904860,Zambia,Benin,1,2,3,1,2,ext,7
38,73904861,Mozambique,Angola,1,4,5,1,4,ext,7
38,73904863,Nigeria,Tunisia,2,1,3,2,1,dom,7
38,73904864,Zimbabwe,Uganda,1,0,1,1,0,dom,7
38,73904865,Tanzania,Ivory Coast,1,1,2,1,1,nul,7
38,73904866,Sudan,South Africa,0,0,0,0,0,nul,7
39,73904869,Ivory Coast,Cameroon,1,0,1,1,0,dom,7
39,73904870,Equatorial Guinea,Comoros,1,1,2,1,1,nul,7
39,73904872,Morocco,Sudan,2,1,3,2,1,dom,7
39,73904873,Uganda,Angola,0,0,0,0,0,nul,7
39,73904874,Botswana,Tanzania,0,0,0,0,0,nul,7
39,73904875,South Africa,Nigeria,0,3,3,0,3,ext,7
39,73904878,Algeria,Zimbabwe,0,1,1,0,1,ext,7
40,73904881,Tanzania,Burkina Faso,2,0,2,2,0,dom,7
40,73904884,Uganda,Egypt,2,1,3,2,1,dom,7
40,73904885,Gabon,Benin,1,0,1,1,0,dom,7
40,73904886,Zimbabwe,Ivory Coast,4,0,4,4,0,dom,7
40,73904887,Mali,South Africa,4,0,4,4,0,dom,7
40,73904889,Cameroon,Botswana,0,4,4,0,4,ext,7
40,73904891,Comoros,Tunisia,1,3,4,1,3,ext,7
41,73904894,Equatorial Guinea,Uganda,0,0,0,0,0,nul,7
41,73904896,South Africa,Comoros,0,1,1,0,1,ext,7
41,73904902,Ivory Coast,Angola,0,0,0,0,0,nul,7
42,73904904,Algeria,Equatorial Guinea,3,0,3,3,0,dom,7
42,73904906,Nigeria,Sudan,0,0,0,0,0,nul,7
42,73904907,Uganda,Tunisia,0,1,1,0,1,ext,7
42,73904908,Zimbabwe,Burkina Faso,1,1,2,1,1,nul,7
42,73904909,Egypt,Ivory Coast,0,0,0,0,0,nul,7
42,73904910,DR Congo,Benin,1,0,1,1,0,dom,7
42,73904912,Mali,Senegal,0,1,1,0,1,ext,7
42,73904913,Comoros,Morocco,0,2,2,0,2,ext,7
43,73904916,Morocco,Mozambique,2,1,3,2,1,dom,7
43,73904917,Zambia,Zimbabwe,1,0,1,1,0,dom,7
43,73904918,Senegal,Comoros,2,1,3,2,1,dom,7
43,73904919,Botswana,Egypt,0,2,2,0,2,ext,7
43,73904922,Sudan,Mali,0,0,0,0,0,nul,7
43,73904925,Benin,Nigeria,0,1,1,0,1,ext,7
43,73904926,Tunisia,Algeria,0,0,0,0,0,nul,7
43,73904927,Gabon,Cameroon,0,0,0,0,0,nul,7
44,73904928,Ivory Coast,Tunisia,0,0,0,0,0,nul,7
44,73904929,Uganda,Morocco,1,0,1,1,0,dom,7
44,73904931,Algeria,South Africa,3,1,4,3,1,dom,7
44,73904932,Equatorial Guinea,Botswana,1,1,2,1,1,nul,7
44,73904933,Tanzania,Benin,3,0,3,3,0,dom,7
44,73904934,Mozambique,Senegal,1,2,3,1,2,ext,7
44,73904937,Egypt,Burkina Faso,3,1,4,3,1,dom,7
44,73904939,Comoros,Sudan,0,1,1,0,1,ext,7
45,73904940,Morocco,Algeria,1,1,2,1,1,nul,7
45,73904941,DR Congo,Zimbabwe,0,0,0,0,0,nul,7
45,73904942,Botswana,Tunisia,0,0,0,0,0,nul,7
45,73904943,Zambia,Egypt,0,0,0,0,0,nul,7
45,73904947,South Africa,Ivory Coast,0,1,1,0,1,ext,7
45,73904948,Sudan,Mozambique,4,0,4,4,0,dom,7
45,73904949,Burkina Faso,Equatorial Guinea,0,0,0,0,0,nul,7
45,73904950,Benin,Mali,2,0,2,2,0,dom,7
45,73904951,Senegal,Uganda,2,1,3,2,1,dom,7
46,73904953,Algeria,Senegal,0,0,0,0,0,nul,7
46,73904955,Comoros,Mali,1,1,2,1,1,nul,7
46,73904957,Botswana,South Africa,5,0,5,5,0,dom,7
46,73904958,Egypt,Gabon,2,2,4,2,2,nul,7
46,73904959,Equatorial Guinea,Zambia,3,0,3,3,0,dom,7
46,73904960,Uganda,Sudan,4,0,4,4,0,dom,7
46,73904961,Angola,DR Congo,3,0,3,3,0,dom,7
46,73904962,Cameroon,Benin,2,0,2,2,0,dom,7
1,73909447,Cameroon,Gabon,2,0,2,2,0,dom,8
1,73909449,Uganda,Mozambique,0,0,0,0,0,nul,8
1,73909453,Tanzania,Zimbabwe,2,0,2,2,0,dom,8
1,73909454,Burkina Faso,Senegal,2,0,2,2,0,dom,8
1,73909455,Equatorial Guinea,Egypt,0,3,3,0,3,ext,8
1,73909457,Comoros,Algeria,0,0,0,0,0,nul,8
1,73909458,Angola,Mali,1,0,1,1,0,dom,8
2,73909459,Egypt,Cameroon,2,1,3,2,1,dom,8
2,73909460,Gabon,Sudan,0,0,0,0,0,nul,8
2,73909462,Morocco,Angola,2,0,2,2,0,dom,8
2,73909463,Ivory Coast,Zambia,2,1,3,2,1,dom,8
2,73909464,Mozambique,Tanzania,3,0,3,3,0,dom,8
2,73909467,Benin,Tunisia,1,0,1,1,0,dom,8
2,73909469,Zimbabwe,Nigeria,4,0,4,4,0,dom,8
2,73909470,South Africa,DR Congo,4,0,4,4,0,dom,8
3,73909471,Cameroon,Algeria,0,0,0,0,0,nul,8
3,73909472,Angola,South Africa,0,1,1,0,1,ext,8
3,73909473,Burkina Faso,DR Congo,1,0,1,1,0,dom,8
3,73909474,Comoros,Botswana,1,0,1,1,0,dom,8
3,73909476,Sudan,Egypt,0,2,2,0,2,ext,8
3,73909477,Tanzania,Mali,0,0,0,0,0,nul,8
3,73909478,Tunisia,Zimbabwe,0,0,0,0,0,nul,8
3,73909481,Equatorial Guinea,Senegal,1,0,1,1,0,dom,8
3,73909482,Zambia,Benin,1,1,2,1,1,nul,8
4,73909483,Morocco,Tanzania,1,0,1,1,0,dom,8
4,73909484,Egypt,Ivory Coast,0,0,0,0,0,nul,8
4,73909485,DR Congo,Comoros,0,1,1,0,1,ext,8
4,73909486,Senegal,Cameroon,1,0,1,1,0,dom,8
4,73909488,South Africa,Uganda,2,0,2,2,0,dom,8
4,73909489,Botswana,Equatorial Guinea,1,1,2,1,1,nul,8
4,73909490,Burkina Faso,Angola,1,1,2,1,1,nul,8
4,73909493,Algeria,Sudan,6,0,6,6,0,dom,8
4,73909494,Mali,Nigeria,0,1,1,0,1,ext,8
5,73909495,Nigeria,Morocco,3,1,4,3,1,dom,8
5,73909497,Comoros,Angola,1,2,3,1,2,ext,8
5,73909498,Equatorial Guinea,DR Congo,1,0,1,1,0,dom,8
5,73909500,Ivory Coast,Algeria,0,0,0,0,0,nul,8
5,73909502,Tunisia,Mali,1,1,2,1,1,nul,8
5,73909503,Sudan,Senegal,1,1,2,1,1,nul,8
5,73909504,Zambia,Zimbabwe,0,1,1,0,1,ext,8
5,73909505,Uganda,Burkina Faso,1,1,2,1,1,nul,8
6,73909507,Botswana,Sudan,0,0,0,0,0,nul,8
6,73909508,Egypt,Zambia,0,0,0,0,0,nul,8
6,73909509,South Africa,Nigeria,0,0,0,0,0,nul,8
6,73909512,Mali,Benin,0,1,1,0,1,ext,8
6,73909513,Algeria,Gabon,6,0,6,6,0,dom,8
6,73909515,Comoros,Uganda,0,0,0,0,0,nul,8
6,73909516,DR Congo,Cameroon,0,1,1,0,1,ext,8
6,73909517,Senegal,Ivory Coast,0,0,0,0,0,nul,8
6,73909518,Angola,Equatorial Guinea,0,0,0,0,0,nul,8
7,73909519,Zambia,Mozambique,0,1,1,0,1,ext,8
7,73909521,Egypt,Algeria,0,1,1,0,1,ext,8
7,73909522,Nigeria,Burkina Faso,3,0,3,3,0,dom,8
7,73909525,Sudan,DR Congo,0,2,2,0,2,ext,8
7,73909526,Gabon,Senegal,1,0,1,1,0,dom,8
7,73909528,Zimbabwe,Mali,0,1,1,0,1,ext,8
7,73909529,Benin,Morocco,2,0,2,2,0,dom,8
7,73909530,Tanzania,Comoros,0,0,0,0,0,nul,8
8,73909533,Burkina Faso,Tunisia,1,0,1,1,0,dom,8
8,73909534,DR Congo,Ivory Coast,0,2,2,0,2,ext,8
8,73909537,Angola,Sudan,2,4,6,2,4,ext,8
9,73909543,Benin,Burkina Faso,4,0,4,4,0,dom,8
9,73909544,Sudan,Uganda,0,1,1,0,1,ext,8
9,73909545,Nigeria,Equatorial Guinea,1,0,1,1,0,dom,8
9,73909548,Ivory Coast,Angola,2,0,2,2,0,dom,8
9,73909551,Mozambique,Morocco,2,0,2,2,0,dom,8
9,73909553,Zambia,Mali,2,0,2,2,0,dom,8
10,73909557,Uganda,Ivory Coast,0,3,3,0,3,ext,8
10,73909558,Senegal,Zambia,1,0,1,1,0,dom,8
10,73909561,Tanzania,Sudan,1,0,1,1,0,dom,8
10,73909564,Morocco,Mali,1,1,2,1,1,nul,8
10,73909566,Cameroon,Nigeria,0,0,0,0,0,nul,8
11,73909567,Zimbabwe,Comoros,1,1,2,1,1,nul,8
11,73909568,Tunisia,Cameroon,0,2,2,0,2,ext,8
11,73909569,Gabon,Uganda,3,0,3,3,0,dom,8
11,73909570,Egypt,Angola,1,1,2,1,1,nul,8
11,73909571,Algeria,DR Congo,3,0,3,3,0,dom,8
11,73909572,Mozambique,Burkina Faso,0,1,1,0,1,ext,8
11,73909575,Zambia,Morocco,4,0,4,4,0,dom,8
11,73909576,Mali,South Africa,0,0,0,0,0,nul,8
11,73909578,Senegal,Botswana,1,0,1,1,0,dom,8
12,73909579,Sudan,Tunisia,1,1,2,1,1,nul,8
12,73909580,Angola,Algeria,1,2,3,1,2,ext,8
12,73909581,Nigeria,Ivory Coast,1,1,2,1,1,nul,8
12,73909582,Equatorial Guinea,Zimbabwe,1,3,4,1,3,ext,8
12,73909585,Uganda,Egypt,4,0,4,4,0,dom,8
12,73909586,Cameroon,Benin,0,1,1,0,1,ext,8
12,73909587,Burkina Faso,Mali,0,2,2,0,2,ext,8
12,73909588,South Africa,Morocco,0,1,1,0,1,ext,8
12,73909589,Tanzania,Gabon,0,0,0,0,0,nul,8
13,73909592,Benin,Sudan,0,0,0,0,0,nul,8
13,73909593,Gabon,Nigeria,0,0,0,0,0,nul,8
13,73909598,Ivory Coast,Tunisia,1,2,3,1,2,ext,8
13,73909600,Zambia,South Africa,2,1,3,2,1,dom,8
13,73909601,Egypt,Tanzania,0,0,0,0,0,nul,8
13,73909602,Zimbabwe,Cameroon,0,1,1,0,1,ext,8
14,73909604,Equatorial Guinea,Mali,0,2,2,0,2,ext,8
14,73909606,Uganda,Senegal,0,0,0,0,0,nul,8
14,73909607,Angola,Botswana,0,1,1,0,1,ext,8
14,73909608,DR Congo,Zambia,0,1,1,0,1,ext,8
14,73909610,Sudan,Zimbabwe,2,2,4,2,2,nul,8
14,73909611,Ivory Coast,Benin,1,0,1,1,0,dom,8
14,73909614,Nigeria,Egypt,0,0,0,0,0,nul,8
15,73909615,Zambia,Burkina Faso,1,0,1,1,0,dom,8
15,73909616,Zimbabwe,Ivory Coast,1,0,1,1,0,dom,8
15,73909621,Egypt,Tunisia,0,1,1,0,1,ext,8
15,73909622,Mozambique,Sudan,2,0,2,2,0,dom,8
15,73909623,Morocco,Equatorial Guinea,3,0,3,3,0,dom,8
15,73909626,Gabon,Benin,0,0,0,0,0,nul,8
16,73909627,Gabon,Zimbabwe,4,0,4,4,0,dom,8
16,73909634,Uganda,DR Congo,4,0,4,4,0,dom,8
16,73909636,Tunisia,Algeria,1,1,2,1,1,nul,8
16,73909637,Angola,Zambia,1,3,4,1,3,ext,8
17,73909641,Algeria,Benin,1,0,1,1,0,dom,8
17,73909642,Morocco,Sudan,2,0,2,2,0,dom,8
17,73909644,Senegal,Tunisia,1,0,1,1,0,dom,8
17,73909649,Angola,Uganda,5,1,6,5,1,dom,8
18,73909654,Nigeria,DR Congo,0,3,3,0,3,ext,8
18,73909655,Egypt,Mozambique,0,1,1,0,1,ext,8
18,73909656,Benin,Senegal,1,0,1,1,0,dom,8
18,73909657,Equatorial Guinea,Comoros,0,0,0,0,0,nul,8
18,73909659,Zimbabwe,Algeria,1,1,2,1,1,nul,8
18,73909660,Tunisia,Botswana,1,0,1,1,0,dom,8
18,73909661,Sudan,South Africa,0,2,2,0,2,ext,8
18,73909662,Tanzania,Angola,0,0,0,0,0,nul,8
19,73909664,Algeria,Mozambique,3,2,5,3,2,dom,8
19,73909667,Botswana,Benin,0,0,0,0,0,nul,8
19,73909668,Angola,Nigeria,0,1,1,0,1,ext,8
19,73909669,South Africa,Ivory Coast,2,0,2,2,0,dom,8
19,73909670,Mali,Egypt,0,2,2,0,2,ext,8
19,73909671,Burkina Faso,Sudan,1,1,2,1,1,nul,8
20,73909676,Zimbabwe,Botswana,2,0,2,2,0,dom,8
20,73909677,Gabon,South Africa,1,3,4,1,3,ext,8
20,73909679,Sudan,Comoros,0,3,3,0,3,ext,8
20,73909680,Ivory Coast,Burkina Faso,5,0,5,5,0,dom,8
20,73909683,Benin,DR Congo,1,0,1,1,0,dom,8
20,73909685,Algeria,Mali,2,0,2,2,0,dom,8
20,73909686,Tunisia,Angola,0,0,0,0,0,nul,8
21,73909687,Comoros,Ivory Coast,1,1,2,1,1,nul,8
21,73909688,Senegal,Mali,0,1,1,0,1,ext,8
21,73909689,Botswana,Mozambique,1,3,4,1,3,ext,8
21,73909691,DR Congo,Zimbabwe,1,0,1,1,0,dom,8
21,73909692,Morocco,Algeria,3,1,4,3,1,dom,8
21,73909693,Uganda,Tunisia,0,0,0,0,0,nul,8
21,73909694,South Africa,Egypt,2,1,3,2,1,dom,8
21,73909695,Burkina Faso,Gabon,2,0,2,2,0,dom,8
21,73909697,Equatorial Guinea,Sudan,2,0,2,2,0,dom,8
21,73909698,Angola,Benin,2,1,3,2,1,dom,8
22,73909700,Mali,Botswana,1,0,1,1,0,dom,8
22,73909703,Egypt,Burkina Faso,5,0,5,5,0,dom,8
22,73909705,Mozambique,DR Congo,0,2,2,0,2,ext,8
22,73909706,Ivory Coast,Equatorial Guinea,1,0,1,1,0,dom,8
22,73909707,Gabon,Comoros,1,0,1,1,0,dom,8
22,73909708,Nigeria,Zambia,0,0,0,0,0,nul,8
22,73909709,Zimbabwe,Angola,0,0,0,0,0,nul,8
23,73909711,Comoros,Egypt,0,1,1,0,1,ext,8
23,73909712,Botswana,Morocco,0,5,5,0,5,ext,8
23,73909715,South Africa,Senegal,0,1,1,0,1,ext,8
23,73909716,Tanzania,Benin,0,0,0,0,0,nul,8
23,73909719,Burkina Faso,Algeria,0,0,0,0,0,nul,8
23,73909721,Uganda,Zimbabwe,1,1,2,1,1,nul,8
23,73909722,Equatorial Guinea,Gabon,0,0,0,0,0,nul,8
24,73909723,Gabon,Cameroon,0,0,0,0,0,nul,8
24,73909725,Mozambique,Uganda,0,0,0,0,0,nul,8
24,73909726,Botswana,South Africa,0,3,3,0,3,ext,8
24,73909729,Zimbabwe,Tanzania,2,1,3,2,1,dom,8
24,73909730,Senegal,Burkina Faso,1,0,1,1,0,dom,8
24,73909731,Egypt,Equatorial Guinea,1,0,1,1,0,dom,8
24,73909733,Algeria,Comoros,1,0,1,1,0,dom,8
24,73909734,Mali,Angola,3,0,3,3,0,dom,8
25,73909735,Cameroon,Egypt,1,3,4,1,3,ext,8
25,73909736,Sudan,Gabon,0,0,0,0,0,nul,8
25,73909738,Angola,Morocco,1,2,3,1,2,ext,8
25,73909739,Zambia,Ivory Coast,3,1,4,3,1,dom,8
25,73909740,Tanzania,Mozambique,1,0,1,1,0,dom,8
25,73909743,Tunisia,Benin,1,2,3,1,2,ext,8
25,73909745,Nigeria,Zimbabwe,1,0,1,1,0,dom,8
25,73909746,DR Congo,South Africa,2,1,3,2,1,dom,8
26,73909747,Algeria,Cameroon,3,0,3,3,0,dom,8
26,73909748,South Africa,Angola,0,0,0,0,0,nul,8
26,73909749,DR Congo,Burkina Faso,2,1,3,2,1,dom,8
26,73909752,Egypt,Sudan,3,0,3,3,0,dom,8
26,73909753,Mali,Tanzania,1,0,1,1,0,dom,8
26,73909754,Zimbabwe,Tunisia,0,1,1,0,1,ext,8
26,73909757,Senegal,Equatorial Guinea,5,1,6,5,1,dom,8
26,73909758,Benin,Zambia,1,0,1,1,0,dom,8
27,73909759,Tanzania,Morocco,0,1,1,0,1,ext,8
27,73909760,Ivory Coast,Egypt,1,0,1,1,0,dom,8
27,73909761,Comoros,DR Congo,0,0,0,0,0,nul,8
27,73909764,Uganda,South Africa,2,1,3,2,1,dom,8
27,73909765,Equatorial Guinea,Botswana,2,0,2,2,0,dom,8
27,73909766,Angola,Burkina Faso,2,0,2,2,0,dom,8
27,73909768,Zambia,Gabon,3,2,5,3,2,dom,8
27,73909769,Sudan,Algeria,0,2,2,0,2,ext,8
27,73909770,Nigeria,Mali,0,0,0,0,0,nul,8
28,73909771,Morocco,Nigeria,1,1,2,1,1,nul,8
28,73909773,Angola,Comoros,2,2,4,2,2,nul,8
28,73909774,DR Congo,Equatorial Guinea,0,0,0,0,0,nul,8
28,73909776,Algeria,Ivory Coast,3,0,3,3,0,dom,8
28,73909778,Mali,Tunisia,0,0,0,0,0,nul,8
28,73909779,Senegal,Sudan,0,0,0,0,0,nul,8
28,73909780,Zimbabwe,Zambia,0,0,0,0,0,nul,8
28,73909781,Burkina Faso,Uganda,2,1,3,2,1,dom,8
29,73909783,Sudan,Botswana,1,1,2,1,1,nul,8
29,73909784,Zambia,Egypt,1,0,1,1,0,dom,8
29,73909788,Benin,Mali,0,0,0,0,0,nul,8
29,73909789,Gabon,Algeria,0,1,1,0,1,ext,8
29,73909791,Uganda,Comoros,6,0,6,6,0,dom,8
29,73909792,Cameroon,DR Congo,1,1,2,1,1,nul,8
29,73909793,Ivory Coast,Senegal,3,0,3,3,0,dom,8
29,73909794,Equatorial Guinea,Angola,0,1,1,0,1,ext,8
30,73909795,Mozambique,Zambia,0,0,0,0,0,nul,8
30,73909797,Algeria,Egypt,2,3,5,2,3,ext,8
30,73909798,Burkina Faso,Nigeria,0,0,0,0,0,nul,8
30,73909801,DR Congo,Sudan,1,1,2,1,1,nul,8
30,73909802,Senegal,Gabon,2,0,2,2,0,dom,8
30,73909804,Mali,Zimbabwe,2,0,2,2,0,dom,8
30,73909805,Morocco,Benin,2,0,2,2,0,dom,8
30,73909806,Comoros,Tanzania,0,0,0,0,0,nul,8
31,73909808,Egypt,Senegal,0,1,1,0,1,ext,8
31,73909809,Tunisia,Burkina Faso,0,0,0,0,0,nul,8
31,73909810,Ivory Coast,DR Congo,2,0,2,2,0,dom,8
31,73909813,Sudan,Angola,0,1,1,0,1,ext,8
31,73909815,Benin,South Africa,0,1,1,0,1,ext,8
31,73909818,Zambia,Algeria,1,1,2,1,1,nul,8
32,73909819,Burkina Faso,Benin,1,0,1,1,0,dom,8
32,73909820,Uganda,Sudan,1,0,1,1,0,dom,8
32,73909821,Equatorial Guinea,Nigeria,0,0,0,0,0,nul,8
32,73909824,Angola,Ivory Coast,0,0,0,0,0,nul,8
32,73909825,South Africa,Zimbabwe,1,1,2,1,1,nul,8
32,73909827,Morocco,Mozambique,1,0,1,1,0,dom,8
32,73909829,Mali,Zambia,0,1,1,0,1,ext,8
33,73909833,Ivory Coast,Uganda,1,0,1,1,0,dom,8
33,73909834,Zambia,Senegal,1,0,1,1,0,dom,8
33,73909837,Sudan,Tanzania,0,0,0,0,0,nul,8
33,73909840,Mali,Morocco,0,0,0,0,0,nul,8
33,73909842,Nigeria,Cameroon,0,0,0,0,0,nul,8
34,73909843,Comoros,Zimbabwe,1,2,3,1,2,ext,8
34,73909844,Cameroon,Tunisia,3,0,3,3,0,dom,8
34,73909845,Uganda,Gabon,0,0,0,0,0,nul,8
34,73909847,DR Congo,Algeria,0,0,0,0,0,nul,8
34,73909848,Burkina Faso,Mozambique,1,2,3,1,2,ext,8
34,73909851,Morocco,Zambia,2,1,3,2,1,dom,8
34,73909852,South Africa,Mali,1,2,3,1,2,ext,8
34,73909854,Botswana,Senegal,1,1,2,1,1,nul,8
35,73909855,Tunisia,Sudan,0,0,0,0,0,nul,8
35,73909856,Algeria,Angola,3,0,3,3,0,dom,8
35,73909857,Ivory Coast,Nigeria,0,0,0,0,0,nul,8
35,73909858,Zimbabwe,Equatorial Guinea,0,2,2,0,2,ext,8
35,73909859,Zambia,Botswana,1,2,3,1,2,ext,8
35,73909861,Egypt,Uganda,2,1,3,2,1,dom,8
35,73909862,Benin,Cameroon,0,0,0,0,0,nul,8
35,73909863,Mali,Burkina Faso,1,1,2,1,1,nul,8
35,73909864,Morocco,South Africa,0,1,1,0,1,ext,8
35,73909866,Mozambique,Comoros,1,0,1,1,0,dom,8
36,73909869,Nigeria,Gabon,0,0,0,0,0,nul,8
36,73909874,Tunisia,Ivory Coast,3,1,4,3,1,dom,8
36,73909876,South Africa,Zambia,1,1,2,1,1,nul,8
36,73909878,Cameroon,Zimbabwe,2,0,2,2,0,dom,8
37,73909880,Mali,Equatorial Guinea,2,0,2,2,0,dom,8
37,73909882,Senegal,Uganda,2,0,2,2,0,dom,8
37,73909883,Botswana,Angola,0,1,1,0,1,ext,8
37,73909884,Zambia,DR Congo,1,1,2,1,1,nul,8
37,73909886,Zimbabwe,Sudan,1,0,1,1,0,dom,8
37,73909887,Benin,Ivory Coast,1,1,2,1,1,nul,8
37,73909890,Egypt,Nigeria,0,0,0,0,0,nul,8
38,73909891,Burkina Faso,Zambia,1,1,2,1,1,nul,8
38,73909892,Ivory Coast,Zimbabwe,1,1,2,1,1,nul,8
38,73909897,Tunisia,Egypt,0,1,1,0,1,ext,8
38,73909898,Sudan,Mozambique,2,1,3,2,1,dom,8
38,73909899,Equatorial Guinea,Morocco,1,0,1,1,0,dom,8
38,73909902,Benin,Gabon,1,0,1,1,0,dom,8
39,73909903,Zimbabwe,Gabon,0,3,3,0,3,ext,8
39,73909910,DR Congo,Uganda,0,3,3,0,3,ext,8
39,73909912,Algeria,Tunisia,3,0,3,3,0,dom,8
39,73909913,Zambia,Angola,0,1,1,0,1,ext,8
40,73909917,Benin,Algeria,0,5,5,0,5,ext,8
40,73909918,Sudan,Morocco,2,1,3,2,1,dom,8
40,73909920,Tunisia,Senegal,1,0,1,1,0,dom,8
40,73909924,Ivory Coast,Mali,0,4,4,0,4,ext,8
40,73909925,Uganda,Angola,1,3,4,1,3,ext,8
41,73909931,Mozambique,Egypt,0,1,1,0,1,ext,8
41,73909932,Senegal,Benin,2,0,2,2,0,dom,8
41,73909933,Comoros,Equatorial Guinea,0,0,0,0,0,nul,8
41,73909935,Algeria,Zimbabwe,0,0,0,0,0,nul,8
41,73909936,Botswana,Tunisia,0,1,1,0,1,ext,8
41,73909937,South Africa,Sudan,2,0,2,2,0,dom,8
41,73909938,Angola,Tanzania,0,0,0,0,0,nul,8
42,73909945,Ivory Coast,South Africa,3,0,3,3,0,dom,8
42,73909946,Egypt,Mali,0,0,0,0,0,nul,8
42,73909947,Sudan,Burkina Faso,0,0,0,0,0,nul,8
43,73909952,Botswana,Zimbabwe,1,0,1,1,0,dom,8
43,73909953,South Africa,Gabon,1,1,2,1,1,nul,8
43,73909955,Comoros,Sudan,3,1,4,3,1,dom,8
43,73909956,Burkina Faso,Ivory Coast,0,0,0,0,0,nul,8
43,73909959,DR Congo,Benin,0,0,0,0,0,nul,8
43,73909961,Mali,Algeria,1,1,2,1,1,nul,8
43,73909962,Angola,Tunisia,0,0,0,0,0,nul,8
44,73909963,Ivory Coast,Comoros,0,0,0,0,0,nul,8
44,73909964,Mali,Senegal,1,0,1,1,0,dom,8
44,73909965,Mozambique,Botswana,0,0,0,0,0,nul,8
44,73909966,Nigeria,Tanzania,3,1,4,3,1,dom,8
44,73909967,Zimbabwe,DR Congo,1,1,2,1,1,nul,8
44,73909968,Algeria,Morocco,3,0,3,3,0,dom,8
44,73909969,Tunisia,Uganda,1,2,3,1,2,ext,8
44,73909970,Egypt,South Africa,4,0,4,4,0,dom,8
44,73909972,Cameroon,Zambia,3,1,4,3,1,dom,8
44,73909974,Benin,Angola,0,1,1,0,1,ext,8
45,73909976,Botswana,Mali,0,0,0,0,0,nul,8
45,73909979,Burkina Faso,Egypt,1,1,2,1,1,nul,8
45,73909981,DR Congo,Mozambique,0,0,0,0,0,nul,8
45,73909982,Equatorial Guinea,Ivory Coast,0,1,1,0,1,ext,8
45,73909983,Comoros,Gabon,4,0,4,4,0,dom,8
45,73909984,Zambia,Nigeria,0,0,0,0,0,nul,8
45,73909985,Angola,Zimbabwe,2,0,2,2,0,dom,8
46,73909987,Egypt,Comoros,0,2,2,0,2,ext,8
46,73909991,Senegal,South Africa,0,0,0,0,0,nul,8
46,73909992,Benin,Tanzania,5,0,5,5,0,dom,8
46,73909995,Algeria,Burkina Faso,4,0,4,4,0,dom,8
46,73909997,Zimbabwe,Uganda,2,0,2,2,0,dom,8
46,73909998,Gabon,Equatorial Guinea,1,3,4,1,3,ext,8
1,73917028,Zimbabwe,Botswana,0,0,0,0,0,nul,9
1,73917029,Algeria,South Africa,1,1,2,1,1,nul,9
1,73917031,Sudan,Gabon,2,0,2,2,0,dom,9
1,73917033,Egypt,Cameroon,0,3,3,0,3,ext,9
1,73917034,Comoros,Tanzania,1,0,1,1,0,dom,9
1,73917036,Angola,Burkina Faso,1,0,1,1,0,dom,9
2,73917039,Tanzania,Equatorial Guinea,0,0,0,0,0,nul,9
2,73917040,Burkina Faso,Algeria,2,0,2,2,0,dom,9
2,73917042,South Africa,Comoros,3,0,3,3,0,dom,9
2,73917043,Botswana,Sudan,2,1,3,2,1,dom,9
2,73917044,Mali,Egypt,0,0,0,0,0,nul,9
2,73917046,Mozambique,Nigeria,2,1,3,2,1,dom,9
2,73917048,Zimbabwe,Angola,4,0,4,4,0,dom,9
3,73917049,Egypt,Gabon,0,0,0,0,0,nul,9
3,73917051,Nigeria,Cameroon,1,2,3,1,2,ext,9
3,73917052,Zambia,Tanzania,1,2,3,1,2,ext,9
3,73917053,Senegal,Mali,0,0,0,0,0,nul,9
3,73917054,Sudan,Angola,3,0,3,3,0,dom,9
3,73917056,Equatorial Guinea,South Africa,0,0,0,0,0,nul,9
3,73917057,Algeria,Zimbabwe,0,1,1,0,1,ext,9
3,73917059,Morocco,Ivory Coast,0,0,0,0,0,nul,9
3,73917060,Tunisia,Benin,2,0,2,2,0,dom,9
4,73917061,Botswana,Egypt,1,1,2,1,1,nul,9
4,73917063,Zimbabwe,Comoros,0,2,2,0,2,ext,9
4,73917065,Sudan,Algeria,2,0,2,2,0,dom,9
4,73917069,Tanzania,Morocco,1,0,1,1,0,dom,9
4,73917070,Gabon,Senegal,1,0,1,1,0,dom,9
5,73917075,Senegal,Botswana,1,2,3,1,2,ext,9
5,73917079,Mozambique,Cameroon,0,0,0,0,0,nul,9
5,73917080,Equatorial Guinea,Zimbabwe,1,1,2,1,1,nul,9
5,73917083,Nigeria,Gabon,1,1,2,1,1,nul,9
5,73917084,Zambia,Burkina Faso,5,0,5,5,0,dom,9
6,73917087,Uganda,Comoros,1,0,1,1,0,dom,9
6,73917088,Angola,Senegal,0,0,0,0,0,nul,9
6,73917089,South Africa,Benin,5,0,5,5,0,dom,9
6,73917091,Algeria,Egypt,0,0,0,0,0,nul,9
6,73917092,Mali,Mozambique,2,1,3,2,1,dom,9
6,73917093,Sudan,Equatorial Guinea,4,0,4,4,0,dom,9
6,73917094,Zimbabwe,Zambia,1,0,1,1,0,dom,9
6,73917095,Burkina Faso,Morocco,0,2,2,0,2,ext,9
6,73917096,Botswana,Nigeria,0,0,0,0,0,nul,9
7,73917097,Benin,Burkina Faso,1,0,1,1,0,dom,9
7,73917098,Ivory Coast,South Africa,5,1,6,5,1,dom,9
7,73917100,Nigeria,Angola,1,0,1,1,0,dom,9
7,73917102,Zambia,Sudan,0,0,0,0,0,nul,9
7,73917105,Morocco,Zimbabwe,1,0,1,1,0,dom,9
7,73917107,Egypt,Comoros,2,0,2,2,0,dom,9
8,73917109,Gabon,Cameroon,0,0,0,0,0,nul,9
8,73917110,Mali,Tunisia,0,3,3,0,3,ext,9
8,73917112,Botswana,Mozambique,0,2,2,0,2,ext,9
8,73917113,Zimbabwe,Benin,0,0,0,0,0,nul,9
8,73917114,Angola,DR Congo,0,0,0,0,0,nul,9
8,73917117,Uganda,Zambia,1,1,2,1,1,nul,9
8,73917118,Comoros,Senegal,0,0,0,0,0,nul,9
8,73917119,Egypt,Equatorial Guinea,0,0,0,0,0,nul,9
8,73917120,South Africa,Tanzania,3,0,3,3,0,dom,9
9,73917121,Mali,Gabon,1,0,1,1,0,dom,9
9,73917123,Zambia,Egypt,0,2,2,0,2,ext,9
9,73917124,Nigeria,Comoros,0,1,1,0,1,ext,9
9,73917125,Mozambique,Angola,0,2,2,0,2,ext,9
9,73917126,Senegal,Equatorial Guinea,3,0,3,3,0,dom,9
9,73917127,Tunisia,South Africa,2,0,2,2,0,dom,9
9,73917128,Benin,Sudan,0,0,0,0,0,nul,9
10,73917133,Angola,Cameroon,0,0,0,0,0,nul,9
10,73917135,Uganda,Benin,0,0,0,0,0,nul,9
10,73917137,Sudan,Ivory Coast,1,0,1,1,0,dom,9
10,73917142,Equatorial Guinea,Nigeria,0,1,1,0,1,ext,9
11,73917145,Tanzania,Sudan,1,1,2,1,1,nul,9
11,73917146,Benin,Egypt,0,2,2,0,2,ext,9
11,73917148,DR Congo,Equatorial Guinea,1,1,2,1,1,nul,9
11,73917149,Cameroon,Algeria,3,0,3,3,0,dom,9
11,73917150,Mali,Angola,0,1,1,0,1,ext,9
11,73917151,Morocco,Senegal,1,0,1,1,0,dom,9
11,73917152,South Africa,Zimbabwe,1,0,1,1,0,dom,9
11,73917155,Nigeria,Zambia,0,0,0,0,0,nul,9
12,73917158,Uganda,Tanzania,0,1,1,0,1,ext,9
12,73917163,Egypt,Ivory Coast,1,0,1,1,0,dom,9
12,73917164,Angola,Gabon,2,1,3,2,1,dom,9
12,73917168,Sudan,South Africa,0,2,2,0,2,ext,9
13,73917170,Burkina Faso,Sudan,0,0,0,0,0,nul,9
13,73917171,Gabon,Algeria,0,0,0,0,0,nul,9
13,73917176,Mozambique,Zambia,1,2,3,1,2,ext,9
13,73917178,Cameroon,Equatorial Guinea,2,1,3,2,1,dom,9
13,73917179,South Africa,Uganda,0,0,0,0,0,nul,9
13,73917180,Benin,Nigeria,0,1,1,0,1,ext,9
14,73917181,Zambia,Cameroon,1,1,2,1,1,nul,9
14,73917183,Morocco,Mozambique,1,1,2,1,1,nul,9
14,73917185,Comoros,Gabon,1,1,2,1,1,nul,9
14,73917186,Senegal,Tanzania,2,1,3,2,1,dom,9
14,73917189,Angola,Tunisia,3,1,4,3,1,dom,9
14,73917190,Uganda,Burkina Faso,0,0,0,0,0,nul,9
15,73917194,Ivory Coast,DR Congo,0,0,0,0,0,nul,9
15,73917195,Angola,Algeria,2,0,2,2,0,dom,9
15,73917196,Gabon,Equatorial Guinea,1,0,1,1,0,dom,9
15,73917197,Mali,Zambia,1,0,1,1,0,dom,9
15,73917198,Cameroon,Morocco,1,2,3,1,2,ext,9
15,73917199,Burkina Faso,Egypt,2,2,4,2,2,nul,9
15,73917200,Mozambique,Benin,1,1,2,1,1,nul,9
15,73917201,South Africa,Senegal,0,0,0,0,0,nul,9
15,73917202,Tanzania,Nigeria,0,0,0,0,0,nul,9
16,73917205,Senegal,Burkina Faso,2,1,3,2,1,dom,9
16,73917208,Benin,Cameroon,0,0,0,0,0,nul,9
16,73917210,Morocco,Mali,0,0,0,0,0,nul,9
16,73917212,Uganda,Sudan,0,0,0,0,0,nul,9
16,73917214,Egypt,Zimbabwe,2,0,2,2,0,dom,9
16,73917215,Comoros,Angola,0,0,0,0,0,nul,9
17,73917217,Tunisia,Uganda,2,0,2,2,0,dom,9
17,73917218,Gabon,Morocco,1,0,1,1,0,dom,9
17,73917219,South Africa,DR Congo,0,0,0,0,0,nul,9
17,73917220,Sudan,Egypt,2,0,2,2,0,dom,9
17,73917222,Burkina Faso,Nigeria,0,2,2,0,2,ext,9
17,73917226,Algeria,Comoros,2,0,2,2,0,dom,9
17,73917227,Zimbabwe,Senegal,0,3,3,0,3,ext,9
17,73917228,Mali,Benin,4,0,4,4,0,dom,9
18,73917230,Ivory Coast,Mali,1,1,2,1,1,nul,9
18,73917231,DR Congo,Burkina Faso,0,0,0,0,0,nul,9
18,73917232,Zambia,Angola,1,0,1,1,0,dom,9
18,73917233,Comoros,Tunisia,1,0,1,1,0,dom,9
18,73917234,Mozambique,South Africa,2,0,2,2,0,dom,9
18,73917235,Cameroon,Tanzania,1,0,1,1,0,dom,9
18,73917236,Nigeria,Zimbabwe,0,0,0,0,0,nul,9
18,73917237,Benin,Gabon,0,0,0,0,0,nul,9
18,73917240,Senegal,Sudan,4,1,5,4,1,dom,9
19,73917241,Mali,Tanzania,4,0,4,4,0,dom,9
19,73917244,Uganda,Senegal,0,0,0,0,0,nul,9
19,73917246,Algeria,Zambia,3,1,4,3,1,dom,9
19,73917247,Zimbabwe,DR Congo,0,1,1,0,1,ext,9
19,73917248,Comoros,Equatorial Guinea,1,0,1,1,0,dom,9
19,73917252,Angola,Morocco,1,0,1,1,0,dom,9
20,73917253,Mozambique,Zimbabwe,1,0,1,1,0,dom,9
20,73917257,Equatorial Guinea,Tunisia,1,0,1,1,0,dom,9
20,73917259,Ivory Coast,Botswana,2,0,2,2,0,dom,9
20,73917261,Tanzania,Gabon,0,0,0,0,0,nul,9
20,73917262,Morocco,Algeria,2,1,3,2,1,dom,9
20,73917264,DR Congo,Sudan,0,0,0,0,0,nul,9
21,73917267,Gabon,South Africa,1,2,3,1,2,ext,9
21,73917268,Sudan,Mozambique,2,1,3,2,1,dom,9
21,73917271,Comoros,Morocco,1,3,4,1,3,ext,9
21,73917272,Botswana,Tanzania,1,3,4,1,3,ext,9
21,73917274,Zimbabwe,Cameroon,0,0,0,0,0,nul,9
21,73917275,Uganda,DR Congo,1,0,1,1,0,dom,9
21,73917276,Equatorial Guinea,Zambia,1,0,1,1,0,dom,9
22,73917278,Mozambique,Uganda,0,0,0,0,0,nul,9
22,73917279,Mali,Zimbabwe,0,0,0,0,0,nul,9
22,73917281,Ivory Coast,Algeria,0,0,0,0,0,nul,9
22,73917282,Tanzania,Angola,0,2,2,0,2,ext,9
22,73917284,Cameroon,Sudan,0,0,0,0,0,nul,9
22,73917286,DR Congo,Egypt,1,1,2,1,1,nul,9
22,73917287,Zambia,Tunisia,0,0,0,0,0,nul,9
22,73917288,Nigeria,Senegal,3,1,4,3,1,dom,9
23,73917290,Tunisia,Nigeria,0,1,1,0,1,ext,9
23,73917291,Equatorial Guinea,Benin,2,0,2,2,0,dom,9
23,73917292,Senegal,DR Congo,1,0,1,1,0,dom,9
23,73917293,Botswana,Burkina Faso,0,0,0,0,0,nul,9
23,73917295,Uganda,Cameroon,0,0,0,0,0,nul,9
23,73917296,Angola,South Africa,1,0,1,1,0,dom,9
23,73917297,Zambia,Morocco,2,0,2,2,0,dom,9
23,73917298,Egypt,Mozambique,1,3,4,1,3,ext,9
23,73917300,Algeria,Tanzania,1,2,3,1,2,ext,9
24,73917301,Morocco,Tunisia,2,0,2,2,0,dom,9
24,73917302,DR Congo,Nigeria,0,1,1,0,1,ext,9
24,73917305,South Africa,Algeria,1,1,2,1,1,nul,9
24,73917307,Gabon,Sudan,1,1,2,1,1,nul,9
24,73917309,Cameroon,Egypt,0,2,2,0,2,ext,9
24,73917312,Burkina Faso,Angola,4,0,4,4,0,dom,9
25,73917314,Morocco,Benin,3,0,3,3,0,dom,9
25,73917315,Equatorial Guinea,Tanzania,2,1,3,2,1,dom,9
25,73917316,Algeria,Burkina Faso,5,0,5,5,0,dom,9
25,73917318,Comoros,South Africa,0,1,1,0,1,ext,9
25,73917319,Sudan,Botswana,2,1,3,2,1,dom,9
25,73917321,Senegal,Cameroon,0,0,0,0,0,nul,9
25,73917322,Nigeria,Mozambique,1,0,1,1,0,dom,9
25,73917324,Angola,Zimbabwe,0,1,1,0,1,ext,9
26,73917325,Gabon,Egypt,1,0,1,1,0,dom,9
26,73917328,Tanzania,Zambia,1,0,1,1,0,dom,9
26,73917329,Mali,Senegal,1,0,1,1,0,dom,9
26,73917332,South Africa,Equatorial Guinea,0,0,0,0,0,nul,9
26,73917333,Zimbabwe,Algeria,0,1,1,0,1,ext,9
26,73917335,Ivory Coast,Morocco,1,0,1,1,0,dom,9
26,73917336,Benin,Tunisia,5,0,5,5,0,dom,9
27,73917337,Egypt,Botswana,1,1,2,1,1,nul,9
27,73917339,Comoros,Zimbabwe,1,0,1,1,0,dom,9
27,73917341,Algeria,Sudan,0,3,3,0,3,ext,9
27,73917342,Zambia,South Africa,0,0,0,0,0,nul,9
27,73917345,Morocco,Tanzania,0,2,2,0,2,ext,9
27,73917346,Senegal,Gabon,0,0,0,0,0,nul,9
28,73917349,Angola,Egypt,0,0,0,0,0,nul,9
28,73917351,Botswana,Senegal,0,3,3,0,3,ext,9
28,73917355,Cameroon,Mozambique,4,1,5,4,1,dom,9
28,73917356,Zimbabwe,Equatorial Guinea,2,0,2,2,0,dom,9
28,73917359,Gabon,Nigeria,2,2,4,2,2,nul,9
28,73917360,Burkina Faso,Zambia,2,2,4,2,2,nul,9
29,73917363,Comoros,Uganda,0,3,3,0,3,ext,9
29,73917364,Senegal,Angola,2,0,2,2,0,dom,9
29,73917365,Benin,South Africa,1,2,3,1,2,ext,9
29,73917367,Egypt,Algeria,3,0,3,3,0,dom,9
29,73917368,Mozambique,Mali,1,0,1,1,0,dom,9
29,73917369,Equatorial Guinea,Sudan,0,0,0,0,0,nul,9
29,73917370,Zambia,Zimbabwe,0,0,0,0,0,nul,9
29,73917371,Morocco,Burkina Faso,2,2,4,2,2,nul,9
29,73917372,Nigeria,Botswana,0,0,0,0,0,nul,9
30,73917373,Burkina Faso,Benin,0,0,0,0,0,nul,9
30,73917374,South Africa,Ivory Coast,0,0,0,0,0,nul,9
30,73917376,Angola,Nigeria,1,1,2,1,1,nul,9
30,73917378,Sudan,Zambia,0,0,0,0,0,nul,9
30,73917383,Comoros,Egypt,0,0,0,0,0,nul,9
31,73917385,Cameroon,Gabon,1,2,3,1,2,ext,9
31,73917386,Tunisia,Mali,2,1,3,2,1,dom,9
31,73917388,Mozambique,Botswana,0,1,1,0,1,ext,9
31,73917389,Benin,Zimbabwe,2,0,2,2,0,dom,9
31,73917390,DR Congo,Angola,1,3,4,1,3,ext,9
31,73917391,Nigeria,Algeria,0,0,0,0,0,nul,9
31,73917393,Zambia,Uganda,0,0,0,0,0,nul,9
31,73917394,Senegal,Comoros,3,1,4,3,1,dom,9
31,73917395,Equatorial Guinea,Egypt,0,0,0,0,0,nul,9
31,73917396,Tanzania,South Africa,0,0,0,0,0,nul,9
32,73917397,Gabon,Mali,0,1,1,0,1,ext,9
32,73917399,Egypt,Zambia,0,0,0,0,0,nul,9
32,73917400,Comoros,Nigeria,0,0,0,0,0,nul,9
32,73917401,Angola,Mozambique,2,1,3,2,1,dom,9
32,73917402,Equatorial Guinea,Senegal,1,0,1,1,0,dom,9
32,73917404,Sudan,Benin,1,0,1,1,0,dom,9
33,73917409,Cameroon,Angola,2,0,2,2,0,dom,9
33,73917411,Benin,Uganda,1,1,2,1,1,nul,9
33,73917413,Ivory Coast,Sudan,3,0,3,3,0,dom,9
33,73917417,Tanzania,Zimbabwe,0,0,0,0,0,nul,9
33,73917418,Nigeria,Equatorial Guinea,2,1,3,2,1,dom,9
34,73917421,Sudan,Tanzania,1,2,3,1,2,ext,9
34,73917424,Equatorial Guinea,DR Congo,0,0,0,0,0,nul,9
34,73917426,Angola,Mali,0,1,1,0,1,ext,9
34,73917427,Senegal,Morocco,0,0,0,0,0,nul,9
34,73917431,Zambia,Nigeria,1,1,2,1,1,nul,9
35,73917434,Tanzania,Uganda,2,0,2,2,0,dom,9
35,73917439,Ivory Coast,Egypt,1,0,1,1,0,dom,9
35,73917440,Gabon,Angola,0,3,3,0,3,ext,9
35,73917444,South Africa,Sudan,2,0,2,2,0,dom,9
36,73917446,Sudan,Burkina Faso,1,1,2,1,1,nul,9
36,73917447,Algeria,Gabon,2,1,3,2,1,dom,9
36,73917454,Equatorial Guinea,Cameroon,1,0,1,1,0,dom,9
36,73917455,Uganda,South Africa,2,1,3,2,1,dom,9
36,73917456,Nigeria,Benin,3,0,3,3,0,dom,9
37,73917457,Cameroon,Zambia,3,1,4,3,1,dom,9
37,73917459,Mozambique,Morocco,0,2,2,0,2,ext,9
37,73917461,Gabon,Comoros,2,3,5,2,3,ext,9
37,73917462,Tanzania,Senegal,0,0,0,0,0,nul,9
37,73917465,Tunisia,Angola,3,1,4,3,1,dom,9
37,73917466,Burkina Faso,Uganda,0,1,1,0,1,ext,9
38,73917473,Zambia,Mali,1,2,3,1,2,ext,9
38,73917474,Morocco,Cameroon,1,4,5,1,4,ext,9
38,73917475,Egypt,Burkina Faso,0,1,1,0,1,ext,9
38,73917476,Benin,Mozambique,2,1,3,2,1,dom,9
38,73917477,Senegal,South Africa,1,0,1,1,0,dom,9
38,73917478,Nigeria,Tanzania,1,1,2,1,1,nul,9
39,73917481,Burkina Faso,Senegal,0,3,3,0,3,ext,9
39,73917483,Botswana,Equatorial Guinea,1,1,2,1,1,nul,9
39,73917485,Tanzania,DR Congo,2,1,3,2,1,dom,9
39,73917486,Mali,Morocco,0,0,0,0,0,nul,9
39,73917488,Sudan,Uganda,0,3,3,0,3,ext,9
39,73917489,Ivory Coast,Mozambique,3,1,4,3,1,dom,9
39,73917490,Zimbabwe,Egypt,3,0,3,3,0,dom,9
39,73917491,Angola,Comoros,0,1,1,0,1,ext,9
40,73917493,Uganda,Tunisia,1,0,1,1,0,dom,9
40,73917494,Morocco,Gabon,4,1,5,4,1,dom,9
40,73917495,DR Congo,South Africa,1,0,1,1,0,dom,9
40,73917496,Egypt,Sudan,4,0,4,4,0,dom,9
40,73917498,Nigeria,Burkina Faso,0,0,0,0,0,nul,9
40,73917500,Equatorial Guinea,Angola,1,1,2,1,1,nul,9
40,73917502,Comoros,Algeria,1,1,2,1,1,nul,9
40,73917503,Senegal,Zimbabwe,0,0,0,0,0,nul,9
40,73917504,Benin,Mali,0,1,1,0,1,ext,9
41,73917506,Mali,Ivory Coast,2,0,2,2,0,dom,9
41,73917507,Burkina Faso,DR Congo,0,0,0,0,0,nul,9
41,73917508,Angola,Zambia,0,2,2,0,2,ext,9
41,73917509,Tunisia,Comoros,3,1,4,3,1,dom,9
41,73917510,South Africa,Mozambique,0,2,2,0,2,ext,9
41,73917511,Tanzania,Cameroon,1,1,2,1,1,nul,9
41,73917512,Zimbabwe,Nigeria,0,1,1,0,1,ext,9
41,73917513,Gabon,Benin,0,1,1,0,1,ext,9
41,73917516,Sudan,Senegal,0,0,0,0,0,nul,9
42,73917517,Tanzania,Mali,2,0,2,2,0,dom,9
42,73917520,Senegal,Uganda,3,1,4,3,1,dom,9
42,73917522,Zambia,Algeria,3,0,3,3,0,dom,9
42,73917523,DR Congo,Zimbabwe,3,0,3,3,0,dom,9
42,73917524,Equatorial Guinea,Comoros,0,0,0,0,0,nul,9
42,73917528,Morocco,Angola,3,0,3,3,0,dom,9
43,73917531,Comoros,Zambia,0,0,0,0,0,nul,9
43,73917533,Tunisia,Equatorial Guinea,4,0,4,4,0,dom,9
43,73917535,Botswana,Ivory Coast,1,1,2,1,1,nul,9
43,73917537,Gabon,Tanzania,0,0,0,0,0,nul,9
43,73917538,Algeria,Morocco,1,1,2,1,1,nul,9
43,73917540,Sudan,DR Congo,0,1,1,0,1,ext,9
44,73917543,South Africa,Gabon,0,0,0,0,0,nul,9
44,73917544,Mozambique,Sudan,3,1,4,3,1,dom,9
44,73917545,Ivory Coast,Angola,1,1,2,1,1,nul,9
44,73917547,Morocco,Comoros,1,2,3,1,2,ext,9
44,73917548,Tanzania,Botswana,4,0,4,4,0,dom,9
44,73917550,Cameroon,Zimbabwe,3,1,4,3,1,dom,9
44,73917551,DR Congo,Uganda,2,1,3,2,1,dom,9
44,73917552,Zambia,Equatorial Guinea,0,1,1,0,1,ext,9
45,73917554,Uganda,Mozambique,1,1,2,1,1,nul,9
45,73917555,Zimbabwe,Mali,0,0,0,0,0,nul,9
45,73917557,Algeria,Ivory Coast,2,0,2,2,0,dom,9
45,73917560,Sudan,Cameroon,0,0,0,0,0,nul,9
45,73917562,Egypt,DR Congo,1,0,1,1,0,dom,9
45,73917563,Tunisia,Zambia,0,0,0,0,0,nul,9
46,73917566,Nigeria,Tunisia,0,0,0,0,0,nul,9
46,73917567,Benin,Equatorial Guinea,3,0,3,3,0,dom,9
46,73917568,DR Congo,Senegal,1,1,2,1,1,nul,9
46,73917569,Burkina Faso,Botswana,0,0,0,0,0,nul,9
46,73917570,Mali,Sudan,5,0,5,5,0,dom,9
46,73917571,Cameroon,Uganda,2,2,4,2,2,nul,9
46,73917572,South Africa,Angola,3,0,3,3,0,dom,9
46,73917573,Morocco,Zambia,4,0,4,4,0,dom,9
46,73917574,Mozambique,Egypt,3,0,3,3,0,dom,9
46,73917576,Tanzania,Algeria,1,3,4,1,3,ext,9
1,73920534,Algeria,Botswana,1,0,1,1,0,dom,10
1,73920536,Zambia,Egypt,2,1,3,2,1,dom,10
1,73920537,Tanzania,Burkina Faso,5,0,5,5,0,dom,10
1,73920539,Uganda,Ivory Coast,3,2,5,3,2,dom,10
1,73920540,Angola,Nigeria,3,1,4,3,1,dom,10
1,73920542,Morocco,DR Congo,2,1,3,2,1,dom,10
2,73920546,DR Congo,Zimbabwe,0,2,2,0,2,ext,10
2,73920547,Ivory Coast,Senegal,1,0,1,1,0,dom,10
2,73920548,Comoros,Gabon,1,0,1,1,0,dom,10
2,73920549,Botswana,Zambia,1,0,1,1,0,dom,10
2,73920551,Cameroon,Angola,0,0,0,0,0,nul,10
2,73920552,South Africa,Tanzania,2,1,3,2,1,dom,10
2,73920557,Egypt,Equatorial Guinea,1,0,1,1,0,dom,10
3,73920558,Zambia,Burkina Faso,0,0,0,0,0,nul,10
3,73920559,Algeria,South Africa,1,1,2,1,1,nul,10
3,73920560,Gabon,Ivory Coast,0,0,0,0,0,nul,10
3,73920561,Zimbabwe,Mozambique,1,0,1,1,0,dom,10
3,73920562,Sudan,Comoros,1,1,2,1,1,nul,10
3,73920564,Uganda,DR Congo,0,0,0,0,0,nul,10
3,73920565,Morocco,Benin,4,0,4,4,0,dom,10
3,73920569,Tanzania,Tunisia,0,0,0,0,0,nul,10
4,73920574,Tunisia,Algeria,2,0,2,2,0,dom,10
4,73920575,Botswana,Angola,1,0,1,1,0,dom,10
4,73920576,Cameroon,Sudan,2,2,4,2,2,nul,10
5,73920582,Equatorial Guinea,South Africa,0,0,0,0,0,nul,10
5,73920585,Sudan,Ivory Coast,0,2,2,0,2,ext,10
5,73920587,Nigeria,Botswana,0,2,2,0,2,ext,10
5,73920588,Algeria,Morocco,2,2,4,2,2,nul,10
5,73920589,Uganda,Benin,2,0,2,2,0,dom,10
5,73920591,Gabon,DR Congo,0,2,2,0,2,ext,10
5,73920592,Comoros,Mali,0,1,1,0,1,ext,10
5,73920593,Zambia,Tunisia,1,1,2,1,1,nul,10
6,73920594,South Africa,Angola,2,1,3,2,1,dom,10
6,73920595,Benin,Senegal,0,0,0,0,0,nul,10
6,73920597,Algeria,Zimbabwe,2,0,2,2,0,dom,10
6,73920599,Tanzania,Uganda,0,1,1,0,1,ext,10
6,73920600,Egypt,Sudan,0,0,0,0,0,nul,10
6,73920602,Botswana,Cameroon,2,1,3,2,1,dom,10
6,73920603,DR Congo,Comoros,0,0,0,0,0,nul,10
6,73920605,Tunisia,Equatorial Guinea,1,0,1,1,0,dom,10
7,73920607,Sudan,Mali,0,1,1,0,1,ext,10
7,73920611,Egypt,Botswana,0,0,0,0,0,nul,10
7,73920612,Nigeria,South Africa,0,3,3,0,3,ext,10
7,73920613,Uganda,Algeria,0,2,2,0,2,ext,10
7,73920614,Zambia,Zimbabwe,0,0,0,0,0,nul,10
7,73920615,Comoros,Mozambique,0,1,1,0,1,ext,10
8,73920619,Botswana,Sudan,0,3,3,0,3,ext,10
8,73920620,Burkina Faso,Egypt,1,0,1,1,0,dom,10
8,73920621,Zimbabwe,Equatorial Guinea,0,2,2,0,2,ext,10
8,73920623,Tanzania,Gabon,0,0,0,0,0,nul,10
8,73920624,Morocco,Angola,2,4,6,2,4,ext,10
8,73920627,DR Congo,Mali,0,0,0,0,0,nul,10
13,73920678,Sudan,Benin,1,0,1,1,0,dom,10
13,73920680,Comoros,Angola,2,0,2,2,0,dom,10
13,73920683,Egypt,Uganda,0,1,1,0,1,ext,10
13,73920684,Burkina Faso,Morocco,1,1,2,1,1,nul,10
13,73920685,South Africa,Tunisia,1,2,3,1,2,ext,10
13,73920686,Nigeria,Gabon,2,0,2,2,0,dom,10
13,73920689,DR Congo,Algeria,1,1,2,1,1,nul,10
14,73920691,Algeria,Mozambique,1,0,1,1,0,dom,10
14,73920692,Zambia,DR Congo,1,1,2,1,1,nul,10
14,73920694,Angola,Ivory Coast,1,1,2,1,1,nul,10
14,73920695,Zimbabwe,Burkina Faso,2,1,3,2,1,dom,10
14,73920696,Uganda,Botswana,0,1,1,0,1,ext,10
14,73920697,Nigeria,Comoros,0,0,0,0,0,nul,10
14,73920699,Tunisia,Sudan,0,0,0,0,0,nul,10
14,73920700,Gabon,Cameroon,0,0,0,0,0,nul,10
14,73920701,Morocco,South Africa,0,0,0,0,0,nul,10
15,73920702,South Africa,Zimbabwe,1,0,1,1,0,dom,10
15,73920704,Botswana,Senegal,0,1,1,0,1,ext,10
15,73920705,Ivory Coast,Nigeria,2,0,2,2,0,dom,10
15,73920706,Cameroon,Comoros,0,1,1,0,1,ext,10
15,73920708,Egypt,Gabon,0,1,1,0,1,ext,10
15,73920709,Sudan,Tanzania,2,0,2,2,0,dom,10
15,73920710,Tunisia,Morocco,3,0,3,3,0,dom,10
15,73920711,Mozambique,Zambia,1,1,2,1,1,nul,10
15,73920712,Mali,Angola,2,1,3,2,1,dom,10
15,73920713,DR Congo,Equatorial Guinea,0,0,0,0,0,nul,10
16,73920715,Nigeria,Mali,1,0,1,1,0,dom,10
16,73920720,Comoros,Egypt,0,0,0,0,0,nul,10
16,73920721,Gabon,Botswana,0,0,0,0,0,nul,10
16,73920722,Morocco,Sudan,5,0,5,5,0,dom,10
16,73920724,Algeria,Tanzania,1,0,1,1,0,dom,10
17,73920726,Benin,Equatorial Guinea,3,2,5,3,2,dom,10
17,73920729,Morocco,Zimbabwe,1,0,1,1,0,dom,10
17,73920730,Tanzania,Zambia,1,1,2,1,1,nul,10
17,73920732,DR Congo,Nigeria,1,1,2,1,1,nul,10
17,73920733,Sudan,Algeria,2,2,4,2,2,nul,10
17,73920734,Burkina Faso,Gabon,2,2,4,2,2,nul,10
17,73920736,Mali,Cameroon,0,0,0,0,0,nul,10
17,73920737,South Africa,Senegal,2,1,3,2,1,dom,10
18,73920738,Zambia,Algeria,0,1,1,0,1,ext,10
18,73920739,Comoros,Burkina Faso,0,0,0,0,0,nul,10
18,73920740,Cameroon,DR Congo,0,0,0,0,0,nul,10
18,73920741,Egypt,Mali,1,0,1,1,0,dom,10
18,73920742,Equatorial Guinea,Tanzania,1,2,3,1,2,ext,10
18,73920745,Uganda,Morocco,1,0,1,1,0,dom,10
18,73920747,Angola,Benin,0,0,0,0,0,nul,10
18,73920748,Ivory Coast,Botswana,1,0,1,1,0,dom,10
18,73920749,Senegal,Tunisia,0,0,0,0,0,nul,10
19,73920750,Sudan,Zambia,2,0,2,2,0,dom,10
19,73920752,Burkina Faso,Ivory Coast,5,0,5,5,0,dom,10
19,73920753,Morocco,Senegal,1,5,6,1,5,ext,10
19,73920754,DR Congo,Egypt,0,0,0,0,0,nul,10
19,73920755,Tunisia,Gabon,0,0,0,0,0,nul,10
19,73920756,Benin,Nigeria,0,1,1,0,1,ext,10
19,73920757,South Africa,Comoros,2,0,2,2,0,dom,10
19,73920760,Mozambique,Cameroon,1,0,1,1,0,dom,10
20,73920763,Egypt,Mozambique,1,1,2,1,1,nul,10
20,73920765,Ivory Coast,South Africa,1,0,1,1,0,dom,10
20,73920768,Nigeria,Tanzania,1,0,1,1,0,dom,10
20,73920769,Comoros,Tunisia,0,2,2,0,2,ext,10
20,73920770,Botswana,DR Congo,3,1,4,3,1,dom,10
21,73920774,Sudan,Equatorial Guinea,2,2,4,2,2,nul,10
21,73920775,Tanzania,Cameroon,0,0,0,0,0,nul,10
21,73920776,Algeria,Nigeria,3,1,4,3,1,dom,10
21,73920777,Zimbabwe,Gabon,1,2,3,1,2,ext,10
21,73920779,Benin,Egypt,1,4,5,1,4,ext,10
21,73920781,South Africa,Mali,1,2,3,1,2,ext,10
21,73920782,Uganda,Senegal,2,0,2,2,0,dom,10
21,73920783,Morocco,Comoros,0,1,1,0,1,ext,10
21,73920784,Mozambique,Botswana,2,4,6,2,4,ext,10
21,73920785,Burkina Faso,DR Congo,0,0,0,0,0,nul,10
22,73920787,Burkina Faso,Mozambique,0,0,0,0,0,nul,10
22,73920793,Mali,Tunisia,0,0,0,0,0,nul,10
22,73920794,DR Congo,South Africa,0,0,0,0,0,nul,10
22,73920795,Comoros,Zimbabwe,1,1,2,1,1,nul,10
22,73920797,Senegal,Sudan,3,1,4,3,1,dom,10
23,73920800,Equatorial Guinea,Nigeria,0,3,3,0,3,ext,10
23,73920801,Algeria,Egypt,1,2,3,1,2,ext,10
23,73920802,Zimbabwe,Ivory Coast,4,1,5,4,1,dom,10
23,73920803,Benin,Burkina Faso,1,3,4,1,3,ext,10
23,73920804,Senegal,Gabon,1,0,1,1,0,dom,10
23,73920805,Uganda,Comoros,0,0,0,0,0,nul,10
23,73920806,Sudan,Angola,0,2,2,0,2,ext,10
23,73920807,Tunisia,DR Congo,1,0,1,1,0,dom,10
23,73920808,Morocco,Mali,1,0,1,1,0,dom,10
23,73920809,Zambia,Cameroon,3,0,3,3,0,dom,10
24,73920810,Botswana,Algeria,0,0,0,0,0,nul,10
24,73920812,Egypt,Zambia,0,0,0,0,0,nul,10
24,73920815,Ivory Coast,Uganda,2,0,2,2,0,dom,10
24,73920816,Nigeria,Angola,2,0,2,2,0,dom,10
24,73920818,DR Congo,Morocco,0,2,2,0,2,ext,10
25,73920822,Zimbabwe,DR Congo,0,0,0,0,0,nul,10
25,73920823,Senegal,Ivory Coast,2,0,2,2,0,dom,10
25,73920824,Gabon,Comoros,0,0,0,0,0,nul,10
25,73920825,Zambia,Botswana,0,0,0,0,0,nul,10
25,73920827,Angola,Cameroon,0,1,1,0,1,ext,10
25,73920828,Tanzania,South Africa,0,1,1,0,1,ext,10
25,73920833,Equatorial Guinea,Egypt,0,2,2,0,2,ext,10
26,73920834,Burkina Faso,Zambia,1,0,1,1,0,dom,10
26,73920835,South Africa,Algeria,0,0,0,0,0,nul,10
26,73920837,Mozambique,Zimbabwe,0,0,0,0,0,nul,10
26,73920838,Comoros,Sudan,3,2,5,3,2,dom,10
26,73920840,DR Congo,Uganda,2,0,2,2,0,dom,10
26,73920845,Tunisia,Tanzania,1,0,1,1,0,dom,10
27,73920850,Algeria,Tunisia,0,3,3,0,3,ext,10
27,73920851,Angola,Botswana,0,0,0,0,0,nul,10
27,73920852,Sudan,Cameroon,2,0,2,2,0,dom,10
27,73920854,Senegal,DR Congo,0,2,2,0,2,ext,10
28,73920858,South Africa,Equatorial Guinea,5,1,6,5,1,dom,10
28,73920861,Ivory Coast,Sudan,4,0,4,4,0,dom,10
28,73920863,Botswana,Nigeria,1,1,2,1,1,nul,10
28,73920864,Morocco,Algeria,3,1,4,3,1,dom,10
28,73920865,Benin,Uganda,1,1,2,1,1,nul,10
28,73920867,DR Congo,Gabon,0,0,0,0,0,nul,10
28,73920868,Mali,Comoros,0,0,0,0,0,nul,10
28,73920869,Tunisia,Zambia,2,0,2,2,0,dom,10
29,73920870,Angola,South Africa,1,0,1,1,0,dom,10
29,73920871,Senegal,Benin,1,0,1,1,0,dom,10
29,73920872,Zambia,Morocco,3,1,4,3,1,dom,10
29,73920873,Zimbabwe,Algeria,0,0,0,0,0,nul,10
29,73920874,Nigeria,Burkina Faso,2,0,2,2,0,dom,10
29,73920875,Uganda,Tanzania,1,2,3,1,2,ext,10
29,73920876,Sudan,Egypt,0,4,4,0,4,ext,10
29,73920878,Cameroon,Botswana,3,0,3,3,0,dom,10
29,73920879,Comoros,DR Congo,0,0,0,0,0,nul,10
29,73920881,Equatorial Guinea,Tunisia,1,0,1,1,0,dom,10
30,73920883,Mali,Sudan,3,0,3,3,0,dom,10
30,73920887,Botswana,Egypt,1,5,6,1,5,ext,10
30,73920888,South Africa,Nigeria,0,0,0,0,0,nul,10
30,73920890,Zimbabwe,Zambia,2,0,2,2,0,dom,10
30,73920891,Mozambique,Comoros,0,1,1,0,1,ext,10
31,73920895,Sudan,Botswana,0,0,0,0,0,nul,10
31,73920896,Egypt,Burkina Faso,0,0,0,0,0,nul,10
31,73920897,Equatorial Guinea,Zimbabwe,0,1,1,0,1,ext,10
31,73920899,Gabon,Tanzania,1,0,1,1,0,dom,10
31,73920900,Angola,Morocco,2,0,2,2,0,dom,10
31,73920905,Nigeria,Tunisia,0,1,1,0,1,ext,10
32,73920907,Mozambique,Mali,0,1,1,0,1,ext,10
32,73920909,Zambia,Senegal,0,0,0,0,0,nul,10
32,73920910,Uganda,Equatorial Guinea,3,1,4,3,1,dom,10
32,73920911,Algeria,Gabon,4,1,5,4,1,dom,10
32,73920915,Tanzania,Comoros,0,0,0,0,0,nul,10
32,73920916,DR Congo,Sudan,1,0,1,1,0,dom,10
33,73920920,Nigeria,Zimbabwe,1,0,1,1,0,dom,10
33,73920922,Botswana,South Africa,0,4,4,0,4,ext,10
33,73920924,Comoros,Algeria,1,3,4,1,3,ext,10
33,73920925,Egypt,Tunisia,0,0,0,0,0,nul,10
33,73920926,Gabon,Zambia,0,0,0,0,0,nul,10
33,73920927,Angola,Uganda,1,0,1,1,0,dom,10
33,73920929,DR Congo,Mozambique,0,2,2,0,2,ext,10
34,73920931,Equatorial Guinea,Gabon,1,1,2,1,1,nul,10
34,73920932,Benin,DR Congo,1,0,1,1,0,dom,10
34,73920935,Mozambique,Sudan,2,0,2,2,0,dom,10
34,73920938,Zambia,Comoros,0,2,2,0,2,ext,10
34,73920939,Uganda,Nigeria,1,1,2,1,1,nul,10
34,73920940,Morocco,Egypt,1,1,2,1,1,nul,10
35,73920942,Mozambique,Benin,0,0,0,0,0,nul,10
35,73920949,Burkina Faso,Tunisia,0,0,0,0,0,nul,10
35,73920951,DR Congo,Tanzania,0,1,1,0,1,ext,10
35,73920952,Botswana,Morocco,2,0,2,2,0,dom,10
36,73920954,Benin,Sudan,0,1,1,0,1,ext,10
36,73920956,Angola,Comoros,0,0,0,0,0,nul,10
36,73920959,Uganda,Egypt,0,4,4,0,4,ext,10
36,73920960,Morocco,Burkina Faso,1,0,1,1,0,dom,10
36,73920961,Tunisia,South Africa,2,1,3,2,1,dom,10
36,73920962,Gabon,Nigeria,0,0,0,0,0,nul,10
36,73920963,Zimbabwe,Botswana,2,2,4,2,2,nul,10
36,73920964,Equatorial Guinea,Ivory Coast,1,1,2,1,1,nul,10
36,73920965,Algeria,DR Congo,1,1,2,1,1,nul,10
37,73920968,DR Congo,Zambia,0,0,0,0,0,nul,10
37,73920970,Ivory Coast,Angola,1,0,1,1,0,dom,10
37,73920971,Burkina Faso,Zimbabwe,0,0,0,0,0,nul,10
37,73920972,Botswana,Uganda,0,1,1,0,1,ext,10
37,73920973,Comoros,Nigeria,0,0,0,0,0,nul,10
37,73920975,Sudan,Tunisia,0,0,0,0,0,nul,10
37,73920976,Cameroon,Gabon,0,2,2,0,2,ext,10
37,73920977,South Africa,Morocco,1,4,5,1,4,ext,10
38,73920978,Zimbabwe,South Africa,1,1,2,1,1,,0,,,0,0,0,nul,10
38,73920979,Uganda,Burkina Faso,1,1,2,1,1,,0,,,0,0,0,nul,10
38,73920980,Senegal,Botswana,2,1,3,2,1,,0,,,0,0,0,dom,10
38,73920981,Nigeria,Ivory Coast,1,1,2,1,1,,0,,,0,0,0,nul,10
38,73920982,Comoros,Cameroon,1,2,3,1,2,,0,,,0,0,0,ext,10
38,73920983,Algeria,Benin,1,4,5,1,4,,0,,,0,0,0,ext,10
38,73920984,Gabon,Egypt,0,1,1,0,1,,0,,,0,0,0,ext,10
38,73920985,Tanzania,Sudan,2,1,3,2,1,,0,,,0,0,0,dom,10
38,73920986,Morocco,Tunisia,1,0,1,1,0,,0,,,0,0,0,dom,10
38,73920987,Zambia,Mozambique,1,1,2,1,1,,0,,,0,0,0,nul,10
38,73920988,Angola,Mali,0,0,0,0,0,,0,,,0,0,0,nul,10
38,73920989,Equatorial Guinea,DR Congo,1,0,1,1,0,,0,,,0,0,0,dom,10
39,73920990,Burkina Faso,Senegal,0,3,3,0,3,,0,,,0,0,0,ext,10
39,73920991,Mali,Nigeria,1,0,1,1,0,,0,,,0,0,0,dom,10
39,73920992,Mozambique,Equatorial Guinea,1,1,2,1,1,,0,,,0,0,0,nul,10
39,73920993,DR Congo,Angola,0,1,1,0,1,,0,,,0,0,0,ext,10
39,73920994,Tunisia,Zimbabwe,2,1,3,2,1,,0,,,0,0,0,dom,10
39,73920995,Benin,Zambia,0,0,0,0,0,,0,,,0,0,0,nul,10
39,73920996,Egypt,Comoros,0,0,0,0,0,,0,,,0,0,0,nul,10
39,73920997,Botswana,Gabon,0,3,3,0,3,,0,,,0,0,0,ext,10
39,73920998,Sudan,Morocco,3,1,4,3,1,,0,,,0,0,0,dom,10
39,73920999,Ivory Coast,Cameroon,3,0,3,3,0,,0,,,0,0,0,dom,10
39,73921000,Tanzania,Algeria,0,1,1,0,1,,0,,,0,0,0,ext,10
39,73921001,South Africa,Uganda,4,0,4,4,0,,0,,,0,0,0,dom,10
40,73921002,Equatorial Guinea,Benin,0,1,1,0,1,ext,10
40,73921005,Zimbabwe,Morocco,1,1,2,1,1,nul,10
40,73921006,Zambia,Tanzania,1,1,2,1,1,nul,10
40,73921007,Comoros,Botswana,0,0,0,0,0,nul,10
40,73921008,Nigeria,DR Congo,2,0,2,2,0,dom,10
40,73921009,Algeria,Sudan,2,0,2,2,0,dom,10
40,73921010,Gabon,Burkina Faso,2,0,2,2,0,dom,10
40,73921012,Cameroon,Mali,1,1,2,1,1,nul,10
40,73921013,Senegal,South Africa,1,0,1,1,0,dom,10
41,73921014,Algeria,Zambia,1,1,2,1,1,nul,10
41,73921015,Burkina Faso,Comoros,3,0,3,3,0,dom,10
41,73921017,Mali,Egypt,0,1,1,0,1,ext,10
41,73921018,Tanzania,Equatorial Guinea,0,1,1,0,1,ext,10
41,73921021,Morocco,Uganda,1,1,2,1,1,nul,10
41,73921023,Benin,Angola,0,0,0,0,0,nul,10
41,73921024,Botswana,Ivory Coast,0,0,0,0,0,nul,10
41,73921025,Tunisia,Senegal,0,3,3,0,3,ext,10
42,73921026,Zambia,Sudan,2,0,2,2,0,dom,10
42,73921029,Senegal,Morocco,3,1,4,3,1,dom,10
42,73921030,Egypt,DR Congo,0,0,0,0,0,nul,10
42,73921031,Gabon,Tunisia,3,0,3,3,0,dom,10
42,73921032,Nigeria,Benin,3,0,3,3,0,dom,10
42,73921033,Comoros,South Africa,0,0,0,0,0,nul,10
42,73921036,Cameroon,Mozambique,1,2,3,1,2,ext,10
44,73921050,Equatorial Guinea,Sudan,2,0,2,2,0,dom,10
44,73921051,Cameroon,Tanzania,2,0,2,2,0,dom,10
44,73921052,Nigeria,Algeria,1,3,4,1,3,ext,10
44,73921053,Gabon,Zimbabwe,1,2,3,1,2,ext,10
44,73921055,Egypt,Benin,1,0,1,1,0,dom,10
44,73921057,Mali,South Africa,1,1,2,1,1,nul,10
44,73921058,Senegal,Uganda,2,2,4,2,2,nul,10
44,73921059,Comoros,Morocco,0,1,1,0,1,ext,10
44,73921060,Botswana,Mozambique,0,0,0,0,0,nul,10
44,73921061,DR Congo,Burkina Faso,2,1,3,2,1,dom,10
45,73921063,Mozambique,Burkina Faso,0,0,0,0,0,nul,10
45,73921064,Morocco,Ivory Coast,0,0,0,0,0,nul,10
45,73921069,Tunisia,Mali,0,1,1,0,1,ext,10
45,73921070,South Africa,DR Congo,4,0,4,4,0,dom,10
45,73921071,Zimbabwe,Comoros,0,0,0,0,0,nul,10
46,73921079,Burkina Faso,Benin,5,0,5,5,0,dom,10
46,73921080,Gabon,Senegal,0,0,0,0,0,nul,10
46,73921081,Comoros,Uganda,3,0,3,3,0,dom,10
46,73921082,Angola,Sudan,1,0,1,1,0,dom,10
46,73921083,DR Congo,Tunisia,0,1,1,0,1,ext,10
46,73921084,Mali,Morocco,0,1,1,0,1,ext,10
46,73921085,Cameroon,Zambia,0,0,0,0,0,nul,10
1,73929027,Cameroon,Egypt,3,0,3,3,0,dom,11
1,73929029,Gabon,Botswana,5,1,6,5,1,dom,11
1,73929031,Equatorial Guinea,Algeria,1,0,1,1,0,dom,11
1,73929032,Senegal,Zambia,1,3,4,1,3,ext,11
1,73929034,Zimbabwe,Tanzania,2,0,2,2,0,dom,11
1,73929036,South Africa,Burkina Faso,2,1,3,2,1,dom,11
1,73929037,Mali,Sudan,1,2,3,1,2,ext,11
2,73929038,DR Congo,Comoros,2,1,3,2,1,dom,11
2,73929039,Egypt,Morocco,0,0,0,0,0,nul,11
2,73929041,Uganda,Zimbabwe,2,0,2,2,0,dom,11
2,73929042,Angola,Gabon,2,1,3,2,1,dom,11
2,73929046,Sudan,Benin,1,0,1,1,0,dom,11
2,73929048,Ivory Coast,Tanzania,4,0,4,4,0,dom,11
2,73929049,Senegal,South Africa,4,0,4,4,0,dom,11
3,73929051,Mali,Burkina Faso,3,0,3,3,0,dom,11
3,73929053,Comoros,Zambia,0,2,2,0,2,ext,11
3,73929054,Tunisia,South Africa,1,1,2,1,1,nul,11
3,73929056,Cameroon,Angola,0,0,0,0,0,nul,11
3,73929060,Uganda,Egypt,0,1,1,0,1,ext,11
4,73929063,Angola,Morocco,1,0,1,1,0,dom,11
4,73929064,DR Congo,Cameroon,0,2,2,0,2,ext,11
4,73929065,Burkina Faso,Benin,3,1,4,3,1,dom,11
4,73929066,Tunisia,Equatorial Guinea,2,0,2,2,0,dom,11
4,73929068,Algeria,Nigeria,2,2,4,2,2,nul,11
4,73929070,Mozambique,Ivory Coast,1,0,1,1,0,dom,11
4,73929071,South Africa,Comoros,1,0,1,1,0,dom,11
4,73929072,Senegal,Mali,0,0,0,0,0,nul,11
4,73929073,Botswana,Uganda,0,0,0,0,0,nul,11
5,73929074,Benin,Senegal,0,0,0,0,0,nul,11
5,73929076,Mali,Tunisia,0,1,1,0,1,ext,11
5,73929079,Comoros,Equatorial Guinea,1,1,2,1,1,nul,11
5,73929081,Morocco,DR Congo,0,0,0,0,0,nul,11
5,73929083,Gabon,South Africa,0,2,2,0,2,ext,11
6,73929087,Angola,Egypt,0,0,0,0,0,nul,11
6,73929090,Zambia,Morocco,0,2,2,0,2,ext,11
6,73929091,DR Congo,Uganda,0,0,0,0,0,nul,11
6,73929094,Senegal,Nigeria,2,0,2,2,0,dom,11
6,73929096,Algeria,Ivory Coast,0,0,0,0,0,nul,11
7,73929098,Morocco,South Africa,1,1,2,1,1,,0,,,0,0,0,nul,11
7,73929099,Mozambique,Algeria,4,1,5,4,1,,0,,,0,0,0,dom,11
7,73929100,Ivory Coast,Burkina Faso,0,0,0,0,0,,0,,,0,0,0,nul,11
7,73929101,Uganda,Zambia,4,1,5,4,1,,0,,,0,0,0,dom,11
7,73929102,Tanzania,Senegal,2,0,2,2,0,,0,,,0,0,0,dom,11
7,73929103,Nigeria,Tunisia,0,0,0,0,0,,0,,,0,0,0,nul,11
7,73929104,Botswana,Angola,2,1,3,2,1,,0,,,0,0,0,dom,11
7,73929105,Benin,Comoros,2,1,3,2,1,,0,,,0,0,0,dom,11
7,73929106,Zimbabwe,Sudan,1,0,1,1,0,,0,,,0,0,0,dom,11
7,73929107,Cameroon,Equatorial Guinea,0,1,1,0,1,,0,,,0,0,0,ext,11
7,73929108,Gabon,Mali,1,1,2,1,1,,0,,,0,0,0,nul,11
7,73929109,Egypt,DR Congo,4,1,5,4,1,,0,,,0,0,0,dom,11
8,73929110,South Africa,Uganda,2,2,4,2,2,nul,11
8,73929112,Zambia,Egypt,2,2,4,2,2,nul,11
8,73929113,Senegal,Ivory Coast,1,1,2,1,1,nul,11
8,73929114,Equatorial Guinea,Morocco,2,0,2,2,0,dom,11
8,73929117,Mali,Cameroon,3,0,3,3,0,dom,11
8,73929110,South Africa,Uganda,3,1,4,3,1,,0,,,0,0,0,dom,11
8,73929111,Algeria,Sudan,5,0,5,5,0,,0,,,0,0,0,dom,11
8,73929112,Zambia,Egypt,0,0,0,0,0,,0,,,0,0,0,nul,11
8,73929113,Senegal,Ivory Coast,1,0,1,1,0,,0,,,0,0,0,dom,11
8,73929114,Equatorial Guinea,Morocco,0,2,2,0,2,,0,,,0,0,0,ext,11
8,73929115,DR Congo,Botswana,0,1,1,0,1,,0,,,0,0,0,ext,11
8,73929116,Gabon,Benin,0,0,0,0,0,,0,,,0,0,0,nul,11
8,73929117,Mali,Cameroon,2,0,2,2,0,,0,,,0,0,0,dom,11
8,73929118,Angola,Zimbabwe,0,0,0,0,0,,0,,,0,0,0,nul,11
8,73929119,Comoros,Nigeria,1,2,3,1,2,,0,,,0,0,0,ext,11
8,73929120,Tunisia,Tanzania,0,0,0,0,0,,0,,,0,0,0,nul,11
8,73929121,Burkina Faso,Mozambique,3,1,4,3,1,,0,,,0,0,0,dom,11
8,73929120,Tunisia,Tanzania,0,0,0,0,0,nul,11
9,73929123,Zimbabwe,Algeria,0,1,1,0,1,ext,11
9,73929127,Ivory Coast,Tunisia,2,0,2,2,0,dom,11
9,73929129,Tanzania,Comoros,0,0,0,0,0,nul,11
9,73929131,Cameroon,Benin,2,0,2,2,0,dom,11
9,73929132,Angola,DR Congo,2,0,2,2,0,dom,11
15,73929194,Zambia,Mali,0,1,1,0,1,,0,,,0,0,0,ext,11
15,73929195,Senegal,Comoros,0,0,0,0,0,,0,,,0,0,0,nul,11
15,73929196,Angola,Nigeria,0,0,0,0,0,,0,,,0,0,0,nul,11
15,73929197,Botswana,Tanzania,0,1,1,0,1,,0,,,0,0,0,ext,11
15,73929198,Mozambique,Uganda,1,2,3,1,2,,0,,,0,0,0,ext,11
15,73929199,Zimbabwe,Tunisia,0,0,0,0,0,,0,,,0,0,0,nul,11
15,73929200,DR Congo,Benin,1,0,1,1,0,,0,,,0,0,0,dom,11
15,73929201,Algeria,Cameroon,2,1,3,2,1,,0,,,0,0,0,dom,11
15,73929202,Burkina Faso,Gabon,1,0,1,1,0,,0,,,0,0,0,dom,11
15,73929203,South Africa,Equatorial Guinea,1,0,1,1,0,,0,,,0,0,0,dom,11
15,73929204,Sudan,Morocco,0,4,4,0,4,,0,,,0,0,0,ext,11
15,73929205,Egypt,Ivory Coast,1,0,1,1,0,,0,,,0,0,0,dom,11
16,73929211,Nigeria,DR Congo,1,3,4,1,3,ext,11
16,73929213,Tanzania,Angola,0,0,0,0,0,nul,11
16,73929214,Equatorial Guinea,Zimbabwe,0,0,0,0,0,nul,11
16,73929215,Mali,South Africa,3,0,3,3,0,dom,11
16,73929217,Cameroon,Burkina Faso,1,1,2,1,1,nul,11
17,73929221,Zambia,Nigeria,0,2,2,0,2,ext,11
17,73929225,Tunisia,Gabon,3,1,4,3,1,dom,11
17,73929227,Angola,Ivory Coast,3,0,3,3,0,dom,11
21,73929266,Comoros,Uganda,2,0,2,2,0,,0,,,0,0,0,dom,11
21,73929267,Senegal,Botswana,1,1,2,1,1,,0,,,0,0,0,nul,11
21,73929268,DR Congo,Algeria,0,2,2,0,2,,0,,,0,0,0,ext,11
21,73929269,Benin,Nigeria,2,3,5,2,3,,0,,,0,0,0,ext,11
21,73929270,Equatorial Guinea,Ivory Coast,3,1,4,3,1,,0,,,0,0,0,dom,11
21,73929271,Gabon,Morocco,0,1,1,0,1,,0,,,0,0,0,ext,11
21,73929272,Zambia,Sudan,0,3,3,0,3,,0,,,0,0,0,ext,11
21,73929273,Tunisia,Egypt,0,2,2,0,2,,0,,,0,0,0,ext,11
21,73929274,Burkina Faso,Angola,4,2,6,4,2,,0,,,0,0,0,dom,11
21,73929275,South Africa,Mozambique,3,0,3,3,0,,0,,,0,0,0,dom,11
21,73929276,Zimbabwe,Cameroon,5,0,5,5,0,,0,,,0,0,0,dom,11
21,73929277,Mali,Tanzania,0,1,1,0,1,,0,,,0,0,0,ext,11
24,73929303,Egypt,Cameroon,1,0,1,1,0,dom,11
24,73929305,Botswana,Gabon,3,1,4,3,1,dom,11
24,73929306,Mozambique,Benin,3,1,4,3,1,dom,11
24,73929307,Algeria,Equatorial Guinea,1,1,2,1,1,nul,11
24,73929308,Zambia,Senegal,2,2,4,2,2,nul,11
24,73929309,DR Congo,Tunisia,2,0,2,2,0,dom,11
24,73929310,Tanzania,Zimbabwe,1,1,2,1,1,nul,11
24,73929312,Burkina Faso,South Africa,0,1,1,0,1,ext,11
38,73929470,Mali,Zambia,3,0,3,3,0,,0,,,0,0,0,dom,11
38,73929471,Comoros,Senegal,0,1,1,0,1,,0,,,0,0,0,ext,11
38,73929472,Nigeria,Angola,1,0,1,1,0,,0,,,0,0,0,dom,11
38,73929473,Tanzania,Botswana,0,0,0,0,0,,0,,,0,0,0,nul,11
38,73929474,Uganda,Mozambique,0,0,0,0,0,,0,,,0,0,0,nul,11
38,73929475,Tunisia,Zimbabwe,1,0,1,1,0,,0,,,0,0,0,dom,11
38,73929476,Benin,DR Congo,1,0,1,1,0,,0,,,0,0,0,dom,11
38,73929477,Cameroon,Algeria,1,0,1,1,0,,0,,,0,0,0,dom,11
38,73929478,Gabon,Burkina Faso,1,1,2,1,1,,0,,,0,0,0,nul,11
38,73929479,Equatorial Guinea,South Africa,0,1,1,0,1,,0,,,0,0,0,ext,11
38,73929480,Morocco,Sudan,0,0,0,0,0,,0,,,0,0,0,nul,11
38,73929481,Ivory Coast,Egypt,0,0,0,0,0,,0,,,0,0,0,nul,11
39,73929487,DR Congo,Nigeria,0,0,0,0,0,nul,11
39,73929489,Angola,Tanzania,1,0,1,1,0,dom,11
39,73929490,Zimbabwe,Equatorial Guinea,5,0,5,5,0,dom,11
39,73929491,South Africa,Mali,1,1,2,1,1,nul,11
39,73929492,Botswana,Ivory Coast,0,0,0,0,0,nul,11
39,73929493,Burkina Faso,Cameroon,1,0,1,1,0,dom,11
40,73929497,Nigeria,Zambia,2,0,2,2,0,dom,12
40,73929501,Gabon,Tunisia,0,2,2,0,2,ext,12
40,73929503,Ivory Coast,Angola,1,0,1,1,0,dom,12
1,73935325,Mozambique,Zimbabwe,2,0,2,2,0,dom,12
1,73935326,Egypt,Ivory Coast,2,1,3,2,1,dom,12
1,73935327,Nigeria,Sudan,0,0,0,0,0,nul,12
1,73935328,Angola,Comoros,0,0,0,0,0,nul,12
1,73935333,Morocco,Tanzania,0,3,3,0,3,ext,12
1,73935334,Benin,Equatorial Guinea,1,0,1,1,0,dom,12
2,73935337,South Africa,Gabon,1,0,1,1,0,dom,12
2,73935339,Ivory Coast,Mozambique,4,2,6,4,2,dom,12
2,73935340,Sudan,Uganda,1,0,1,1,0,dom,12
2,73935342,Senegal,Morocco,2,2,4,2,2,nul,12
2,73935343,Equatorial Guinea,Egypt,1,1,2,1,1,nul,12
2,73935346,Cameroon,Benin,1,3,4,1,3,ext,12
2,73935347,Tanzania,Burkina Faso,4,0,4,4,0,dom,12
2,73935348,Tunisia,Mali,2,1,3,2,1,dom,12
7,73935397,Morocco,Benin,1,0,1,1,0,,0,,,0,0,0,dom,12
7,73935398,Mali,Egypt,5,1,6,5,1,,0,,,0,0,0,dom,12
7,73935399,Angola,Uganda,0,2,2,0,2,,0,,,0,0,0,ext,12
7,73935400,Burkina Faso,Zimbabwe,1,0,1,1,0,,0,,,0,0,0,dom,12
7,73935401,Senegal,Sudan,5,1,6,5,1,,0,,,0,0,0,dom,12
7,73935402,Comoros,Ivory Coast,0,0,0,0,0,,0,,,0,0,0,nul,12
7,73935403,Zambia,Equatorial Guinea,4,0,4,4,0,,0,,,0,0,0,dom,12
7,73935404,Algeria,Nigeria,2,1,3,2,1,,0,,,0,0,0,dom,12
7,73935405,DR Congo,Cameroon,1,0,1,1,0,,0,,,0,0,0,dom,12
7,73935406,Gabon,Mozambique,0,0,0,0,0,,0,,,0,0,0,nul,12
7,73935407,Tanzania,Botswana,2,0,2,2,0,,0,,,0,0,0,dom,12
7,73935408,Tunisia,South Africa,1,1,2,1,1,,0,,,0,0,0,nul,12
9,73935421,Tunisia,Botswana,5,1,6,5,1,,0,,,0,0,0,dom,12
9,73935422,Mali,Angola,3,0,3,3,0,,0,,,0,0,0,dom,12
9,73935423,Zimbabwe,Equatorial Guinea,2,0,2,2,0,,0,,,0,0,0,dom,12
9,73935424,Zambia,Nigeria,0,0,0,0,0,,0,,,0,0,0,nul,12
9,73935425,Senegal,Benin,2,0,2,2,0,,0,,,0,0,0,dom,12
9,73935426,Morocco,Mozambique,3,0,3,3,0,,0,,,0,0,0,dom,12
9,73935427,South Africa,Sudan,4,0,4,4,0,,0,,,0,0,0,dom,12
9,73935428,Burkina Faso,Ivory Coast,0,0,0,0,0,,0,,,0,0,0,nul,12
9,73935429,Comoros,Cameroon,0,0,0,0,0,,0,,,0,0,0,nul,12
9,73935430,Tanzania,Egypt,0,0,0,0,0,,0,,,0,0,0,nul,12
9,73935431,Algeria,Gabon,3,1,4,3,1,,0,,,0,0,0,dom,12
9,73935432,DR Congo,Uganda,0,1,1,0,1,,0,,,0,0,0,ext,12
11,73935446,Zambia,Gabon,0,2,2,0,2,ext,12
11,73935449,Senegal,Mozambique,3,0,3,3,0,dom,12
11,73935450,Sudan,Botswana,0,1,1,0,1,ext,12
11,73935451,Burkina Faso,Equatorial Guinea,1,0,1,1,0,dom,12
11,73935452,Comoros,Uganda,1,0,1,1,0,dom,12
11,73935453,South Africa,Benin,4,0,4,4,0,dom,12
11,73935454,Morocco,Algeria,0,0,0,0,0,nul,12
11,73935455,DR Congo,Mali,0,0,0,0,0,nul,12
11,73935456,Tanzania,Angola,1,0,1,1,0,dom,12
28,73947207,DR Congo,Senegal,3,3,6,3,3,nul,12
28,73947209,Tunisia,Benin,1,2,3,1,2,ext,12
28,73947211,Cameroon,Morocco,0,0,0,0,0,nul,12
28,73947212,Gabon,Angola,0,0,0,0,0,nul,12
28,73947216,Ivory Coast,Botswana,2,0,2,2,0,dom,12
28,73947218,Burkina Faso,Comoros,0,1,1,0,1,ext,12
29,73947219,Equatorial Guinea,Mozambique,1,1,2,1,1,nul,12
29,73947220,South Africa,Zimbabwe,1,0,1,1,0,dom,12
29,73947221,Senegal,Ivory Coast,2,0,2,2,0,dom,12
29,73947223,Morocco,DR Congo,0,0,0,0,0,nul,12
29,73947229,Angola,Cameroon,3,0,3,3,0,dom,12
29,73947230,Botswana,Zambia,0,1,1,0,1,ext,12
30,73947231,DR Congo,Angola,1,1,2,1,1,nul,12
30,73947233,Zimbabwe,Equatorial Guinea,1,2,3,1,2,ext,12
30,73947235,Ivory Coast,Morocco,1,0,1,1,0,dom,12
30,73947237,Zambia,Senegal,4,1,5,4,1,dom,12
30,73947239,Burkina Faso,South Africa,2,1,3,2,1,dom,12
30,73947240,Uganda,Egypt,1,2,3,1,2,ext,12
30,73947242,Cameroon,Tunisia,1,2,3,1,2,ext,12
31,73947243,Botswana,Egypt,2,3,5,2,3,ext,12
31,73947245,Angola,Ivory Coast,2,1,3,2,1,dom,12
31,73947247,Tunisia,DR Congo,0,2,2,0,2,ext,12
31,73947251,Gabon,Cameroon,1,0,1,1,0,dom,12
31,73947252,Nigeria,Mozambique,2,1,3,2,1,dom,12
31,73947253,Equatorial Guinea,Burkina Faso,1,1,2,1,1,nul,12
31,73947254,Benin,Algeria,1,2,3,1,2,ext,12
32,73947256,Zimbabwe,Nigeria,0,0,0,0,0,nul,12
32,73947258,Comoros,Morocco,1,2,3,1,2,ext,12
32,73947259,Botswana,South Africa,0,5,5,0,5,ext,12
32,73947264,Cameroon,Benin,3,1,4,3,1,dom,12
32,73947265,Zambia,Angola,1,1,2,1,1,nul,12
32,73947266,Tanzania,Algeria,0,0,0,0,0,nul,12
33,73947267,Nigeria,Burkina Faso,1,0,1,1,0,dom,12
33,73947268,Gabon,Ivory Coast,0,1,1,0,1,ext,12
33,73947269,Algeria,Mozambique,2,1,3,2,1,dom,12
33,73947270,Mali,Zimbabwe,4,1,5,4,1,dom,12
33,73947271,Tunisia,Zambia,0,0,0,0,0,nul,12
33,73947274,Benin,Tanzania,0,1,1,0,1,ext,12
33,73947277,Senegal,South Africa,0,0,0,0,0,nul,12
34,73947279,Burkina Faso,Mali,1,0,1,1,0,dom,12
34,73947280,Zimbabwe,Algeria,0,2,2,0,2,ext,12
34,73947282,South Africa,Morocco,0,4,4,0,4,ext,12
34,73947283,DR Congo,Benin,3,0,3,3,0,dom,12
34,73947285,Egypt,Angola,3,0,3,3,0,dom,12
34,73947286,Comoros,Tunisia,0,1,1,0,1,ext,12
34,73947289,Ivory Coast,Cameroon,2,0,2,2,0,dom,12
34,73947290,Senegal,Equatorial Guinea,2,0,2,2,0,dom,12
35,73947291,Angola,South Africa,0,1,1,0,1,ext,12
35,73947292,Tanzania,Zimbabwe,0,0,0,0,0,nul,12
35,73947293,DR Congo,Ivory Coast,1,0,1,1,0,dom,12
35,73947294,Nigeria,Botswana,1,0,1,1,0,dom,12
35,73947299,Sudan,Senegal,1,1,2,1,1,nul,12
35,73947300,Tunisia,Egypt,0,0,0,0,0,nul,12
35,73947301,Gabon,Comoros,1,0,1,1,0,dom,12
36,73947303,Comoros,Cameroon,0,1,1,0,1,ext,12
36,73947304,Botswana,Mali,2,2,4,2,2,nul,12
36,73947306,Ivory Coast,Benin,1,0,1,1,0,dom,12
36,73947307,Zambia,DR Congo,2,0,2,2,0,dom,12
36,73947309,Senegal,Nigeria,1,0,1,1,0,dom,12
36,73947311,Egypt,Gabon,0,0,0,0,0,nul,12
36,73947314,Morocco,Sudan,1,1,2,1,1,nul,12
1,73955154,Uganda,Tanzania,0,0,0,0,0,nul,13
1,73955155,Senegal,Mali,1,1,2,1,1,nul,13
1,73955156,Zambia,Angola,0,3,3,0,3,ext,13
2,73955165,Burkina Faso,Sudan,0,0,0,0,0,nul,13
2,73955166,Tunisia,Egypt,2,0,2,2,0,dom,13
2,73955171,Ivory Coast,Nigeria,1,0,1,1,0,dom,13
2,73955172,Tanzania,Zambia,2,1,3,2,1,dom,13
5,73955199,Ivory Coast,Angola,3,1,4,3,1,,0,,,0,0,0,dom,13
5,73955200,Benin,Zimbabwe,4,0,4,4,0,,0,,,0,0,0,dom,13
5,73955201,Sudan,Gabon,1,2,3,1,2,,0,,,0,0,0,ext,13
5,73955202,Zambia,Senegal,1,0,1,1,0,,0,,,0,0,0,dom,13
5,73955203,Tunisia,Burkina Faso,1,1,2,1,1,,0,,,0,0,0,nul,13
5,73955204,Cameroon,Uganda,0,0,0,0,0,,0,,,0,0,0,nul,13
5,73955205,Nigeria,South Africa,0,0,0,0,0,,0,,,0,0,0,nul,13
5,73955206,Comoros,Mali,1,1,2,1,1,,0,,,0,0,0,nul,13
5,73955207,Egypt,Tanzania,1,1,2,1,1,,0,,,0,0,0,nul,13
5,73955208,DR Congo,Morocco,0,1,1,0,1,,0,,,0,0,0,ext,13
5,73955209,Equatorial Guinea,Botswana,1,1,2,1,1,,0,,,0,0,0,nul,13
5,73955210,Algeria,Mozambique,5,0,5,5,0,,0,,,0,0,0,dom,13
6,73955211,Zambia,Cameroon,0,0,0,0,0,nul,13
6,73955214,Zimbabwe,Comoros,1,0,1,1,0,dom,13
6,73955216,Botswana,South Africa,0,0,0,0,0,nul,13
6,73955218,Mozambique,Benin,1,0,1,1,0,dom,13
6,73955219,Angola,Tunisia,2,2,4,2,2,nul,13
6,73955220,Gabon,Egypt,2,2,4,2,2,nul,13
6,73955222,Uganda,Algeria,0,1,1,0,1,ext,13
35,73997781,Comoros,South Africa,0,0,0,0,0,,0,,,0,0,0,nul,13
35,73997782,Zambia,Nigeria,3,0,3,3,0,,0,,,0,0,0,dom,13
35,73997783,Tunisia,Morocco,0,0,0,0,0,,0,,,0,0,0,nul,13
35,73997784,Benin,Angola,0,2,2,0,2,,0,,,0,0,0,ext,13
35,73997785,Zimbabwe,Senegal,1,2,3,1,2,,0,,,0,0,0,ext,13
35,73997786,Uganda,Algeria,2,1,3,2,1,,0,,,0,0,0,dom,13
35,73997787,Equatorial Guinea,DR Congo,2,1,3,2,1,,0,,,0,0,0,dom,13
35,73997788,Ivory Coast,Sudan,0,0,0,0,0,,0,,,0,0,0,nul,13
35,73997789,Burkina Faso,Mozambique,1,1,2,1,1,,0,,,0,0,0,nul,13
35,73997790,Botswana,Egypt,0,1,1,0,1,,0,,,0,0,0,ext,13
35,73997791,Tanzania,Gabon,2,0,2,2,0,,0,,,0,0,0,dom,13
35,73997792,Cameroon,Mali,1,0,1,1,0,,0,,,0,0,0,dom,13
36,73997793,Sudan,Tunisia,0,1,1,0,1,ext,13
36,73997794,Angola,Equatorial Guinea,3,0,3,3,0,dom,13
36,73997796,Mali,Ivory Coast,0,0,0,0,0,nul,13
36,73997797,Nigeria,Zimbabwe,1,0,1,1,0,dom,13
36,73997798,Egypt,Burkina Faso,0,0,0,0,0,nul,13
36,73997801,Uganda,Tanzania,1,0,1,1,0,dom,13
36,73997803,Mozambique,Morocco,2,4,6,2,4,ext,13
37,73997805,Burkina Faso,DR Congo,2,1,3,2,1,dom,13
37,73997807,Comoros,Tanzania,0,1,1,0,1,ext,13
37,73997810,Benin,Uganda,3,0,3,3,0,dom,13
37,73997811,Ivory Coast,Senegal,2,1,3,2,1,dom,13
37,73997812,Tunisia,Mozambique,0,0,0,0,0,nul,13
37,73997816,Equatorial Guinea,Gabon,2,3,5,2,3,ext,13
38,73997822,Algeria,Zimbabwe,1,4,5,1,4,ext,13
38,73997827,DR Congo,Morocco,0,0,0,0,0,nul,13
38,73997828,Angola,Burkina Faso,1,0,1,1,0,dom,13
40,73997842,DR Congo,Egypt,0,1,1,0,1,ext,13
40,73997843,South Africa,Sudan,4,0,4,4,0,dom,13
40,73997844,Nigeria,Mali,0,0,0,0,0,nul,13
40,73997845,Zambia,Equatorial Guinea,1,1,2,1,1,nul,13
40,73997846,Senegal,Tunisia,0,0,0,0,0,nul,13
40,73997848,Algeria,Ivory Coast,3,0,3,3,0,dom,13
40,73997849,Benin,Zimbabwe,1,0,1,1,0,dom,13
40,73997850,Gabon,Morocco,0,3,3,0,3,ext,13
40,73997851,Tanzania,Cameroon,0,0,0,0,0,nul,13
10,74002498,Benin,Comoros,0,0,0,0,0,nul,14
10,74002500,South Africa,Sudan,5,0,5,5,0,dom,14
10,74002502,Uganda,Angola,1,1,2,1,1,nul,14
10,74002503,Nigeria,Senegal,0,0,0,0,0,nul,14
10,74002504,Zimbabwe,Mali,2,2,4,2,2,nul,14
10,74002506,Zambia,Mozambique,0,4,4,0,4,ext,14
10,74002507,Gabon,Cameroon,0,0,0,0,0,nul,14
10,74002508,Botswana,Tunisia,0,0,0,0,0,nul,14
10,74002509,Egypt,Ivory Coast,1,0,1,1,0,dom,14
11,74002510,Tunisia,Zimbabwe,1,1,2,1,1,,0,,,0,0,0,nul,14
11,74002511,Mozambique,Equatorial Guinea,0,2,2,0,2,,0,,,0,0,0,ext,14
11,74002512,Botswana,Nigeria,3,0,3,3,0,,0,,,0,0,0,dom,14
11,74002513,Mali,Tanzania,1,1,2,1,1,,0,,,0,0,0,nul,14
11,74002514,Cameroon,Benin,3,0,3,3,0,,0,,,0,0,0,dom,14
11,74002515,Sudan,Comoros,0,1,1,0,1,,0,,,0,0,0,ext,14
11,74002516,Ivory Coast,South Africa,1,0,1,1,0,,0,,,0,0,0,dom,14
11,74002517,Burkina Faso,Egypt,1,0,1,1,0,,0,,,0,0,0,dom,14
11,74002518,Morocco,Uganda,4,0,4,4,0,,0,,,0,0,0,dom,14
11,74002519,Angola,Gabon,0,0,0,0,0,,0,,,0,0,0,nul,14
11,74002520,DR Congo,Algeria,0,0,0,0,0,,0,,,0,0,0,nul,14
11,74002521,Senegal,Zambia,1,0,1,1,0,,0,,,0,0,0,dom,14
12,74002522,South Africa,Burkina Faso,3,1,4,3,1,dom,14
12,74002524,Sudan,Cameroon,1,0,1,1,0,dom,14
12,74002525,Tanzania,Zimbabwe,0,1,1,0,1,ext,14
12,74002530,Comoros,Ivory Coast,1,3,4,1,3,ext,14
12,74002532,Zambia,Botswana,0,1,1,0,1,ext,14
13,74002535,Morocco,Benin,4,1,5,4,1,dom,14
13,74002537,Burkina Faso,Comoros,1,2,3,1,2,ext,14
13,74002538,Zimbabwe,Algeria,0,0,0,0,0,nul,14
13,74002539,Botswana,Equatorial Guinea,1,1,2,1,1,nul,14
13,74002542,Nigeria,Zambia,0,2,2,0,2,ext,14
13,74002543,Tunisia,Tanzania,0,0,0,0,0,nul,14
13,74002545,DR Congo,Gabon,0,1,1,0,1,ext,14
14,74002546,Equatorial Guinea,Nigeria,1,1,2,1,1,nul,14
14,74002549,Sudan,Morocco,1,1,2,1,1,nul,14
14,74002550,Benin,DR Congo,1,1,2,1,1,nul,14
14,74002551,South Africa,Senegal,2,1,3,2,1,dom,14
14,74002553,Egypt,Botswana,0,0,0,0,0,nul,14
14,74002554,Algeria,Tanzania,3,1,4,3,1,dom,14
14,74002555,Zambia,Tunisia,0,0,0,0,0,nul,14
14,74002556,Cameroon,Burkina Faso,0,0,0,0,0,nul,14
14,74002557,Uganda,Zimbabwe,0,0,0,0,0,nul,14
15,74002558,DR Congo,Sudan,0,0,0,0,0,nul,14
15,74002560,Tanzania,Uganda,0,0,0,0,0,nul,14
15,74002561,Botswana,South Africa,0,4,4,0,4,ext,14
15,74002562,Mozambique,Cameroon,1,1,2,1,1,nul,14
15,74002563,Zambia,Equatorial Guinea,2,1,3,2,1,dom,14
15,74002564,Burkina Faso,Angola,0,0,0,0,0,nul,14
15,74002565,Mali,Benin,4,0,4,4,0,dom,14
15,74002566,Nigeria,Egypt,1,2,3,1,2,ext,14
15,74002567,Zimbabwe,Gabon,1,0,1,1,0,dom,14
15,74002569,Morocco,Ivory Coast,4,0,4,4,0,dom,14
16,74002570,Benin,Zimbabwe,0,0,0,0,0,nul,14
16,74002574,Burkina Faso,Morocco,0,3,3,0,3,ext,14
16,74002576,Equatorial Guinea,Tunisia,0,0,0,0,0,nul,14
16,74002578,Gabon,Tanzania,1,1,2,1,1,nul,14
16,74002580,Uganda,Algeria,0,1,1,0,1,ext,14
17,74002583,Zambia,South Africa,0,2,2,0,2,ext,14
17,74002584,DR Congo,Burkina Faso,1,1,2,1,1,nul,14
17,74002585,Mozambique,Morocco,5,0,5,5,0,dom,14
17,74002587,Nigeria,Comoros,1,0,1,1,0,dom,14
17,74002588,Algeria,Gabon,1,0,1,1,0,dom,14
17,74002591,Zimbabwe,Sudan,0,0,0,0,0,nul,14
17,74002592,Equatorial Guinea,Egypt,5,0,5,5,0,dom,14
17,74002593,Tanzania,Benin,1,1,2,1,1,nul,14
18,74002594,Morocco,Senegal,2,0,2,2,0,dom,14
18,74002595,Burkina Faso,Mali,0,0,0,0,0,nul,14
18,74002598,Sudan,Tanzania,0,4,4,0,4,ext,14
18,74002601,Gabon,Uganda,2,4,6,2,4,ext,14
18,74002602,Ivory Coast,Zimbabwe,2,0,2,2,0,dom,14
18,74002603,Egypt,Tunisia,0,0,0,0,0,nul,14
18,74002604,South Africa,Equatorial Guinea,0,0,0,0,0,nul,14
19,74002607,Botswana,Morocco,1,5,6,1,5,ext,14
19,74002608,Senegal,DR Congo,0,0,0,0,0,nul,14
19,74002609,Tanzania,Ivory Coast,0,1,1,0,1,ext,14
19,74002611,Algeria,Sudan,4,0,4,4,0,dom,14
19,74002613,Uganda,Benin,3,1,4,3,1,dom,14
19,74002617,Zimbabwe,Burkina Faso,2,1,3,2,1,dom,14
20,74002619,Senegal,Mali,0,0,0,0,0,nul,14
20,74002623,DR Congo,Botswana,0,0,0,0,0,nul,14
20,74002629,South Africa,Tunisia,1,0,1,1,0,dom,14
21,74002630,Algeria,Burkina Faso,3,0,3,3,0,dom,14
21,74002631,Gabon,Sudan,1,0,1,1,0,dom,14
21,74002635,Egypt,Cameroon,0,0,0,0,0,nul,14
21,74002636,Tunisia,Benin,3,0,3,3,0,dom,14
21,74002637,Nigeria,DR Congo,0,1,1,0,1,ext,14
21,74002640,South Africa,Comoros,2,1,3,2,1,dom,14
22,74002642,Ivory Coast,Gabon,2,0,2,2,0,dom,14
22,74002643,Comoros,Tunisia,0,0,0,0,0,nul,14
22,74002645,Angola,Egypt,1,0,1,1,0,dom,14
22,74002648,Burkina Faso,Uganda,0,0,0,0,0,nul,14
22,74002650,Cameroon,South Africa,0,0,0,0,0,nul,14
22,74002651,DR Congo,Zambia,1,1,2,1,1,nul,14
22,74002653,Mozambique,Algeria,3,1,4,3,1,dom,14
24,74002667,Mali,Equatorial Guinea,2,0,2,2,0,dom,14
24,74002669,Nigeria,Tanzania,0,0,0,0,0,nul,14
24,74002671,Burkina Faso,Benin,4,0,4,4,0,dom,14
24,74002673,Morocco,South Africa,1,0,1,1,0,dom,14
24,74002674,DR Congo,Egypt,0,0,0,0,0,nul,14
24,74002675,Cameroon,Tunisia,0,0,0,0,0,nul,14
24,74002676,Mozambique,Gabon,4,1,5,4,1,dom,14
24,74002677,Senegal,Uganda,0,1,1,0,1,ext,14
25,74002678,Algeria,Nigeria,1,3,4,1,3,ext,14
25,74002679,Comoros,Morocco,0,0,0,0,0,nul,14
25,74002680,Sudan,Burkina Faso,1,1,2,1,1,nul,14
25,74002681,Equatorial Guinea,Zimbabwe,1,2,3,1,2,ext,14
25,74002684,South Africa,DR Congo,1,1,2,1,1,nul,14
25,74002686,Tunisia,Ivory Coast,1,2,3,1,2,ext,14
25,74002687,Zambia,Tanzania,1,0,1,1,0,dom,14
26,74002690,Zimbabwe,Egypt,0,3,3,0,3,ext,14
26,74002693,DR Congo,Comoros,2,2,4,2,2,nul,14
26,74002694,Nigeria,Uganda,0,4,4,0,4,ext,14
26,74002696,Botswana,Gabon,0,2,2,0,2,ext,14
26,74002697,Tanzania,Equatorial Guinea,0,0,0,0,0,nul,14
26,74002701,Senegal,Benin,1,0,1,1,0,dom,14
27,74002704,Ivory Coast,Mozambique,1,0,1,1,0,dom,14
27,74002705,Tunisia,Burkina Faso,1,1,2,1,1,nul,14
27,74002708,Uganda,Zambia,2,0,2,2,0,dom,14
27,74002710,Cameroon,DR Congo,0,2,2,0,2,ext,14
27,74002711,Gabon,Nigeria,0,0,0,0,0,nul,14
27,74002713,South Africa,Zimbabwe,1,0,1,1,0,dom,14
28,74002715,Mali,Cameroon,0,0,0,0,0,nul,14
28,74002716,Senegal,Ivory Coast,1,1,2,1,1,nul,14
28,74002717,Nigeria,Benin,2,0,2,2,0,dom,14
28,74002720,Tanzania,South Africa,0,0,0,0,0,nul,14
28,74002721,Zambia,Gabon,3,0,3,3,0,dom,14
28,74002723,Zimbabwe,Comoros,3,0,3,3,0,dom,14
28,74002725,DR Congo,Angola,1,0,1,1,0,dom,14
29,74002726,Sudan,Nigeria,1,1,2,1,1,nul,14
29,74002732,Egypt,Uganda,0,1,1,0,1,ext,14
29,74002735,Tunisia,Mozambique,1,1,2,1,1,nul,14
29,74002736,Angola,Mali,3,0,3,3,0,dom,14
30,74002738,Botswana,Burkina Faso,0,0,0,0,0,nul,14
30,74002739,Algeria,Comoros,0,0,0,0,0,nul,14
30,74002741,Zimbabwe,Angola,1,1,2,1,1,nul,14
30,74002742,Egypt,Gabon,0,1,1,0,1,ext,14
30,74002743,Mali,Morocco,0,0,0,0,0,nul,14
30,74002744,Tanzania,Cameroon,1,1,2,1,1,nul,14
30,74002745,Equatorial Guinea,Benin,1,1,2,1,1,nul,14
30,74002746,Uganda,South Africa,0,2,2,0,2,ext,14
30,74002747,DR Congo,Tunisia,0,0,0,0,0,nul,14
30,74002748,Nigeria,Ivory Coast,0,0,0,0,0,nul,14
30,74002749,Senegal,Mozambique,0,0,0,0,0,nul,14
31,74002751,DR Congo,Mali,2,1,3,2,1,dom,14
31,74002754,Sudan,Equatorial Guinea,2,0,2,2,0,dom,14
31,74002758,Ivory Coast,Zambia,0,0,0,0,0,nul,14
31,74002759,Comoros,Uganda,3,1,4,3,1,dom,14
32,74002764,Zimbabwe,DR Congo,0,1,1,0,1,ext,14
32,74002766,Botswana,Senegal,0,3,3,0,3,ext,14
32,74002773,Algeria,Angola,0,0,0,0,0,nul,14
33,74002776,Sudan,South Africa,1,0,1,1,0,dom,14
33,74002779,Senegal,Nigeria,4,0,4,4,0,dom,14
33,74002782,Mozambique,Zambia,0,0,0,0,0,nul,14
33,74002783,Cameroon,Gabon,0,0,0,0,0,nul,14
33,74002784,Tunisia,Botswana,0,0,0,0,0,nul,14
33,74002785,Ivory Coast,Egypt,0,0,0,0,0,nul,14
34,74002787,Equatorial Guinea,Mozambique,0,1,1,0,1,ext,14
34,74002788,Nigeria,Botswana,4,1,5,4,1,dom,14
34,74002790,Benin,Cameroon,1,0,1,1,0,dom,14
34,74002792,South Africa,Ivory Coast,2,0,2,2,0,dom,14
34,74002794,Uganda,Morocco,0,0,0,0,0,nul,14
34,74002795,Gabon,Angola,0,0,0,0,0,nul,14
34,74002797,Zambia,Senegal,0,0,0,0,0,nul,14
35,74002798,Burkina Faso,South Africa,0,0,0,0,0,nul,14
35,74002800,Cameroon,Sudan,0,0,0,0,0,nul,14
35,74002806,Ivory Coast,Comoros,1,1,2,1,1,nul,14
35,74002808,Botswana,Zambia,2,0,2,2,0,dom,14
36,74002810,Cameroon,Ivory Coast,0,1,1,0,1,,0,,,0,0,0,ext,14
36,74002811,Benin,Morocco,2,2,4,2,2,,0,,,0,0,0,nul,14
36,74002812,Egypt,Senegal,0,0,0,0,0,,0,,,0,0,0,nul,14
36,74002813,Comoros,Burkina Faso,1,0,1,1,0,,0,,,0,0,0,dom,14
36,74002814,Algeria,Zimbabwe,2,0,2,2,0,,0,,,0,0,0,dom,14
36,74002815,Equatorial Guinea,Botswana,0,4,4,0,4,,0,,,0,0,0,ext,14
36,74002816,South Africa,Mozambique,1,0,1,1,0,,0,,,0,0,0,dom,14
36,74002817,Sudan,Angola,2,1,3,2,1,,0,,,0,0,0,dom,14
36,74002818,Zambia,Nigeria,0,0,0,0,0,,0,,,0,0,0,nul,14
36,74002819,Tanzania,Tunisia,2,2,4,2,2,,0,,,0,0,0,nul,14
36,74002820,Uganda,Mali,1,1,2,1,1,,0,,,0,0,0,nul,14
36,74002821,Gabon,DR Congo,1,1,2,1,1,,0,,,0,0,0,nul,14
37,74002822,Nigeria,Equatorial Guinea,1,0,1,1,0,dom,14
37,74002825,Morocco,Sudan,1,0,1,1,0,dom,14
37,74002826,DR Congo,Benin,1,0,1,1,0,dom,14
37,74002827,Senegal,South Africa,2,1,3,2,1,dom,14
37,74002829,Botswana,Egypt,1,1,2,1,1,nul,14
37,74002830,Tanzania,Algeria,3,1,4,3,1,dom,14
37,74002831,Tunisia,Zambia,3,0,3,3,0,dom,14
37,74002832,Burkina Faso,Cameroon,2,1,3,2,1,dom,14
37,74002833,Zimbabwe,Uganda,0,1,1,0,1,ext,14
38,74002834,Sudan,DR Congo,0,2,2,0,2,ext,14
38,74002836,Uganda,Tanzania,0,0,0,0,0,nul,14
38,74002837,South Africa,Botswana,1,0,1,1,0,dom,14
38,74002838,Cameroon,Mozambique,1,0,1,1,0,dom,14
38,74002839,Equatorial Guinea,Zambia,0,1,1,0,1,ext,14
38,74002841,Benin,Mali,0,0,0,0,0,nul,14
38,74002842,Egypt,Nigeria,1,0,1,1,0,dom,14
38,74002843,Gabon,Zimbabwe,0,0,0,0,0,nul,14
38,74002844,Algeria,Tunisia,1,0,1,1,0,dom,14
38,74002845,Ivory Coast,Morocco,0,1,1,0,1,ext,14
39,74002846,Zimbabwe,Benin,0,3,3,0,3,ext,14
39,74002848,DR Congo,Ivory Coast,1,1,2,1,1,nul,14
39,74002852,Tunisia,Equatorial Guinea,0,0,0,0,0,nul,14
39,74002854,Tanzania,Gabon,3,1,4,3,1,dom,14
39,74002856,Algeria,Uganda,0,1,1,0,1,ext,14
40,74002859,South Africa,Zambia,2,2,4,2,2,nul,14
40,74002860,Burkina Faso,DR Congo,0,1,1,0,1,ext,14
40,74002861,Morocco,Mozambique,2,0,2,2,0,dom,14
40,74002863,Comoros,Nigeria,0,2,2,0,2,ext,14
40,74002864,Gabon,Algeria,1,3,4,1,3,ext,14
40,74002867,Sudan,Zimbabwe,0,2,2,0,2,ext,14
40,74002868,Egypt,Equatorial Guinea,5,0,5,5,0,dom,14
40,74002869,Benin,Tanzania,1,0,1,1,0,dom,14
41,74002871,Mali,Burkina Faso,3,0,3,3,0,dom,14
41,74002874,Tanzania,Sudan,0,1,1,0,1,ext,14
41,74002877,Uganda,Gabon,1,1,2,1,1,nul,14
41,74002878,Zimbabwe,Ivory Coast,1,0,1,1,0,dom,14
41,74002879,Tunisia,Egypt,0,0,0,0,0,nul,14
41,74002880,Equatorial Guinea,South Africa,0,0,0,0,0,nul,14
42,74002883,Morocco,Botswana,2,1,3,2,1,dom,14
42,74002884,DR Congo,Senegal,2,2,4,2,2,nul,14
42,74002885,Ivory Coast,Tanzania,3,1,4,3,1,dom,14
42,74002887,Sudan,Algeria,3,0,3,3,0,dom,14
42,74002893,Burkina Faso,Zimbabwe,3,0,3,3,0,dom,14
43,74002895,Mali,Senegal,0,0,0,0,0,nul,14
43,74002899,Botswana,DR Congo,0,1,1,0,1,ext,14
43,74002905,Tunisia,South Africa,1,0,1,1,0,dom,14
44,74002906,Burkina Faso,Algeria,3,1,4,3,1,dom,14
44,74002907,Sudan,Gabon,4,1,5,4,1,dom,14
44,74002911,Cameroon,Egypt,2,0,2,2,0,dom,14
44,74002912,Benin,Tunisia,1,0,1,1,0,dom,14
44,74002913,DR Congo,Nigeria,0,1,1,0,1,ext,14
44,74002916,Comoros,South Africa,0,1,1,0,1,ext,14
45,74002919,Tunisia,Comoros,2,0,2,2,0,dom,14
45,74002921,Egypt,Angola,0,1,1,0,1,ext,14
45,74002926,South Africa,Cameroon,2,0,2,2,0,dom,14
45,74002927,Zambia,DR Congo,0,2,2,0,2,ext,14
45,74002929,Algeria,Mozambique,0,0,0,0,0,nul,14
46,74002934,Ivory Coast,Benin,0,0,0,0,0,nul,14
46,74002935,Senegal,Algeria,5,0,5,5,0,dom,14
46,74002936,Mozambique,Uganda,2,2,4,2,2,nul,14
46,74002937,Morocco,Egypt,3,0,3,3,0,dom,14
46,74002940,Burkina Faso,Gabon,2,0,2,2,0,dom,14
8,74010192,Nigeria,Burkina Faso,0,0,0,0,0,nul,15
8,74010193,Egypt,Uganda,0,3,3,0,3,ext,15
8,74010194,Morocco,South Africa,1,0,1,1,0,dom,15
8,74010195,Angola,Mozambique,0,2,2,0,2,ext,15
8,74010196,Benin,Algeria,0,0,0,0,0,nul,15
8,74010199,Mali,Sudan,0,0,0,0,0,nul,15
8,74010200,Zimbabwe,Senegal,1,1,2,1,1,nul,15
8,74010201,Botswana,Cameroon,0,0,0,0,0,nul,15
8,74010202,Ivory Coast,Zambia,0,0,0,0,0,nul,15
9,74010207,Benin,Nigeria,0,1,1,0,1,ext,15
9,74010208,Senegal,DR Congo,0,0,0,0,0,nul,15
9,74010211,Tunisia,Tanzania,1,1,2,1,1,nul,15
9,74010213,Cameroon,Morocco,0,3,3,0,3,ext,15
10,74010216,Botswana,Burkina Faso,0,4,4,0,4,ext,15
10,74010217,Uganda,South Africa,0,0,0,0,0,nul,15
10,74010218,Egypt,Equatorial Guinea,2,0,2,2,0,dom,15
10,74010219,Mali,Senegal,0,1,1,0,1,ext,15
10,74010224,Mozambique,Sudan,1,1,2,1,1,nul,15
10,74010225,Nigeria,Algeria,0,1,1,0,1,ext,15
10,74010227,Morocco,Zambia,0,0,0,0,0,nul,15
14,74010264,Botswana,Algeria,0,4,4,0,4,ext,15
14,74010265,DR Congo,Zimbabwe,1,1,2,1,1,nul,15
14,74010266,Egypt,Comoros,1,0,1,1,0,dom,15
14,74010268,Equatorial Guinea,Zambia,0,0,0,0,0,nul,15
14,74010270,Mali,Tanzania,1,0,1,1,0,dom,15
14,74010271,Mozambique,Tunisia,0,0,0,0,0,nul,15
14,74010272,South Africa,Gabon,1,1,2,1,1,nul,15
14,74010273,Uganda,Benin,1,1,2,1,1,nul,15
14,74010275,Sudan,Burkina Faso,4,1,5,4,1,dom,15
15,74010276,Benin,Sudan,1,0,1,1,0,dom,15
15,74010277,Comoros,Mozambique,1,0,1,1,0,dom,15
15,74010279,Tunisia,South Africa,2,0,2,2,0,dom,15
15,74010280,Ivory Coast,Angola,0,1,1,0,1,ext,15
15,74010281,Tanzania,Egypt,0,0,0,0,0,nul,15
15,74010284,Burkina Faso,Equatorial Guinea,3,0,3,3,0,dom,15
15,74010285,Zambia,Senegal,1,1,2,1,1,nul,15
15,74010286,Algeria,DR Congo,2,1,3,2,1,dom,15
15,74010287,Gabon,Cameroon,0,0,0,0,0,nul,15
22,74010360,Cameroon,Egypt,1,2,3,1,2,ext,15
22,74010361,Benin,Zimbabwe,1,1,2,1,1,nul,15
22,74010362,Comoros,Ivory Coast,1,0,1,1,0,dom,15
22,74010364,Gabon,Morocco,0,1,1,0,1,ext,15
22,74010367,Sudan,Algeria,0,1,1,0,1,ext,15
22,74010370,Zambia,Mali,0,0,0,0,0,nul,15
23,74010372,DR Congo,Benin,1,0,1,1,0,,0,,,0,0,0,dom,15
23,74010373,Morocco,Tunisia,0,1,1,0,1,,0,,,0,0,0,ext,15
23,74010374,Uganda,Senegal,2,0,2,2,0,,0,,,0,0,0,dom,15
23,74010375,Sudan,Equatorial Guinea,1,0,1,1,0,,0,,,0,0,0,dom,15
23,74010376,Egypt,Zambia,0,0,0,0,0,,0,,,0,0,0,nul,15
23,74010377,Algeria,South Africa,0,0,0,0,0,,0,,,0,0,0,nul,15
23,74010378,Angola,Gabon,0,0,0,0,0,,0,,,0,0,0,nul,15
23,74010379,Zimbabwe,Nigeria,1,0,1,1,0,,0,,,0,0,0,dom,15
23,74010380,Ivory Coast,Tanzania,2,0,2,2,0,,0,,,0,0,0,dom,15
23,74010381,Mozambique,Cameroon,1,3,4,1,3,,0,,,0,0,0,ext,15
23,74010382,Mali,Burkina Faso,0,2,2,0,2,,0,,,0,0,0,ext,15
23,74010383,Botswana,Comoros,1,2,3,1,2,,0,,,0,0,0,ext,15
24,74010386,Zambia,Mozambique,1,0,1,1,0,dom,15
24,74010387,Benin,Mali,0,0,0,0,0,nul,15
24,74010388,Tanzania,Botswana,1,0,1,1,0,dom,15
24,74010389,Ivory Coast,Zimbabwe,4,0,4,4,0,dom,15
24,74010395,Comoros,Morocco,0,1,1,0,1,ext,15
30,74010461,Mali,Uganda,2,2,4,2,2,nul,15
30,74010462,Nigeria,Zambia,1,0,1,1,0,dom,15
30,74010464,Botswana,South Africa,0,1,1,0,1,ext,15
30,74010465,Comoros,Gabon,2,2,4,2,2,nul,15
25,74010397,Mali,Nigeria,0,0,0,0,0,nul,15
25,74010400,Botswana,Zimbabwe,3,1,4,3,1,dom,15
25,74010401,South Africa,Zambia,1,0,1,1,0,dom,15
25,74010403,Algeria,Cameroon,0,0,0,0,0,nul,15
31,74010469,Uganda,Egypt,3,0,3,3,0,dom,15
31,74010470,South Africa,Morocco,1,4,5,1,4,ext,15
31,74010471,Mozambique,Angola,0,0,0,0,0,nul,15
31,74010475,Sudan,Mali,0,0,0,0,0,nul,15
31,74010476,Senegal,Zimbabwe,4,0,4,4,0,dom,15
31,74010477,Cameroon,Botswana,1,0,1,1,0,dom,15
31,74010478,Zambia,Ivory Coast,0,0,0,0,0,nul,15
32,74010481,Zimbabwe,Gabon,2,1,3,2,1,dom,15
32,74010483,Nigeria,Benin,0,0,0,0,0,nul,15
32,74010484,DR Congo,Senegal,0,0,0,0,0,nul,15
32,74010487,Tanzania,Tunisia,1,0,1,1,0,dom,15
32,74010489,Morocco,Cameroon,2,0,2,2,0,dom,15
32,74010490,Ivory Coast,Burkina Faso,4,0,4,4,0,dom,15
33,74010492,Burkina Faso,Botswana,0,0,0,0,0,nul,15
33,74010493,South Africa,Uganda,0,2,2,0,2,ext,15
33,74010494,Equatorial Guinea,Egypt,1,0,1,1,0,dom,15
33,74010495,Senegal,Mali,1,0,1,1,0,dom,15
33,74010500,Sudan,Mozambique,0,0,0,0,0,nul,15
33,74010501,Algeria,Nigeria,0,0,0,0,0,nul,15
33,74010503,Zambia,Morocco,0,0,0,0,0,nul,15
39,74010564,Zimbabwe,Egypt,1,1,2,1,1,,0,,,0,0,0,nul,15
39,74010565,Gabon,Zambia,0,3,3,0,3,,0,,,0,0,0,ext,15
39,74010566,Ivory Coast,Uganda,2,1,3,2,1,,0,,,0,0,0,dom,15
39,74010567,Tunisia,Cameroon,2,0,2,2,0,,0,,,0,0,0,dom,15
39,74010568,Comoros,South Africa,0,0,0,0,0,,0,,,0,0,0,nul,15
39,74010569,Algeria,Morocco,1,1,2,1,1,,0,,,0,0,0,nul,15
39,74010570,Botswana,Angola,0,0,0,0,0,,0,,,0,0,0,nul,15
39,74010571,DR Congo,Mali,0,1,1,0,1,,0,,,0,0,0,ext,15
39,74010572,Burkina Faso,Senegal,0,0,0,0,0,,0,,,0,0,0,nul,15
39,74010573,Tanzania,Mozambique,1,1,2,1,1,,0,,,0,0,0,nul,15
39,74010574,Benin,Equatorial Guinea,3,0,3,3,0,,0,,,0,0,0,dom,15
39,74010575,Nigeria,Sudan,2,0,2,2,0,,0,,,0,0,0,dom,15
40,74010576,Mali,Algeria,1,0,1,1,0,dom,15
40,74010579,Egypt,DR Congo,0,0,0,0,0,nul,15
40,74010580,Zambia,Tunisia,0,2,2,0,2,ext,15
40,74010581,Angola,Morocco,1,2,3,1,2,ext,15
40,74010583,Mozambique,Zimbabwe,1,0,1,1,0,dom,15
40,74010584,South Africa,Tanzania,0,0,0,0,0,nul,15
40,74010586,Sudan,Ivory Coast,0,1,1,0,1,ext,15
41,74010588,Comoros,Zambia,1,1,2,1,1,nul,15
41,74010592,Benin,Gabon,0,1,1,0,1,ext,15
41,74010594,Ivory Coast,Equatorial Guinea,0,0,0,0,0,nul,15
41,74010596,Algeria,Angola,1,0,1,1,0,dom,15
41,74010597,Zimbabwe,South Africa,0,0,0,0,0,nul,15
42,74010600,Egypt,Algeria,2,0,2,2,0,dom,15
42,74010601,Sudan,Morocco,2,1,3,2,1,dom,15
42,74010602,Uganda,Angola,2,2,4,2,2,nul,15
42,74010605,Senegal,Ivory Coast,3,0,3,3,0,dom,15
42,74010607,Zambia,Tanzania,0,0,0,0,0,nul,15
42,74010608,Burkina Faso,Comoros,0,0,0,0,0,nul,15
42,74010609,Equatorial Guinea,Botswana,0,0,0,0,0,nul,15
42,74010610,Gabon,Nigeria,1,2,3,1,2,ext,15
43,74010615,Morocco,Equatorial Guinea,1,2,3,1,2,ext,15
43,74010616,Zimbabwe,Zambia,3,1,4,3,1,dom,15
43,74010617,Angola,Sudan,0,0,0,0,0,nul,15
43,74010618,Ivory Coast,Gabon,1,0,1,1,0,dom,15
44,74010624,Zambia,DR Congo,2,2,4,2,2,nul,15
44,74010625,South Africa,Egypt,0,2,2,0,2,ext,15
44,74010626,Benin,Tanzania,2,3,5,2,3,ext,15
44,74010628,Burkina Faso,Zimbabwe,0,1,1,0,1,ext,15
44,74010629,Equatorial Guinea,Angola,0,0,0,0,0,nul,15
44,74010630,Mozambique,Algeria,1,1,2,1,1,nul,15
44,74010632,Gabon,Botswana,0,0,0,0,0,nul,15
44,74010635,Comoros,Nigeria,0,0,0,0,0,nul,15
1,74013508,Burkina Faso,Sudan,0,0,0,0,0,nul,16
1,74013510,Ivory Coast,Benin,1,1,2,1,1,nul,16
1,74013511,Nigeria,Zambia,0,3,3,0,3,ext,16
1,74013513,Morocco,South Africa,2,0,2,2,0,dom,16
1,74013515,Comoros,Gabon,1,0,1,1,0,dom,16
1,74013516,DR Congo,Mali,0,0,0,0,0,nul,16
1,74013508,Burkina Faso,Sudan,0,0,0,0,0,nul,16
1,74013510,Ivory Coast,Benin,1,1,2,1,1,nul,16
1,74013511,Nigeria,Zambia,0,3,3,0,3,ext,16
1,74013513,Morocco,South Africa,2,0,2,2,0,dom,16
1,74013515,Comoros,Gabon,1,0,1,1,0,dom,16
1,74013516,DR Congo,Mali,0,0,0,0,0,nul,16
3,74013530,Comoros,Egypt,0,1,1,0,1,ext,16
3,74013532,Uganda,Sudan,0,0,0,0,0,nul,16
3,74013536,Angola,Zambia,1,0,1,1,0,dom,16
3,74013541,Equatorial Guinea,Algeria,0,0,0,0,0,nul,16
4,74013543,Tanzania,Tunisia,0,1,1,0,1,ext,16
4,74013549,Comoros,Nigeria,0,1,1,0,1,ext,16
4,74013550,Gabon,Zimbabwe,0,2,2,0,2,ext,16
4,74013552,Ivory Coast,Equatorial Guinea,1,1,2,1,1,nul,16
4,74013553,Cameroon,Senegal,1,1,2,1,1,nul,16
5,74013554,Burkina Faso,Egypt,3,1,4,3,1,dom,16
5,74013555,Mozambique,South Africa,4,0,4,4,0,dom,16
5,74013556,Uganda,Gabon,1,2,3,1,2,ext,16
5,74013557,Mali,Tanzania,1,0,1,1,0,dom,16
5,74013558,Tunisia,Zambia,1,1,2,1,1,nul,16
5,74013560,Zimbabwe,Benin,0,0,0,0,0,nul,16
5,74013561,Morocco,Nigeria,1,1,2,1,1,nul,16
5,74013562,Angola,Ivory Coast,1,1,2,1,1,nul,16
5,74013563,Cameroon,Sudan,0,1,1,0,1,ext,16
5,74013564,Equatorial Guinea,Comoros,1,1,2,1,1,nul,16
6,74013571,Tanzania,Botswana,0,1,1,0,1,ext,16
6,74013572,Egypt,Zimbabwe,6,0,6,6,0,dom,16
6,74013575,Sudan,Senegal,0,1,1,0,1,ext,16
7,74013578,Senegal,Tanzania,1,0,1,1,0,,0,,,0,0,0,dom,16
7,74013579,Burkina Faso,Equatorial Guinea,5,1,6,5,1,,0,,,0,0,0,dom,16
7,74013580,Botswana,Zambia,0,2,2,0,2,,0,,,0,0,0,ext,16
7,74013581,Sudan,South Africa,1,0,1,1,0,,0,,,0,0,0,dom,16
7,74013582,DR Congo,Comoros,5,1,6,5,1,,0,,,0,0,0,dom,16
7,74013583,Cameroon,Gabon,0,0,0,0,0,,0,,,0,0,0,nul,16
7,74013584,Mali,Algeria,4,0,4,4,0,,0,,,0,0,0,dom,16
7,74013585,Tunisia,Ivory Coast,2,1,3,2,1,,0,,,0,0,0,dom,16
7,74013586,Uganda,Egypt,1,0,1,1,0,,0,,,0,0,0,dom,16
7,74013587,Zimbabwe,Nigeria,0,0,0,0,0,,0,,,0,0,0,nul,16
7,74013588,Angola,Morocco,2,0,2,2,0,,0,,,0,0,0,dom,16
7,74013589,Mozambique,Benin,1,1,2,1,1,,0,,,0,0,0,nul,16
8,74013590,Egypt,Mozambique,1,2,3,1,2,,0,,,0,0,0,ext,16
8,74013591,Zambia,Tanzania,0,0,0,0,0,,0,,,0,0,0,nul,16
8,74013592,Nigeria,Uganda,0,4,4,0,4,,0,,,0,0,0,ext,16
8,74013593,Benin,Cameroon,0,1,1,0,1,,0,,,0,0,0,ext,16
8,74013594,South Africa,Senegal,0,0,0,0,0,,0,,,0,0,0,nul,16
8,74013595,Algeria,Botswana,1,0,1,1,0,,0,,,0,0,0,dom,16
8,74013596,Burkina Faso,Angola,0,0,0,0,0,,0,,,0,0,0,nul,16
8,74013597,Comoros,Tunisia,1,1,2,1,1,,0,,,0,0,0,nul,16
8,74013598,Gabon,Sudan,1,1,2,1,1,,0,,,0,0,0,nul,16
8,74013599,Equatorial Guinea,Zimbabwe,1,2,3,1,2,,0,,,0,0,0,ext,16
8,74013600,Ivory Coast,Mali,0,0,0,0,0,,0,,,0,0,0,nul,16
8,74013601,Morocco,DR Congo,0,0,0,0,0,,0,,,0,0,0,nul,16
9,74013603,Tanzania,Algeria,0,1,1,0,1,ext,16
9,74013606,Zimbabwe,Angola,1,0,1,1,0,dom,16
9,74013608,Senegal,Zambia,1,1,2,1,1,nul,16
9,74013610,Cameroon,Egypt,2,0,2,2,0,dom,16
9,74013611,Botswana,Ivory Coast,2,0,2,2,0,dom,16
14,74013662,Morocco,Algeria,1,0,1,1,0,,0,,,0,0,0,dom,16
14,74013663,Egypt,Senegal,0,0,0,0,0,,0,,,0,0,0,nul,16
14,74013664,Zimbabwe,Tanzania,1,0,1,1,0,,0,,,0,0,0,dom,16
14,74013665,DR Congo,Sudan,1,0,1,1,0,,0,,,0,0,0,dom,16
14,74013666,Angola,South Africa,1,0,1,1,0,,0,,,0,0,0,dom,16
14,74013667,Tunisia,Cameroon,1,0,1,1,0,,0,,,0,0,0,dom,16
14,74013668,Equatorial Guinea,Gabon,2,0,2,2,0,,0,,,0,0,0,dom,16
14,74013669,Nigeria,Benin,5,0,5,5,0,,0,,,0,0,0,dom,16
14,74013670,Burkina Faso,Zambia,2,1,3,2,1,,0,,,0,0,0,dom,16
14,74013671,Uganda,Botswana,0,1,1,0,1,,0,,,0,0,0,ext,16
14,74013672,Comoros,Ivory Coast,0,2,2,0,2,,0,,,0,0,0,ext,16
14,74013673,Mozambique,Mali,1,1,2,1,1,,0,,,0,0,0,nul,16
18,74013710,Burkina Faso,Morocco,3,0,3,3,0,,0,,,0,0,0,dom,16
18,74013711,Mali,Gabon,2,1,3,2,1,,0,,,0,0,0,dom,16
18,74013712,Tunisia,Benin,3,0,3,3,0,,0,,,0,0,0,dom,16
18,74013713,Sudan,Tanzania,0,1,1,0,1,,0,,,0,0,0,ext,16
18,74013714,Mozambique,Algeria,0,1,1,0,1,,0,,,0,0,0,ext,16
18,74013715,Uganda,Ivory Coast,1,0,1,1,0,,0,,,0,0,0,dom,16
18,74013716,Zimbabwe,Comoros,0,2,2,0,2,,0,,,0,0,0,ext,16
18,74013717,Botswana,South Africa,0,4,4,0,4,,0,,,0,0,0,ext,16
18,74013718,Angola,Nigeria,0,0,0,0,0,,0,,,0,0,0,nul,16
18,74013719,Cameroon,Zambia,1,0,1,1,0,,0,,,0,0,0,dom,16
18,74013720,Equatorial Guinea,Senegal,0,2,2,0,2,,0,,,0,0,0,ext,16
18,74013721,DR Congo,Egypt,0,1,1,0,1,,0,,,0,0,0,ext,16
19,74013722,Gabon,Botswana,2,0,2,2,0,dom,16
19,74013726,South Africa,Tanzania,0,0,0,0,0,nul,16
19,74013731,Algeria,Cameroon,0,0,0,0,0,nul,16
19,74013732,Ivory Coast,Mozambique,1,0,1,1,0,dom,16
23,74091289,Cameroon,Equatorial Guinea,4,0,4,4,0,dom,16
23,74091290,Mozambique,DR Congo,0,0,0,0,0,nul,16
23,74091292,Morocco,Egypt,0,2,2,0,2,ext,16
23,74091295,Tunisia,South Africa,1,1,2,1,1,nul,16
23,74091296,Sudan,Tanzania,1,2,3,1,2,ext,16
24,74091298,Tanzania,Mali,0,1,1,0,1,,0,,,0,0,0,ext,16
24,74091299,Uganda,Morocco,2,0,2,2,0,,0,,,0,0,0,dom,16
24,74091300,Burkina Faso,Tunisia,1,0,1,1,0,,0,,,0,0,0,dom,16
24,74091301,Senegal,Cameroon,0,0,0,0,0,,0,,,0,0,0,nul,16
24,74091302,Algeria,Nigeria,1,0,1,1,0,,0,,,0,0,0,dom,16
24,74091303,Angola,Zimbabwe,4,0,4,4,0,,0,,,0,0,0,dom,16
24,74091304,South Africa,Ivory Coast,0,0,0,0,0,,0,,,0,0,0,nul,16
24,74091305,Comoros,Zambia,1,0,1,1,0,,0,,,0,0,0,dom,16
24,74091306,Egypt,Botswana,0,0,0,0,0,,0,,,0,0,0,nul,16
24,74091307,DR Congo,Benin,0,0,0,0,0,,0,,,0,0,0,nul,16
24,74091308,Mozambique,Sudan,4,1,5,4,1,,0,,,0,0,0,dom,16
24,74091309,Equatorial Guinea,Gabon,0,1,1,0,1,,0,,,0,0,0,ext,16
25,74091310,Zambia,Tanzania,1,3,4,1,3,,0,,,0,0,0,ext,16
25,74091311,Morocco,DR Congo,0,0,0,0,0,,0,,,0,0,0,nul,16
25,74091312,Botswana,Uganda,1,1,2,1,1,,0,,,0,0,0,nul,16
25,74091313,Ivory Coast,Burkina Faso,1,2,3,1,2,,0,,,0,0,0,ext,16
25,74091314,Cameroon,Egypt,3,1,4,3,1,,0,,,0,0,0,dom,16
25,74091315,Benin,Sudan,1,0,1,1,0,,0,,,0,0,0,dom,16
25,74091316,Gabon,Senegal,1,1,2,1,1,,0,,,0,0,0,nul,16
25,74091317,Zimbabwe,South Africa,0,0,0,0,0,,0,,,0,0,0,nul,16
25,74091318,Nigeria,Comoros,1,2,3,1,2,,0,,,0,0,0,ext,16
25,74091319,Mali,Mozambique,1,0,1,1,0,,0,,,0,0,0,dom,16
25,74091320,Angola,Equatorial Guinea,1,0,1,1,0,,0,,,0,0,0,dom,16
25,74091321,Tunisia,Algeria,2,1,3,2,1,,0,,,0,0,0,dom,16
26,74091322,Equatorial Guinea,Zimbabwe,1,0,1,1,0,,0,,,0,0,0,dom,16
26,74091323,Uganda,Cameroon,1,0,1,1,0,,0,,,0,0,0,dom,16
26,74091324,Senegal,Angola,4,0,4,4,0,,0,,,0,0,0,dom,16
26,74091325,Algeria,Ivory Coast,1,0,1,1,0,,0,,,0,0,0,dom,16
26,74091326,Burkina Faso,South Africa,1,0,1,1,0,,0,,,0,0,0,dom,16
26,74091327,Egypt,Gabon,1,2,3,1,2,,0,,,0,0,0,ext,16
26,74091328,Mozambique,Zambia,1,1,2,1,1,,0,,,0,0,0,nul,16
26,74091329,DR Congo,Botswana,0,0,0,0,0,,0,,,0,0,0,nul,16
26,74091330,Benin,Mali,0,1,1,0,1,,0,,,0,0,0,ext,16
26,74091331,Comoros,Tunisia,1,0,1,1,0,,0,,,0,0,0,dom,16
26,74091332,Tanzania,Nigeria,1,0,1,1,0,,0,,,0,0,0,dom,16
26,74091333,Sudan,Morocco,5,0,5,5,0,,0,,,0,0,0,dom,16
27,74091334,Equatorial Guinea,Senegal,1,1,2,1,1,,0,,,0,0,0,nul,16
27,74091335,Angola,Egypt,1,3,4,1,3,,0,,,0,0,0,ext,16
27,74091336,Ivory Coast,Comoros,2,0,2,2,0,,0,,,0,0,0,dom,16
27,74091337,South Africa,Algeria,2,2,4,2,2,,0,,,0,0,0,nul,16
27,74091338,Zimbabwe,Burkina Faso,1,2,3,1,2,,0,,,0,0,0,ext,16
27,74091339,Morocco,Mali,2,1,3,2,1,,0,,,0,0,0,dom,16
27,74091340,Cameroon,DR Congo,1,0,1,1,0,,0,,,0,0,0,dom,16
27,74091341,Nigeria,Mozambique,1,1,2,1,1,,0,,,0,0,0,nul,16
27,74091342,Gabon,Uganda,0,1,1,0,1,,0,,,0,0,0,ext,16
27,74091343,Botswana,Sudan,1,1,2,1,1,,0,,,0,0,0,nul,16
27,74091344,Zambia,Benin,1,1,2,1,1,,0,,,0,0,0,nul,16
27,74091345,Tunisia,Tanzania,1,0,1,1,0,,0,,,0,0,0,dom,16
29,74010444,Senegal,Comoros,1,1,2,1,1,,0,,,0,0,0,nul,16
29,74010445,Sudan,Zimbabwe,1,0,1,1,0,,0,,,0,0,0,dom,16
29,74010446,Angola,Mali,2,0,2,2,0,,0,,,0,0,0,dom,16
29,74010447,Uganda,DR Congo,0,3,3,0,3,,0,,,0,0,0,ext,16
29,74010448,Algeria,Burkina Faso,0,0,0,0,0,,0,,,0,0,0,nul,16
29,74010449,Mozambique,Botswana,0,0,0,0,0,,0,,,0,0,0,nul,16
29,74010450,Cameroon,Nigeria,0,1,1,0,1,,0,,,0,0,0,ext,16
29,74010451,Zambia,Benin,0,0,0,0,0,,0,,,0,0,0,nul,16
29,74010452,Gabon,Tunisia,6,0,6,6,0,,0,,,0,0,0,dom,16
29,74010453,South Africa,Ivory Coast,1,1,2,1,1,,0,,,0,0,0,nul,16
29,74010454,Egypt,Morocco,3,0,3,3,0,,0,,,0,0,0,dom,16
29,74010455,Equatorial Guinea,Tanzania,0,1,1,0,1,,0,,,0,0,0,ext,16
32,74091394,Morocco,South Africa,0,1,1,0,1,,0,,,0,0,0,ext,16
32,74091395,Benin,Burkina Faso,0,0,0,0,0,,0,,,0,0,0,nul,16
32,74091396,Mali,Equatorial Guinea,0,0,0,0,0,,0,,,0,0,0,nul,16
32,74091397,Uganda,Zimbabwe,1,0,1,1,0,,0,,,0,0,0,dom,16
32,74091398,Zambia,Angola,0,0,0,0,0,,0,,,0,0,0,nul,16
32,74091399,DR Congo,Egypt,0,1,1,0,1,,0,,,0,0,0,ext,16
32,74091400,Mozambique,Algeria,4,0,4,4,0,,0,,,0,0,0,dom,16
32,74091401,Nigeria,Gabon,0,0,0,0,0,,0,,,0,0,0,nul,16
32,74091402,Cameroon,Tunisia,0,0,0,0,0,,0,,,0,0,0,nul,16
32,74091403,Sudan,Senegal,0,1,1,0,1,,0,,,0,0,0,ext,16
32,74091404,Botswana,Ivory Coast,0,3,3,0,3,,0,,,0,0,0,ext,16
32,74091405,Tanzania,Comoros,0,1,1,0,1,,0,,,0,0,0,ext,16
33,74091406,South Africa,Botswana,1,1,2,1,1,,0,,,0,0,0,nul,16
33,74091407,Ivory Coast,Cameroon,5,0,5,5,0,,0,,,0,0,0,dom,16
33,74091408,Zimbabwe,Tanzania,2,3,5,2,3,,0,,,0,0,0,ext,16
33,74091409,Uganda,DR Congo,0,0,0,0,0,,0,,,0,0,0,nul,16
33,74091410,Equatorial Guinea,Zambia,1,0,1,1,0,,0,,,0,0,0,dom,16
33,74091411,Gabon,Tunisia,0,3,3,0,3,,0,,,0,0,0,ext,16
33,74091412,Angola,Nigeria,0,1,1,0,1,,0,,,0,0,0,ext,16
33,74091413,Senegal,Mali,1,0,1,1,0,,0,,,0,0,0,dom,16
33,74091414,Burkina Faso,Morocco,0,3,3,0,3,,0,,,0,0,0,ext,16
33,74091415,Comoros,Mozambique,0,0,0,0,0,,0,,,0,0,0,nul,16
33,74091416,Egypt,Sudan,5,0,5,5,0,,0,,,0,0,0,dom,16
33,74091417,Algeria,Benin,1,0,1,1,0,,0,,,0,0,0,dom,16
34,74091418,Nigeria,Equatorial Guinea,2,0,2,2,0,,0,,,0,0,0,dom,16
34,74091419,Gabon,Ivory Coast,1,2,3,1,2,,0,,,0,0,0,ext,16
34,74091420,Cameroon,South Africa,1,0,1,1,0,,0,,,0,0,0,dom,16
34,74091421,Botswana,Burkina Faso,1,2,3,1,2,,0,,,0,0,0,ext,16
34,74091422,Mali,Egypt,4,0,4,4,0,,0,,,0,0,0,dom,16
34,74091423,DR Congo,Zimbabwe,0,1,1,0,1,,0,,,0,0,0,ext,16
34,74091424,Zambia,Senegal,0,0,0,0,0,,0,,,0,0,0,nul,16
34,74091425,Tunisia,Angola,2,0,2,2,0,,0,,,0,0,0,dom,16
34,74091426,Mozambique,Tanzania,0,1,1,0,1,,0,,,0,0,0,ext,16
34,74091427,Sudan,Uganda,1,4,5,1,4,,0,,,0,0,0,ext,16
34,74091428,Benin,Comoros,1,0,1,1,0,,0,,,0,0,0,dom,16
34,74091429,Morocco,Algeria,2,1,3,2,1,,0,,,0,0,0,dom,16
35,74091432,Zimbabwe,Mozambique,0,1,1,0,1,ext,16
35,74091434,Equatorial Guinea,Tunisia,0,0,0,0,0,nul,16
35,74091436,Algeria,Botswana,5,0,5,5,0,dom,16
35,74091439,DR Congo,Sudan,0,0,0,0,0,nul,16
35,74091441,Comoros,Morocco,0,1,1,0,1,ext,16
36,74091442,Benin,Mozambique,0,1,1,0,1,ext,16
36,74091444,Tunisia,Senegal,0,0,0,0,0,nul,16
36,74091445,Mali,DR Congo,1,0,1,1,0,dom,16
36,74091446,Sudan,Zimbabwe,2,0,2,2,0,dom,16
36,74091448,Morocco,Tanzania,1,0,1,1,0,dom,16
36,74091449,Zambia,Uganda,2,1,3,2,1,dom,16
36,74091453,Botswana,Comoros,1,1,2,1,1,nul,16
37,74091455,Tanzania,Botswana,1,1,2,1,1,nul,16
37,74091457,Comoros,Cameroon,1,0,1,1,0,dom,16
37,74091459,Equatorial Guinea,South Africa,2,1,3,2,1,dom,16
37,74091460,Uganda,Nigeria,1,0,1,1,0,dom,16
37,74091461,Algeria,Gabon,1,1,2,1,1,nul,16
37,74091462,Senegal,Ivory Coast,3,1,4,3,1,dom,16
37,74091463,Egypt,Tunisia,3,0,3,3,0,dom,16
37,74091464,Zimbabwe,Benin,2,1,3,2,1,dom,16
38,74091466,Morocco,Benin,1,1,2,1,1,,0,,,0,0,0,nul,16
38,74091467,Nigeria,DR Congo,1,1,2,1,1,,0,,,0,0,0,nul,16
38,74091468,Equatorial Guinea,Burkina Faso,2,1,3,2,1,,0,,,0,0,0,dom,16
38,74091469,Cameroon,Tanzania,1,1,2,1,1,,0,,,0,0,0,nul,16
38,74091470,Botswana,Mozambique,1,2,3,1,2,,0,,,0,0,0,ext,16
38,74091471,Tunisia,Uganda,1,4,5,1,4,,0,,,0,0,0,ext,16
38,74091472,Gabon,Comoros,0,1,1,0,1,,0,,,0,0,0,ext,16
38,74091473,South Africa,Senegal,2,1,3,2,1,,0,,,0,0,0,dom,16
38,74091474,Ivory Coast,Egypt,1,0,1,1,0,,0,,,0,0,0,dom,16
38,74091475,Zambia,Sudan,1,1,2,1,1,,0,,,0,0,0,nul,16
38,74091476,Mali,Zimbabwe,0,0,0,0,0,,0,,,0,0,0,nul,16
38,74091477,Angola,Algeria,1,0,1,1,0,,0,,,0,0,0,dom,16
39,74091478,Uganda,Ivory Coast,0,3,3,0,3,,0,,,0,0,0,ext,16
39,74091479,Comoros,Angola,1,0,1,1,0,,0,,,0,0,0,dom,16
39,74091480,Zimbabwe,Morocco,1,1,2,1,1,,0,,,0,0,0,nul,16
39,74091481,Tanzania,Gabon,0,1,1,0,1,,0,,,0,0,0,ext,16
39,74091482,Senegal,Burkina Faso,2,1,3,2,1,,0,,,0,0,0,dom,16
39,74091483,Mali,Zambia,0,0,0,0,0,,0,,,0,0,0,nul,16
39,74091484,Benin,Botswana,0,0,0,0,0,,0,,,0,0,0,nul,16
39,74091485,Algeria,Equatorial Guinea,0,3,3,0,3,,0,,,0,0,0,ext,16
39,74091486,Egypt,South Africa,3,1,4,3,1,,0,,,0,0,0,dom,16
39,74091487,DR Congo,Tunisia,3,0,3,3,0,,0,,,0,0,0,dom,16
39,74091488,Sudan,Nigeria,0,1,1,0,1,,0,,,0,0,0,ext,16
39,74091489,Mozambique,Cameroon,4,0,4,4,0,,0,,,0,0,0,dom,16
41,74091502,Tanzania,Equatorial Guinea,1,1,2,1,1,,0,,,0,0,0,nul,16
41,74091503,Comoros,Senegal,3,0,3,3,0,,0,,,0,0,0,dom,16
41,74091504,Mali,Tunisia,0,0,0,0,0,,0,,,0,0,0,nul,16
41,74091505,Mozambique,Angola,0,1,1,0,1,,0,,,0,0,0,ext,16
41,74091506,Sudan,Ivory Coast,0,1,1,0,1,,0,,,0,0,0,ext,16
41,74091507,Zimbabwe,Botswana,1,0,1,1,0,,0,,,0,0,0,dom,16
41,74091508,Egypt,Algeria,0,0,0,0,0,,0,,,0,0,0,nul,16
41,74091509,Benin,Gabon,1,1,2,1,1,,0,,,0,0,0,nul,16
41,74091510,Zambia,Nigeria,1,0,1,1,0,,0,,,0,0,0,dom,16
41,74091511,DR Congo,South Africa,0,0,0,0,0,,0,,,0,0,0,nul,16
41,74091512,Uganda,Burkina Faso,0,0,0,0,0,,0,,,0,0,0,nul,16
41,74091513,Morocco,Cameroon,0,3,3,0,3,,0,,,0,0,0,ext,16
43,74091526,Tanzania,Egypt,0,2,2,0,2,ext,16
43,74091527,DR Congo,Algeria,1,1,2,1,1,nul,16
43,74091528,Botswana,Gabon,0,3,3,0,3,ext,16
43,74091529,Zambia,Ivory Coast,1,0,1,1,0,dom,16
43,74091530,Zimbabwe,Cameroon,0,0,0,0,0,nul,16
43,74091531,Mozambique,Senegal,1,0,1,1,0,dom,16
43,74091532,Morocco,Angola,0,0,0,0,0,nul,16
43,74091533,Uganda,Comoros,0,1,1,0,1,ext,16
43,74091537,Benin,Equatorial Guinea,4,0,4,4,0,dom,16
44,74091538,Equatorial Guinea,Morocco,0,0,0,0,0,nul,16
44,74091539,Egypt,Mozambique,2,1,3,2,1,dom,16
44,74091541,Ivory Coast,Nigeria,0,0,0,0,0,nul,16
44,74091543,Angola,Botswana,1,0,1,1,0,dom,16
44,74091545,Algeria,Sudan,4,0,4,4,0,dom,16
44,74091547,Comoros,DR Congo,0,0,0,0,0,nul,16
44,74091548,Senegal,Benin,2,0,2,2,0,dom,16
44,74091549,Burkina Faso,Mali,2,1,3,2,1,dom,16
45,74091550,Botswana,Equatorial Guinea,0,0,0,0,0,nul,16
45,74091551,Sudan,Comoros,0,0,0,0,0,nul,16
45,74091555,Zimbabwe,Gabon,1,2,3,1,2,ext,16
45,74091557,Cameroon,Angola,2,0,2,2,0,dom,16
45,74091558,Tunisia,Ivory Coast,0,1,1,0,1,ext,16
45,74091560,Benin,Egypt,0,2,2,0,2,ext,16
45,74091561,Mozambique,Uganda,0,0,0,0,0,nul,16
46,74091565,Equatorial Guinea,Cameroon,0,0,0,0,0,nul,16
46,74091566,DR Congo,Mozambique,1,2,3,1,2,ext,16
46,74091567,Angola,Gabon,1,0,1,1,0,dom,16
46,74091568,Egypt,Morocco,0,1,1,0,1,ext,16
46,74091571,South Africa,Tunisia,0,1,1,0,1,ext,16
46,74091572,Tanzania,Sudan,4,0,4,4,0,dom,16
1,74098325,Senegal,Angola,2,1,3,2,1,dom,17
1,74098326,Cameroon,Zambia,0,0,0,0,0,nul,17
1,74098329,Botswana,Ivory Coast,0,3,3,0,3,ext,17
1,74098330,Uganda,Morocco,2,0,2,2,0,dom,17
1,74098333,Tunisia,Comoros,1,0,1,1,0,dom,17
1,74098334,Egypt,Sudan,0,0,0,0,0,nul,17
1,74098335,South Africa,Benin,1,0,1,1,0,dom,17
2,74098338,Equatorial Guinea,Uganda,0,0,0,0,0,nul,17
2,74098340,DR Congo,Senegal,2,1,3,2,1,dom,17
2,74098342,Sudan,Cameroon,2,1,3,2,1,dom,17
2,74098344,Ivory Coast,Tunisia,1,0,1,1,0,dom,17
2,74098345,Mozambique,Algeria,2,1,3,2,1,dom,17
2,74098346,Angola,Tanzania,4,0,4,4,0,dom,17
3,74098348,Uganda,Comoros,1,0,1,1,0,,0,,,0,0,0,dom,17
3,74098349,Mali,Sudan,2,0,2,2,0,,0,,,0,0,0,dom,17
3,74098350,Benin,Morocco,1,0,1,1,0,,0,,,0,0,0,dom,17
3,74098351,Tunisia,Zimbabwe,0,0,0,0,0,,0,,,0,0,0,nul,17
3,74098352,Egypt,Angola,1,0,1,1,0,,0,,,0,0,0,dom,17
3,74098353,Gabon,Mozambique,1,4,5,1,4,,0,,,0,0,0,ext,17
3,74098354,Cameroon,Nigeria,0,0,0,0,0,,0,,,0,0,0,nul,17
3,74098355,South Africa,Equatorial Guinea,3,1,4,3,1,,0,,,0,0,0,dom,17
3,74098356,Algeria,Zambia,2,0,2,2,0,,0,,,0,0,0,dom,17
3,74098357,Burkina Faso,Ivory Coast,3,0,3,3,0,,0,,,0,0,0,dom,17
3,74098358,Tanzania,DR Congo,0,0,0,0,0,,0,,,0,0,0,nul,17
3,74098359,Botswana,Senegal,0,1,1,0,1,,0,,,0,0,0,ext,17
16,74115864,Nigeria,South Africa,1,0,1,1,0,,0,,,0,0,0,dom,17
16,74115865,Benin,Botswana,1,1,2,1,1,,0,,,0,0,0,nul,17
16,74115866,Gabon,Equatorial Guinea,0,1,1,0,1,,0,,,0,0,0,ext,17
16,74115867,Senegal,Mali,0,0,0,0,0,,0,,,0,0,0,nul,17
16,74115868,Cameroon,Egypt,0,2,2,0,2,,0,,,0,0,0,ext,17
16,74115869,Angola,Burkina Faso,0,0,0,0,0,,0,,,0,0,0,nul,17
16,74115870,Sudan,Ivory Coast,0,2,2,0,2,,0,,,0,0,0,ext,17
16,74115871,Zimbabwe,Tanzania,0,1,1,0,1,,0,,,0,0,0,ext,17
16,74115872,Comoros,Zambia,0,0,0,0,0,,0,,,0,0,0,nul,17
16,74115873,Morocco,Tunisia,0,0,0,0,0,,0,,,0,0,0,nul,17
16,74115874,Mozambique,Algeria,0,0,0,0,0,,0,,,0,0,0,nul,17
16,74115875,DR Congo,Uganda,0,1,1,0,1,,0,,,0,0,0,ext,17
22,74091274,Equatorial Guinea,Botswana,1,1,2,1,1,,0,,,0,0,0,nul,17
22,74091275,Comoros,Sudan,0,0,0,0,0,,0,,,0,0,0,nul,17
22,74091276,Senegal,Morocco,0,3,3,0,3,,0,,,0,0,0,ext,17
22,74091277,Algeria,Mali,0,0,0,0,0,,0,,,0,0,0,nul,17
22,74091278,South Africa,Nigeria,2,3,5,2,3,,0,,,0,0,0,ext,17
22,74091279,Gabon,Zimbabwe,0,0,0,0,0,,0,,,0,0,0,nul,17
22,74091280,Burkina Faso,Zambia,2,0,2,2,0,,0,,,0,0,0,dom,17
22,74091281,Angola,Cameroon,1,1,2,1,1,,0,,,0,0,0,nul,17
22,74091282,Ivory Coast,Tunisia,3,0,3,3,0,,0,,,0,0,0,dom,17
22,74091283,Tanzania,DR Congo,0,1,1,0,1,,0,,,0,0,0,ext,17
22,74091284,Egypt,Benin,2,0,2,2,0,,0,,,0,0,0,dom,17
22,74091285,Uganda,Mozambique,1,0,1,1,0,,0,,,0,0,0,dom,17
20,74115912,Tanzania,Tunisia,2,0,2,2,0,dom,17
20,74115917,Zimbabwe,Equatorial Guinea,1,0,1,1,0,dom,17
20,74115919,Mozambique,Benin,2,0,2,2,0,dom,17
20,74115920,Sudan,Burkina Faso,0,0,0,0,0,nul,17
20,74115921,Morocco,Comoros,1,0,1,1,0,dom,17
27,74115996,Sudan,Tanzania,1,2,3,1,2,ext,17
27,74115997,Cameroon,Mali,1,0,1,1,0,dom,17
27,74115998,Botswana,DR Congo,0,1,1,0,1,ext,17
27,74116000,Comoros,South Africa,0,2,2,0,2,ext,17
27,74116001,Benin,Burkina Faso,2,0,2,2,0,dom,17
27,74116004,Mozambique,Ivory Coast,2,2,4,2,2,nul,17
28,74116008,Tunisia,Cameroon,0,1,1,0,1,,0,,,0,0,0,ext,17
28,74116009,Benin,Angola,0,0,0,0,0,,0,,,0,0,0,nul,17
28,74116010,Burkina Faso,Gabon,1,1,2,1,1,,0,,,0,0,0,nul,17
28,74116011,Ivory Coast,Zimbabwe,2,0,2,2,0,,0,,,0,0,0,dom,17
28,74116012,Zambia,Nigeria,0,3,3,0,3,,0,,,0,0,0,ext,17
28,74116013,Egypt,Senegal,4,0,4,4,0,,0,,,0,0,0,dom,17
28,74116014,Tanzania,DR Congo,0,0,0,0,0,,0,,,0,0,0,nul,17
28,74116015,Mali,Mozambique,3,0,3,3,0,,0,,,0,0,0,dom,17
28,74116016,Equatorial Guinea,Comoros,1,1,2,1,1,,0,,,0,0,0,nul,17
28,74116017,Algeria,Sudan,3,0,3,3,0,,0,,,0,0,0,dom,17
28,74116018,Uganda,Botswana,3,0,3,3,0,,0,,,0,0,0,dom,17
28,74116019,South Africa,Morocco,1,0,1,1,0,,0,,,0,0,0,dom,17
29,74116020,Senegal,South Africa,1,0,1,1,0,,0,,,0,0,0,dom,17
29,74116021,Botswana,Tanzania,0,1,1,0,1,,0,,,0,0,0,ext,17
29,74116022,Zimbabwe,Mali,1,0,1,1,0,,0,,,0,0,0,dom,17
29,74116023,Nigeria,Burkina Faso,0,0,0,0,0,,0,,,0,0,0,nul,17
29,74116024,Uganda,Ivory Coast,2,0,2,2,0,,0,,,0,0,0,dom,17
29,74116025,Gabon,Angola,2,1,3,2,1,,0,,,0,0,0,dom,17
29,74116026,Cameroon,Zambia,3,0,3,3,0,,0,,,0,0,0,dom,17
29,74116027,Sudan,Egypt,0,5,5,0,5,,0,,,0,0,0,ext,17
29,74116028,Morocco,Equatorial Guinea,1,0,1,1,0,,0,,,0,0,0,dom,17
29,74116029,Mozambique,Tunisia,1,1,2,1,1,,0,,,0,0,0,nul,17
29,74116030,Comoros,Benin,3,0,3,3,0,,0,,,0,0,0,dom,17
29,74116031,DR Congo,Algeria,0,1,1,0,1,,0,,,0,0,0,ext,17
38,74116130,Burkina Faso,Botswana,2,1,3,2,1,dom,17
38,74116131,Morocco,Mali,1,1,2,1,1,nul,17
38,74116135,Sudan,Uganda,2,1,3,2,1,dom,17
38,74116136,Comoros,Tunisia,1,0,1,1,0,dom,17
38,74116138,Gabon,South Africa,0,0,0,0,0,nul,17
39,74116140,South Africa,Nigeria,0,3,3,0,3,,0,,,0,0,0,ext,17
39,74116141,Botswana,Benin,1,0,1,1,0,,0,,,0,0,0,dom,17
39,74116142,Equatorial Guinea,Gabon,1,1,2,1,1,,0,,,0,0,0,nul,17
39,74116143,Mali,Senegal,0,1,1,0,1,,0,,,0,0,0,ext,17
39,74116144,Egypt,Cameroon,2,1,3,2,1,,0,,,0,0,0,dom,17
39,74116145,Burkina Faso,Angola,0,0,0,0,0,,0,,,0,0,0,nul,17
39,74116146,Ivory Coast,Sudan,0,0,0,0,0,,0,,,0,0,0,nul,17
39,74116147,Tanzania,Zimbabwe,0,3,3,0,3,,0,,,0,0,0,ext,17
39,74116148,Zambia,Comoros,3,1,4,3,1,,0,,,0,0,0,dom,17
39,74116149,Tunisia,Morocco,3,0,3,3,0,,0,,,0,0,0,dom,17
39,74116150,Algeria,Mozambique,0,1,1,0,1,,0,,,0,0,0,ext,17
39,74116151,Uganda,DR Congo,4,0,4,4,0,,0,,,0,0,0,dom,17
40,74116152,Gabon,Benin,0,0,0,0,0,,0,,,0,0,0,nul,17
40,74116153,DR Congo,Ivory Coast,0,1,1,0,1,,0,,,0,0,0,ext,17
40,74116154,Comoros,Burkina Faso,1,3,4,1,3,,0,,,0,0,0,ext,17
40,74116155,Nigeria,Equatorial Guinea,1,1,2,1,1,,0,,,0,0,0,nul,17
40,74116156,Morocco,Zambia,3,1,4,3,1,,0,,,0,0,0,dom,17
40,74116157,Uganda,Tanzania,1,3,4,1,3,,0,,,0,0,0,ext,17
40,74116158,Mozambique,Egypt,2,2,4,2,2,,0,,,0,0,0,nul,17
40,74116159,Angola,Botswana,1,0,1,1,0,,0,,,0,0,0,dom,17
40,74116160,Senegal,Tunisia,1,1,2,1,1,,0,,,0,0,0,nul,17
40,74116161,Zimbabwe,Algeria,2,0,2,2,0,,0,,,0,0,0,dom,17
40,74116162,Sudan,Mali,0,1,1,0,1,,0,,,0,0,0,ext,17
40,74116163,Cameroon,South Africa,2,0,2,2,0,,0,,,0,0,0,dom,17
42,74116178,Comoros,Botswana,0,1,1,0,1,ext,17
42,74116182,Uganda,Egypt,0,2,2,0,2,ext,17
42,74116183,Cameroon,Benin,2,0,2,2,0,dom,17
43,74116193,Equatorial Guinea,Zimbabwe,0,0,0,0,0,nul,17
43,74116196,Burkina Faso,Sudan,0,0,0,0,0,nul,17
43,74116197,Comoros,Morocco,0,0,0,0,0,nul,17
44,74116200,Senegal,Comoros,1,1,2,1,1,,0,,,0,0,0,nul,17
44,74116201,Sudan,Angola,0,0,0,0,0,,0,,,0,0,0,nul,17
44,74116202,Morocco,Botswana,3,0,3,3,0,,0,,,0,0,0,dom,17
44,74116203,Mozambique,Gabon,1,3,4,1,3,,0,,,0,0,0,ext,17
44,74116204,Tanzania,Zambia,1,0,1,1,0,,0,,,0,0,0,dom,17
44,74116205,Zimbabwe,Benin,0,0,0,0,0,,0,,,0,0,0,nul,17
44,74116206,DR Congo,Burkina Faso,0,1,1,0,1,,0,,,0,0,0,ext,17
44,74116207,Ivory Coast,South Africa,4,1,5,4,1,,0,,,0,0,0,dom,17
44,74116208,Algeria,Tunisia,3,0,3,3,0,,0,,,0,0,0,dom,17
44,74116209,Mali,Egypt,1,0,1,1,0,,0,,,0,0,0,dom,17
44,74116210,Uganda,Equatorial Guinea,3,0,3,3,0,,0,,,0,0,0,dom,17
44,74116211,Cameroon,Nigeria,0,2,2,0,2,,0,,,0,0,0,ext,17
44,74116205,Zimbabwe,Benin,0,0,0,0,0,nul,17
44,74116207,Ivory Coast,South Africa,4,1,5,4,1,dom,17
44,74116208,Algeria,Tunisia,3,0,3,3,0,dom,17
44,74116209,Mali,Egypt,1,0,1,1,0,dom,17
44,74116211,Cameroon,Nigeria,0,2,2,0,2,ext,17
45,74116213,Benin,Uganda,0,0,0,0,0,nul,17
45,74116214,Gabon,Zimbabwe,0,0,0,0,0,nul,17
45,74116215,Burkina Faso,Tanzania,0,0,0,0,0,nul,17
45,74116216,Zambia,Algeria,1,1,2,1,1,nul,17
45,74116219,Botswana,Cameroon,0,1,1,0,1,ext,17
46,74116227,Mali,Equatorial Guinea,3,0,3,3,0,dom,17
46,74116230,DR Congo,Comoros,2,2,4,2,2,nul,17
46,74116233,Egypt,Zambia,1,0,1,1,0,dom,17
46,74116234,Tanzania,Angola,0,0,0,0,0,nul,17
1,74123909,DR Congo,Senegal,0,0,0,0,0,nul,18
1,74123911,South Africa,Zambia,1,1,2,1,1,nul,18
1,74123913,Algeria,Mozambique,2,0,2,2,0,dom,18
1,74123916,Ivory Coast,Tunisia,1,0,1,1,0,dom,18
1,74123918,Zimbabwe,Sudan,1,0,1,1,0,dom,18
7,74123979,Mozambique,Nigeria,1,0,1,1,0,,0,,,0,0,0,dom,18
7,74123980,Sudan,Tunisia,5,1,6,5,1,,0,,,0,0,0,dom,18
7,74123981,Equatorial Guinea,Botswana,0,2,2,0,2,,0,,,0,0,0,ext,18
7,74123982,Cameroon,Morocco,1,0,1,1,0,,0,,,0,0,0,dom,18
7,74123983,Comoros,Uganda,5,1,6,5,1,,0,,,0,0,0,dom,18
7,74123984,Algeria,Tanzania,0,0,0,0,0,,0,,,0,0,0,nul,18
7,74123985,Gabon,South Africa,4,0,4,4,0,,0,,,0,0,0,dom,18
7,74123986,Egypt,Burkina Faso,2,1,3,2,1,,0,,,0,0,0,dom,18
7,74123987,Benin,Angola,1,0,1,1,0,,0,,,0,0,0,dom,18
7,74123988,DR Congo,Ivory Coast,0,0,0,0,0,,0,,,0,0,0,nul,18
7,74123989,Senegal,Zambia,2,0,2,2,0,,0,,,0,0,0,dom,18
7,74123990,Zimbabwe,Mali,1,1,2,1,1,,0,,,0,0,0,nul,18
9,74124003,Benin,Morocco,4,0,4,4,0,,0,,,0,0,0,dom,18
9,74124004,Zimbabwe,Egypt,0,1,1,0,1,,0,,,0,0,0,ext,18
9,74124005,Senegal,Ivory Coast,1,0,1,1,0,,0,,,0,0,0,dom,18
9,74124006,Gabon,Tanzania,1,0,1,1,0,,0,,,0,0,0,dom,18
9,74124007,DR Congo,Algeria,1,0,1,1,0,,0,,,0,0,0,dom,18
9,74124008,Equatorial Guinea,Mali,2,0,2,2,0,,0,,,0,0,0,dom,18
9,74124009,Sudan,South Africa,1,1,2,1,1,,0,,,0,0,0,nul,18
9,74124010,Uganda,Zambia,0,0,0,0,0,,0,,,0,0,0,nul,18
9,74124011,Nigeria,Tunisia,2,0,2,2,0,,0,,,0,0,0,dom,18
9,74124012,Cameroon,Burkina Faso,2,0,2,2,0,,0,,,0,0,0,dom,18
9,74124013,Mozambique,Botswana,2,0,2,2,0,,0,,,0,0,0,dom,18
9,74124014,Comoros,Angola,1,1,2,1,1,,0,,,0,0,0,nul,18
4,74123946,South Africa,Burkina Faso,3,1,4,3,1,dom,18
4,74123948,Angola,DR Congo,1,0,1,1,0,dom,18
4,74123950,Nigeria,Gabon,3,0,3,3,0,dom,18
4,74123951,Mozambique,Equatorial Guinea,1,0,1,1,0,dom,18
4,74123952,Benin,Senegal,1,0,1,1,0,dom,18
4,74123953,Uganda,Cameroon,0,0,0,0,0,nul,18
16,74124087,DR Congo,Tunisia,4,0,4,4,0,dom,18
16,74124088,Egypt,Botswana,1,0,1,1,0,dom,18
16,74124090,Burkina Faso,Ivory Coast,0,2,2,0,2,ext,18
16,74124092,Cameroon,Nigeria,1,1,2,1,1,nul,18
16,74124093,Algeria,Morocco,1,0,1,1,0,dom,18
16,74124094,Zimbabwe,Zambia,4,0,4,4,0,dom,18
16,74124095,Gabon,Angola,0,0,0,0,0,nul,18
16,74124097,Equatorial Guinea,Uganda,1,3,4,1,3,ext,18
18,74124111,DR Congo,South Africa,0,0,0,0,0,nul,18
18,74124116,Sudan,Angola,0,0,0,0,0,nul,18
18,74124117,Mozambique,Uganda,0,0,0,0,0,nul,18
18,74124118,Gabon,Morocco,0,2,2,0,2,ext,18
18,74124119,Zimbabwe,Ivory Coast,0,0,0,0,0,nul,18
18,74124120,Tanzania,Comoros,0,2,2,0,2,ext,18
18,74124121,Algeria,Burkina Faso,3,0,3,3,0,dom,18
18,74124122,Benin,Nigeria,0,0,0,0,0,nul,18
19,74124123,Nigeria,Uganda,2,0,2,2,0,dom,18
19,74124125,Ivory Coast,Gabon,5,0,5,5,0,dom,18
19,74124126,Botswana,Senegal,1,5,6,1,5,ext,18
19,74124128,Tunisia,Benin,0,0,0,0,0,nul,18
19,74124131,Morocco,Equatorial Guinea,0,0,0,0,0,nul,18
20,74124138,Benin,Botswana,0,1,1,0,1,ext,18
20,74124140,Zimbabwe,Algeria,2,2,4,2,2,nul,18
20,74124141,Gabon,Burkina Faso,2,3,5,2,3,ext,18
20,74124143,Cameroon,Mali,0,0,0,0,0,nul,18
20,74124144,Sudan,Morocco,0,3,3,0,3,ext,18
20,74124145,Uganda,Tunisia,0,1,1,0,1,ext,18
21,74124147,Botswana,Uganda,1,3,4,1,3,,0,,,0,0,0,ext,18
21,74124148,Mali,Senegal,0,2,2,0,2,,0,,,0,0,0,ext,18
21,74124149,Burkina Faso,Equatorial Guinea,0,0,0,0,0,,0,,,0,0,0,nul,18
21,74124150,Comoros,Zimbabwe,0,0,0,0,0,,0,,,0,0,0,nul,18
21,74124151,Egypt,DR Congo,0,0,0,0,0,,0,,,0,0,0,nul,18
21,74124152,South Africa,Benin,1,0,1,1,0,,0,,,0,0,0,dom,18
21,74124153,Tunisia,Angola,2,1,3,2,1,,0,,,0,0,0,dom,18
21,74124154,Zambia,Nigeria,0,1,1,0,1,,0,,,0,0,0,ext,18
21,74124155,Tanzania,Cameroon,0,0,0,0,0,,0,,,0,0,0,nul,18
21,74124156,Ivory Coast,Sudan,4,0,4,4,0,,0,,,0,0,0,dom,18
21,74124157,Morocco,Mozambique,5,1,6,5,1,,0,,,0,0,0,dom,18
21,74124158,Algeria,Gabon,2,1,3,2,1,,0,,,0,0,0,dom,18
26,74115984,Mali,Nigeria,2,1,3,2,1,,0,,,0,0,0,dom,18
26,74115985,Egypt,Comoros,1,0,1,1,0,,0,,,0,0,0,dom,18
26,74115986,Uganda,Mozambique,0,1,1,0,1,,0,,,0,0,0,ext,18
26,74115987,Algeria,Morocco,3,1,4,3,1,,0,,,0,0,0,dom,18
26,74115988,Zambia,Benin,3,0,3,3,0,,0,,,0,0,0,dom,18
26,74115989,Zimbabwe,Botswana,0,0,0,0,0,,0,,,0,0,0,nul,18
26,74115990,Ivory Coast,Cameroon,2,0,2,2,0,,0,,,0,0,0,dom,18
26,74115991,DR Congo,Sudan,5,0,5,5,0,,0,,,0,0,0,dom,18
26,74115992,Tunisia,Gabon,2,0,2,2,0,,0,,,0,0,0,dom,18
26,74115993,Equatorial Guinea,Burkina Faso,2,1,3,2,1,,0,,,0,0,0,dom,18
26,74115994,Tanzania,Senegal,0,0,0,0,0,,0,,,0,0,0,nul,18
26,74115995,South Africa,Angola,3,0,3,3,0,,0,,,0,0,0,dom,18
30,74116032,Algeria,Tanzania,0,0,0,0,0,,0,,,0,0,0,nul,18
30,74116033,Burkina Faso,Cameroon,0,0,0,0,0,,0,,,0,0,0,nul,18
30,74116034,Benin,Morocco,4,0,4,4,0,,0,,,0,0,0,dom,18
30,74116035,Equatorial Guinea,Senegal,1,1,2,1,1,,0,,,0,0,0,nul,18
30,74116036,Ivory Coast,Botswana,0,1,1,0,1,,0,,,0,0,0,ext,18
30,74116037,Zambia,Mozambique,0,0,0,0,0,,0,,,0,0,0,nul,18
30,74116038,Tunisia,Zimbabwe,1,1,2,1,1,,0,,,0,0,0,nul,18
30,74116039,Egypt,DR Congo,1,1,2,1,1,,0,,,0,0,0,nul,18
30,74116040,South Africa,Sudan,0,2,2,0,2,,0,,,0,0,0,ext,18
30,74116041,Mali,Uganda,0,0,0,0,0,,0,,,0,0,0,nul,18
30,74116042,Angola,Nigeria,0,0,0,0,0,,0,,,0,0,0,nul,18
30,74116043,Gabon,Comoros,0,0,0,0,0,,0,,,0,0,0,nul,18
34,74124303,Ivory Coast,Uganda,1,2,3,1,2,ext,18
34,74124308,Mali,Mozambique,1,2,3,1,2,ext,18
34,74124310,Tanzania,Sudan,1,0,1,1,0,dom,18
34,74124314,South Africa,Nigeria,1,1,2,1,1,nul,18
40,74124375,Cameroon,Tunisia,0,0,0,0,0,nul,18
40,74124377,Egypt,South Africa,0,5,5,0,5,ext,18
40,74124378,DR Congo,Botswana,2,1,3,2,1,dom,18
40,74124379,Senegal,Nigeria,2,1,3,2,1,dom,18
40,74124385,Benin,Mozambique,1,3,4,1,3,ext,18
41,74116164,Mali,DR Congo,1,1,2,1,1,,0,,,0,0,0,nul,18
41,74116165,Benin,Nigeria,3,0,3,3,0,,0,,,0,0,0,dom,18
41,74116166,Tunisia,Sudan,0,0,0,0,0,,0,,,0,0,0,nul,18
41,74116167,South Africa,Mozambique,0,1,1,0,1,,0,,,0,0,0,ext,18
41,74116168,Algeria,Uganda,0,1,1,0,1,,0,,,0,0,0,ext,18
41,74116169,Egypt,Zimbabwe,1,0,1,1,0,,0,,,0,0,0,dom,18
41,74116170,Ivory Coast,Tanzania,0,0,0,0,0,,0,,,0,0,0,nul,18
41,74116171,Equatorial Guinea,Cameroon,1,1,2,1,1,,0,,,0,0,0,nul,18
41,74116172,Botswana,Gabon,1,0,1,1,0,,0,,,0,0,0,dom,18
41,74116173,Burkina Faso,Morocco,0,0,0,0,0,,0,,,0,0,0,nul,18
41,74116174,Angola,Comoros,0,0,0,0,0,,0,,,0,0,0,nul,18
41,74116175,Zambia,Senegal,0,3,3,0,3,,0,,,0,0,0,ext,18
2,74123919,Mozambique,Zimbabwe,2,1,3,2,1,,0,,,0,0,0,dom,18
2,74123920,Tunisia,Burkina Faso,0,0,0,0,0,,0,,,0,0,0,nul,18
2,74123921,Equatorial Guinea,Comoros,0,0,0,0,0,,0,,,0,0,0,nul,18
2,74123922,Angola,Tanzania,2,0,2,2,0,,0,,,0,0,0,dom,18
2,74123923,Botswana,Ivory Coast,2,1,3,2,1,,0,,,0,0,0,dom,18
2,74123924,Senegal,Cameroon,3,0,3,3,0,,0,,,0,0,0,dom,18
2,74123925,Morocco,South Africa,2,1,3,2,1,,0,,,0,0,0,dom,18
2,74123926,Benin,DR Congo,0,0,0,0,0,,0,,,0,0,0,nul,18
2,74123927,Sudan,Gabon,1,0,1,1,0,,0,,,0,0,0,dom,18
2,74123928,Nigeria,Algeria,2,1,3,2,1,,0,,,0,0,0,dom,18
2,74123929,Uganda,Egypt,4,0,4,4,0,,0,,,0,0,0,dom,18
2,74123930,Zambia,Mali,4,0,4,4,0,,0,,,0,0,0,dom,18
13,74124051,Zambia,Ivory Coast,0,1,1,0,1,,0,,,0,0,0,ext,18
13,74124052,Sudan,DR Congo,0,0,0,0,0,,0,,,0,0,0,nul,18
13,74124053,Nigeria,Tanzania,0,0,0,0,0,,0,,,0,0,0,nul,18
13,74124054,Senegal,Gabon,0,1,1,0,1,,0,,,0,0,0,ext,18
13,74124055,Botswana,South Africa,4,1,5,4,1,,0,,,0,0,0,dom,18
13,74124056,Angola,Burkina Faso,2,0,2,2,0,,0,,,0,0,0,dom,18
13,74124057,Benin,Zimbabwe,1,0,1,1,0,,0,,,0,0,0,dom,18
13,74124058,Mozambique,Egypt,1,2,3,1,2,,0,,,0,0,0,ext,18
13,74124059,Equatorial Guinea,Cameroon,1,1,2,1,1,,0,,,0,0,0,nul,18
13,74124060,Uganda,Algeria,2,1,3,2,1,,0,,,0,0,0,dom,18
13,74124061,Tunisia,Mali,0,0,0,0,0,,0,,,0,0,0,nul,18
13,74124062,Comoros,Morocco,0,1,1,0,1,,0,,,0,0,0,ext,18
14,74124063,Egypt,Nigeria,1,1,2,1,1,,0,,,0,0,0,nul,18
14,74124064,South Africa,Comoros,1,0,1,1,0,,0,,,0,0,0,dom,18
14,74124065,Algeria,Angola,1,1,2,1,1,,0,,,0,0,0,nul,18
14,74124066,Gabon,Benin,1,1,2,1,1,,0,,,0,0,0,nul,18
14,74124067,DR Congo,Mozambique,1,1,2,1,1,,0,,,0,0,0,nul,18
14,74124068,Equatorial Guinea,Senegal,2,1,3,2,1,,0,,,0,0,0,dom,18
14,74124069,Mali,Botswana,0,1,1,0,1,,0,,,0,0,0,ext,18
14,74124070,Zimbabwe,Uganda,0,0,0,0,0,,0,,,0,0,0,nul,18
14,74124071,Cameroon,Sudan,3,1,4,3,1,,0,,,0,0,0,dom,18
14,74124072,Burkina Faso,Zambia,0,0,0,0,0,,0,,,0,0,0,nul,18
14,74124073,Tanzania,Tunisia,0,0,0,0,0,,0,,,0,0,0,nul,18
14,74124074,Ivory Coast,Morocco,0,0,0,0,0,,0,,,0,0,0,nul,18
15,74124075,Botswana,Tanzania,1,0,1,1,0,,0,,,0,0,0,dom,18
15,74124076,Mozambique,Cameroon,1,0,1,1,0,,0,,,0,0,0,dom,18
15,74124077,Zambia,Algeria,0,1,1,0,1,,0,,,0,0,0,ext,18
15,74124078,Sudan,Senegal,2,0,2,2,0,,0,,,0,0,0,dom,18
15,74124079,Tunisia,Egypt,0,1,1,0,1,,0,,,0,0,0,ext,18
15,74124080,Nigeria,DR Congo,0,0,0,0,0,,0,,,0,0,0,nul,18
15,74124081,Morocco,Burkina Faso,0,1,1,0,1,,0,,,0,0,0,ext,18
15,74124082,Benin,Equatorial Guinea,2,0,2,2,0,,0,,,0,0,0,dom,18
15,74124083,South Africa,Mali,3,0,3,3,0,,0,,,0,0,0,dom,18
15,74124084,Angola,Zimbabwe,1,1,2,1,1,,0,,,0,0,0,nul,18
15,74124085,Comoros,Ivory Coast,2,1,3,2,1,,0,,,0,0,0,dom,18
15,74124086,Uganda,Gabon,0,0,0,0,0,,0,,,0,0,0,nul,18
41,74124387,South Africa,DR Congo,1,1,2,1,1,nul,19
41,74124392,Angola,Sudan,1,0,1,1,0,dom,19
41,74124393,Uganda,Mozambique,0,0,0,0,0,nul,19
41,74124395,Ivory Coast,Zimbabwe,1,0,1,1,0,dom,19
41,74124396,Comoros,Tanzania,0,0,0,0,0,nul,19
41,74124397,Burkina Faso,Algeria,0,0,0,0,0,nul,19
41,74124398,Nigeria,Benin,0,3,3,0,3,ext,19
25,74128110,Ivory Coast,Nigeria,2,0,2,2,0,dom,19
25,74128111,Burkina Faso,Zimbabwe,1,0,1,1,0,dom,19
25,74128116,Tunisia,Gabon,3,0,3,3,0,dom,19
25,74128117,Morocco,South Africa,2,0,2,2,0,dom,19
25,74128118,Senegal,Mozambique,2,2,4,2,2,nul,19
26,74128124,South Africa,Tunisia,1,0,1,1,0,dom,19
26,74128125,Mozambique,Comoros,1,2,3,1,2,ext,19
26,74128128,Cameroon,Uganda,0,1,1,0,1,ext,19
26,74128129,Nigeria,Angola,1,0,1,1,0,dom,19
26,74128130,Zambia,Burkina Faso,1,0,1,1,0,dom,19
27,74128132,Tunisia,Equatorial Guinea,4,0,4,4,0,dom,19
27,74128135,Burkina Faso,Egypt,0,2,2,0,2,ext,19
27,74128136,Mali,South Africa,4,0,4,4,0,dom,19
27,74128138,Comoros,Botswana,0,0,0,0,0,nul,19
27,74128139,Senegal,Zimbabwe,3,1,4,3,1,dom,19
27,74128140,Algeria,Benin,3,0,3,3,0,dom,19
27,74128141,Cameroon,Mozambique,1,2,3,1,2,ext,19
27,74128142,Angola,DR Congo,0,2,2,0,2,ext,19
24,74128097,Zambia,Tanzania,2,0,2,2,0,dom,19
24,74128098,Cameroon,Senegal,1,0,1,1,0,dom,19
24,74128101,Equatorial Guinea,Egypt,4,0,4,4,0,dom,19
24,74128102,Botswana,Burkina Faso,0,0,0,0,0,nul,19
24,74128103,Angola,Ivory Coast,1,0,1,1,0,dom,19
24,74128104,Comoros,Uganda,0,0,0,0,0,nul,19
24,74128105,Zimbabwe,Algeria,0,0,0,0,0,nul,19
28,74128148,Algeria,Morocco,0,3,3,0,3,ext,19
28,74128151,Egypt,Sudan,3,0,3,3,0,dom,19
28,74128153,Benin,Burkina Faso,3,0,3,3,0,dom,19
28,74128154,Mozambique,Uganda,3,0,3,3,0,dom,19
29,74128157,Nigeria,Gabon,1,0,1,1,0,dom,19
29,74128162,Sudan,Benin,0,1,1,0,1,ext,19
29,74128163,Ivory Coast,Equatorial Guinea,0,0,0,0,0,nul,19
29,74128166,Mali,Tanzania,3,0,3,3,0,dom,19
30,74128170,Egypt,Comoros,4,0,4,4,0,dom,19
30,74128171,Benin,Senegal,1,1,2,1,1,nul,19
30,74128174,Equatorial Guinea,Angola,1,1,2,1,1,nul,19
30,74128175,Zimbabwe,Mozambique,1,1,2,1,1,nul,19
31,74128180,Senegal,Morocco,1,2,3,1,2,ext,19
31,74128181,DR Congo,South Africa,2,1,3,2,1,dom,19
31,74128182,Mali,Burkina Faso,1,0,1,1,0,dom,19
31,74128183,Mozambique,Zambia,0,1,1,0,1,ext,19
31,74128186,Nigeria,Equatorial Guinea,0,0,0,0,0,nul,19
31,74128187,Uganda,Gabon,6,0,6,6,0,dom,19
31,74128188,Botswana,Zimbabwe,0,0,0,0,0,nul,19
32,74128192,South Africa,Gabon,0,1,1,0,1,ext,20
32,74128193,Tunisia,Senegal,0,0,0,0,0,nul,20
32,74128194,Burkina Faso,Ivory Coast,0,0,0,0,0,nul,20
32,74128198,Morocco,Comoros,4,0,4,4,0,dom,20
32,74128202,Benin,Cameroon,0,3,3,0,3,ext,20
5,74136087,Comoros,Egypt,3,1,4,3,1,dom,20
5,74136088,Senegal,South Africa,4,0,4,4,0,dom,20
5,74136089,Mali,Sudan,1,2,3,1,2,ext,20
5,74136091,Mozambique,Benin,1,1,2,1,1,nul,20
5,74136092,Tanzania,Gabon,0,0,0,0,0,nul,20
5,74136096,DR Congo,Zimbabwe,0,1,1,0,1,ext,20
5,74136097,Cameroon,Nigeria,1,1,2,1,1,nul,20
6,74136107,South Africa,Equatorial Guinea,0,0,0,0,0,nul,20
6,74136110,Gabon,Uganda,0,0,0,0,0,nul,20
14,74136195,Morocco,Burkina Faso,1,1,2,1,1,nul,20
14,74136196,Zimbabwe,Zambia,1,0,1,1,0,dom,20
14,74136197,Ivory Coast,Algeria,1,1,2,1,1,nul,20
14,74136198,Cameroon,South Africa,1,1,2,1,1,nul,20
14,74136199,Angola,Sudan,1,1,2,1,1,nul,20
14,74136205,Gabon,Nigeria,0,0,0,0,0,nul,20
16,74136219,Cameroon,Botswana,0,0,0,0,0,nul,20
16,74136220,Angola,Egypt,1,1,2,1,1,nul,20
16,74136222,Mozambique,Burkina Faso,1,1,2,1,1,nul,20
16,74136225,Tanzania,Zimbabwe,0,0,0,0,0,nul,20
16,74136226,Morocco,Nigeria,1,0,1,1,0,dom,20
16,74136229,Mali,Equatorial Guinea,3,0,3,3,0,dom,20
17,74136236,Egypt,Mozambique,0,2,2,0,2,ext,20
17,74136237,Nigeria,Angola,1,0,1,1,0,dom,20
17,74136238,Burkina Faso,Senegal,0,0,0,0,0,nul,20
17,74136240,Algeria,Tanzania,2,1,3,2,1,dom,20
17,74136241,Zambia,Cameroon,2,0,2,2,0,dom,20
17,74136242,Sudan,Equatorial Guinea,1,0,1,1,0,dom,20
18,74136243,DR Congo,Algeria,1,1,2,1,1,nul,20
18,74136248,Mozambique,Nigeria,2,1,3,2,1,dom,20
18,74136250,Cameroon,Zimbabwe,3,0,3,3,0,dom,20
18,74136252,Equatorial Guinea,Burkina Faso,1,1,2,1,1,nul,20
19,74136259,DR Congo,Morocco,0,0,0,0,0,nul,20
19,74136261,Tanzania,Cameroon,0,0,0,0,0,nul,20
19,74136265,Nigeria,Senegal,0,0,0,0,0,nul,20
19,74136266,Algeria,Uganda,3,0,3,3,0,dom,20
20,74136267,Burkina Faso,Benin,1,1,2,1,1,nul,20
20,74136268,Senegal,Ivory Coast,1,1,2,1,1,nul,20
20,74136269,Cameroon,Uganda,0,2,2,0,2,ext,20
20,74136270,Equatorial Guinea,Nigeria,2,0,2,2,0,dom,20
20,74136272,Sudan,Botswana,0,0,0,0,0,nul,20
20,74136273,Mali,Zambia,2,0,2,2,0,dom,20
20,74136276,South Africa,Egypt,0,0,0,0,0,nul,20
21,74136279,Zimbabwe,Mali,0,1,1,0,1,ext,20
21,74136281,Tanzania,Tunisia,0,0,0,0,0,nul,20
21,74136282,Botswana,Burkina Faso,3,0,3,3,0,dom,20
21,74136288,Nigeria,South Africa,1,0,1,1,0,dom,20
